player_id,player_name,player_market_value,player_kit_number,player_position,player_nationality,player_nat_flag_pic,player_portrait_pic,player_birth_date,team_id,league_id
0,Djordje Petrovic,28000000.0,1.0,Goalkeeper,Serbia,https://tmssl.akamaized.net//images/flagge/verysmall/215.png?lm=1520611569,https://img.a.transfermarkt.technology/portrait/medium/465555-1775574265.jpg?lm=1,1999-10-08,0,0
1,Christos Mandas,10000000.0,29.0,Goalkeeper,Greece,https://tmssl.akamaized.net//images/flagge/verysmall/56.png?lm=1520611569,https://img.a.transfermarkt.technology/portrait/medium/481675-1724268727.jpg?lm=1,2001-09-17,0,0
2,Fraser Forster,600000.0,17.0,Goalkeeper,England,https://tmssl.akamaized.net//images/flagge/verysmall/189.png?lm=1520611569,https://img.a.transfermarkt.technology/portrait/medium/52570-1676412801.jpg?lm=1,1988-03-17,0,0
3,Bafodé Diakité,30000000.0,18.0,Centre-Back,France,https://tmssl.akamaized.net//images/flagge/verysmall/50.png?lm=1520611569,https://img.a.transfermarkt.technology/portrait/medium/463605-1666691072.jpg?lm=1,2001-01-06,0,0
4,Marcos Senesi,22000000.0,5.0,Centre-Back,Argentina,https://tmssl.akamaized.net//images/flagge/verysmall/9.png?lm=1520611569,https://img.a.transfermarkt.technology/portrait/medium/469781-1738824319.jpg?lm=1,1997-05-10,0,0
5,Veljko Milosavljevic,20000000.0,44.0,Centre-Back,Serbia,https://tmssl.akamaized.net//images/flagge/verysmall/215.png?lm=1520611569,https://img.a.transfermarkt.technology/portrait/medium/989112-1756755375.jpg?lm=1,2007-06-28,0,0
6,James Hill,15000000.0,23.0,Centre-Back,England,https://tmssl.akamaized.net//images/flagge/verysmall/189.png?lm=1520611569,https://img.a.transfermarkt.technology/portrait/medium/611793-1774469525.jpg?lm=1,2002-01-10,0,0
7,Matai Akinmboni,1000000.0,45.0,Centre-Back,United States,https://tmssl.akamaized.net//images/flagge/verysmall/184.png?lm=1520611569,https://img.a.transfermarkt.technology/portrait/medium/994604-1709490110.jpg?lm=1,2006-10-17,0,0
8,Adrien Truffert,25000000.0,3.0,Left-Back,France,https://tmssl.akamaized.net//images/flagge/verysmall/50.png?lm=1520611569,https://img.a.transfermarkt.technology/portrait/medium/654539-1754901329.jpg?lm=1,2001-11-20,0,0
9,Julio Soler,8000000.0,6.0,Left-Back,Argentina,https://tmssl.akamaized.net//images/flagge/verysmall/9.png?lm=1520611569,https://img.a.transfermarkt.technology/portrait/medium/1009658-1721934099.png?lm=1,2005-02-16,0,0
10,Álex Jiménez,22000000.0,20.0,Right-Back,Spain,https://tmssl.akamaized.net//images/flagge/verysmall/157.png?lm=1520611569,https://img.a.transfermarkt.technology/portrait/medium/741257-1751532035.jpg?lm=1,2005-05-08,0,0
11,Adam Smith,500000.0,15.0,Right-Back,England,https://tmssl.akamaized.net//images/flagge/verysmall/189.png?lm=1520611569,https://img.a.transfermarkt.technology/portrait/medium/61841-1737920848.jpg?lm=1,1991-04-29,0,0
12,Tyler Adams,25000000.0,12.0,Defensive Midfield,United States,https://tmssl.akamaized.net//images/flagge/verysmall/184.png?lm=1520611569,https://img.a.transfermarkt.technology/portrait/medium/332705-1754244571.jpg?lm=1,1999-02-14,0,0
13,Alex Scott,40000000.0,8.0,Central Midfield,England,https://tmssl.akamaized.net//images/flagge/verysmall/189.png?lm=1520611569,https://img.a.transfermarkt.technology/portrait/medium/855256-1656922605.jpg?lm=1,2003-08-21,0,0
14,Lewis Cook,13000000.0,4.0,Central Midfield,England,https://tmssl.akamaized.net//images/flagge/verysmall/189.png?lm=1520611569,https://img.a.transfermarkt.technology/portrait/medium/249089-1700671190.jpg?lm=1,1997-02-03,0,0
15,Alex Tóth,12000000.0,27.0,Central Midfield,Hungary,https://tmssl.akamaized.net//images/flagge/verysmall/178.png?lm=1521635893,https://img.a.transfermarkt.technology/portrait/medium/998101-1763730106.jpg?lm=1,2005-10-23,0,0
16,Ryan Christie,9000000.0,10.0,Central Midfield,Scotland,https://tmssl.akamaized.net//images/flagge/verysmall/190.png?lm=1520611569,https://img.a.transfermarkt.technology/portrait/medium/188077-1697450633.jpg?lm=1,1995-02-22,0,0
17,Justin Kluivert,30000000.0,19.0,Attacking Midfield,Netherlands,https://tmssl.akamaized.net//images/flagge/verysmall/122.png?lm=1520611569,https://img.a.transfermarkt.technology/portrait/medium/330659-1746645394.jpg?lm=1,1999-05-05,0,0
18,Marcus Tavernier,23000000.0,16.0,Attacking Midfield,England,https://tmssl.akamaized.net//images/flagge/verysmall/189.png?lm=1520611569,https://img.a.transfermarkt.technology/portrait/medium/399434-1700650360.jpg?lm=1,1999-03-22,0,0
19,Amine Adli,20000000.0,21.0,Left Winger,Morocco,https://tmssl.akamaized.net//images/flagge/verysmall/107.png?lm=1520611569,https://img.a.transfermarkt.technology/portrait/medium/532776-1689710574.jpg?lm=1,2000-05-10,0,0
20,Rayan,40000000.0,37.0,Right Winger,Brazil,https://tmssl.akamaized.net//images/flagge/verysmall/26.png?lm=1520611569,https://img.a.transfermarkt.technology/portrait/medium/1012564-1729116592.jpg?lm=1,2006-08-03,0,0
21,Ben Gannon-Doak,16000000.0,11.0,Right Winger,Scotland,https://tmssl.akamaized.net//images/flagge/verysmall/190.png?lm=1520611569,https://img.a.transfermarkt.technology/portrait/medium/719673-1692090710.jpg?lm=1,2005-11-11,0,0
22,David Brooks,14000000.0,7.0,Right Winger,Wales,https://tmssl.akamaized.net//images/flagge/verysmall/191.png?lm=1520611569,https://img.a.transfermarkt.technology/portrait/medium/277033-1700650102.jpg?lm=1,1997-07-08,0,0
23,Junior Kroupi,40000000.0,22.0,Centre-Forward,France,https://tmssl.akamaized.net//images/flagge/verysmall/50.png?lm=1520611569,https://img.a.transfermarkt.technology/portrait/medium/955357-1727784350.jpg?lm=1,2006-06-23,0,0
24,Evanilson,35000000.0,9.0,Centre-Forward,Brazil,https://tmssl.akamaized.net//images/flagge/verysmall/26.png?lm=1520611569,https://img.a.transfermarkt.technology/portrait/medium/711337-1737452098.jpg?lm=1,1999-10-06,0,0
25,Enes Ünal,8000000.0,26.0,Centre-Forward,Türkiye,https://tmssl.akamaized.net//images/flagge/verysmall/174.png?lm=1520611569,https://img.a.transfermarkt.technology/portrait/medium/251106-1669365680.jpg?lm=1,1997-05-10,0,0
26,David Raya,35000000.0,1.0,Goalkeeper,Spain,https://tmssl.akamaized.net//images/flagge/verysmall/157.png?lm=1520611569,https://img.a.transfermarkt.technology/portrait/medium/262749-1668168018.jpg?lm=1,1995-09-15,1,0
27,Kepa Arrizabalaga,7000000.0,13.0,Goalkeeper,Spain,https://tmssl.akamaized.net//images/flagge/verysmall/157.png?lm=1520611569,https://img.a.transfermarkt.technology/portrait/medium/192279-1661855851.jpg?lm=1,1994-10-03,1,0
28,Tommy Setford,50000.0,35.0,Goalkeeper,England,https://tmssl.akamaized.net//images/flagge/verysmall/189.png?lm=1520611569,https://img.a.transfermarkt.technology/portrait/medium/848753-1743155873.jpg?lm=1,2006-03-13,1,0
29,William Saliba,90000000.0,2.0,Centre-Back,France,https://tmssl.akamaized.net//images/flagge/verysmall/50.png?lm=1520611569,https://img.a.transfermarkt.technology/portrait/medium/495666-1718697201.jpg?lm=1,2001-03-24,1,0
30,Gabriel,75000000.0,6.0,Centre-Back,Brazil,https://tmssl.akamaized.net//images/flagge/verysmall/26.png?lm=1520611569,https://img.a.transfermarkt.technology/portrait/medium/435338-1684162833.jpg?lm=1,1997-12-19,1,0
31,Piero Hincapié,50000000.0,5.0,Centre-Back,Ecuador,https://tmssl.akamaized.net//images/flagge/verysmall/44.png?lm=1520611569,https://img.a.transfermarkt.technology/portrait/medium/659813-1727377918.jpg?lm=1,2002-01-09,1,0
32,Cristhian Mosquera,35000000.0,3.0,Centre-Back,Spain,https://tmssl.akamaized.net//images/flagge/verysmall/157.png?lm=1520611569,https://img.a.transfermarkt.technology/portrait/medium/646750-1749739359.jpg?lm=1,2004-06-27,1,0
33,Riccardo Calafiori,50000000.0,33.0,Left-Back,Italy,https://tmssl.akamaized.net//images/flagge/verysmall/75.png?lm=1520611569,https://img.a.transfermarkt.technology/portrait/medium/502821-1727382174.jpg?lm=1,2002-05-19,1,0
34,Myles Lewis-Skelly,35000000.0,49.0,Left-Back,England,https://tmssl.akamaized.net//images/flagge/verysmall/189.png?lm=1520611569,https://img.a.transfermarkt.technology/portrait/medium/890721-1758053582.jpg?lm=1,2006-09-26,1,0
35,Jurriën Timber,70000000.0,12.0,Right-Back,Netherlands,https://tmssl.akamaized.net//images/flagge/verysmall/122.png?lm=1520611569,https://img.a.transfermarkt.technology/portrait/medium/420243-1702413077.jpg?lm=1,2001-06-17,1,0
36,Ben White,30000000.0,4.0,Right-Back,England,https://tmssl.akamaized.net//images/flagge/verysmall/189.png?lm=1520611569,https://img.a.transfermarkt.technology/portrait/medium/335721-1683275943.jpg?lm=1,1997-10-08,1,0
37,Martín Zubimendi,80000000.0,36.0,Defensive Midfield,Spain,https://tmssl.akamaized.net//images/flagge/verysmall/157.png?lm=1520611569,https://img.a.transfermarkt.technology/portrait/medium/423440-1684149419.jpg?lm=1,1999-02-02,1,0
38,Christian Nørgaard,7000000.0,16.0,Defensive Midfield,Denmark,https://tmssl.akamaized.net//images/flagge/verysmall/39.png?lm=1520611569,https://img.a.transfermarkt.technology/portrait/medium/148367-1699799827.jpg?lm=1,1994-03-10,1,0
39,Declan Rice,120000000.0,41.0,Central Midfield,England,https://tmssl.akamaized.net//images/flagge/verysmall/189.png?lm=1520611569,https://img.a.transfermarkt.technology/portrait/medium/357662-1687962936.jpg?lm=1,1999-01-14,1,0
40,Mikel Merino,30000000.0,23.0,Central Midfield,Spain,https://tmssl.akamaized.net//images/flagge/verysmall/157.png?lm=1520611569,https://img.a.transfermarkt.technology/portrait/medium/338424-1716803831.jpg?lm=1,1996-06-22,1,0
41,Martin Ødegaard,65000000.0,8.0,Attacking Midfield,Norway,https://tmssl.akamaized.net//images/flagge/verysmall/125.png?lm=1520611569,https://img.a.transfermarkt.technology/portrait/medium/316264-1678877651.jpg?lm=1,1998-12-17,1,0
42,Eberechi Eze,60000000.0,10.0,Attacking Midfield,England,https://tmssl.akamaized.net//images/flagge/verysmall/189.png?lm=1520611569,https://img.a.transfermarkt.technology/portrait/medium/479999-1761083931.jpg?lm=1,1998-06-29,1,0
43,Gabriel Martinelli,45000000.0,11.0,Left Winger,Brazil,https://tmssl.akamaized.net//images/flagge/verysmall/26.png?lm=1520611569,https://img.a.transfermarkt.technology/portrait/medium/655488-1682689091.jpg?lm=1,2001-06-18,1,0
44,Leandro Trossard,20000000.0,19.0,Left Winger,Belgium,https://tmssl.akamaized.net//images/flagge/verysmall/19.png?lm=1520611569,https://img.a.transfermarkt.technology/portrait/medium/144028-1702412939.jpg?lm=1,1994-12-04,1,0
45,Bukayo Saka,120000000.0,7.0,Right Winger,England,https://tmssl.akamaized.net//images/flagge/verysmall/189.png?lm=1520611569,https://img.a.transfermarkt.technology/portrait/medium/433177-1684155052.jpg?lm=1,2001-09-05,1,0
46,Noni Madueke,50000000.0,20.0,Right Winger,England,https://tmssl.akamaized.net//images/flagge/verysmall/189.png?lm=1520611569,https://img.a.transfermarkt.technology/portrait/medium/503987-1683102348.jpg?lm=1,2002-03-10,1,0
47,Max Dowman,20000000.0,56.0,Right Winger,England,https://tmssl.akamaized.net//images/flagge/verysmall/189.png?lm=1520611569,https://img.a.transfermarkt.technology/portrait/medium/1187629-1773914587.jpg?lm=1,2009-12-31,1,0
48,Viktor Gyökeres,65000000.0,14.0,Centre-Forward,Sweden,https://tmssl.akamaized.net//images/flagge/verysmall/147.png?lm=1520611569,https://img.a.transfermarkt.technology/portrait/medium/325443-1737581896.jpg?lm=1,1998-06-04,1,0
49,Kai Havertz,50000000.0,29.0,Centre-Forward,Germany,https://tmssl.akamaized.net//images/flagge/verysmall/40.png?lm=1520612525,https://img.a.transfermarkt.technology/portrait/medium/309400-1683903902.jpg?lm=1,1999-06-11,1,0
50,Gabriel Jesus,20000000.0,9.0,Centre-Forward,Brazil,https://tmssl.akamaized.net//images/flagge/verysmall/26.png?lm=1520611569,https://img.a.transfermarkt.technology/portrait/medium/363205-1669711141.jpg?lm=1,1997-04-03,1,0
51,Emiliano Martínez,15000000.0,23.0,Goalkeeper,Argentina,https://tmssl.akamaized.net//images/flagge/verysmall/9.png?lm=1520611569,https://img.a.transfermarkt.technology/portrait/medium/111873-1668180824.jpg?lm=1,1992-09-02,2,0
52,Marco Bizot,2500000.0,40.0,Goalkeeper,Netherlands,https://tmssl.akamaized.net//images/flagge/verysmall/122.png?lm=1520611569,https://img.a.transfermarkt.technology/portrait/medium/124884-1707302509.jpg?lm=1,1991-03-10,2,0
53,Ezri Konsa,40000000.0,4.0,Centre-Back,England,https://tmssl.akamaized.net//images/flagge/verysmall/189.png?lm=1520611569,https://img.a.transfermarkt.technology/portrait/medium/413403-1700651779.jpg?lm=1,1997-10-23,2,0
54,Pau Torres,22000000.0,14.0,Centre-Back,Spain,https://tmssl.akamaized.net//images/flagge/verysmall/157.png?lm=1520611569,https://img.a.transfermarkt.technology/portrait/medium/399776-1765899002.jpg?lm=1,1997-01-16,2,0
55,Victor Lindelöf,6000000.0,3.0,Centre-Back,Sweden,https://tmssl.akamaized.net//images/flagge/verysmall/147.png?lm=1520611569,https://img.a.transfermarkt.technology/portrait/medium/184573-1695244778.jpg?lm=1,1994-07-17,2,0
56,Tyrone Mings,4000000.0,5.0,Centre-Back,England,https://tmssl.akamaized.net//images/flagge/verysmall/189.png?lm=1520611569,https://img.a.transfermarkt.technology/portrait/medium/253677-1746644991.jpg?lm=1,1993-03-13,2,0
57,Ian Maatsen,30000000.0,22.0,Left-Back,Netherlands,https://tmssl.akamaized.net//images/flagge/verysmall/122.png?lm=1520611569,https://img.a.transfermarkt.technology/portrait/medium/485585-1704795222.jpg?lm=1,2002-03-10,2,0
58,Lucas Digne,8000000.0,12.0,Left-Back,France,https://tmssl.akamaized.net//images/flagge/verysmall/50.png?lm=1520611569,https://img.a.transfermarkt.technology/portrait/medium/126664-1736160616.jpg?lm=1,1993-07-20,2,0
59,Matty Cash,22000000.0,2.0,Right-Back,Poland,https://tmssl.akamaized.net//images/flagge/verysmall/135.png?lm=1520611569,https://img.a.transfermarkt.technology/portrait/medium/425334-1668091733.jpg?lm=1,1997-08-07,2,0
60,Andrés García,7000000.0,16.0,Right-Back,Spain,https://tmssl.akamaized.net//images/flagge/verysmall/157.png?lm=1520611569,https://img.a.transfermarkt.technology/portrait/medium/1063329-1698880585.jpg?lm=1,2003-02-07,2,0
61,Amadou Onana,45000000.0,24.0,Defensive Midfield,Belgium,https://tmssl.akamaized.net//images/flagge/verysmall/19.png?lm=1520611569,https://img.a.transfermarkt.technology/portrait/medium/485706-1718697649.jpg?lm=1,2001-08-16,2,0
62,Boubacar Kamara,40000000.0,44.0,Defensive Midfield,France,https://tmssl.akamaized.net//images/flagge/verysmall/50.png?lm=1520611569,https://img.a.transfermarkt.technology/portrait/medium/394327-1736160460.jpg?lm=1,1999-11-23,2,0
63,Lamare Bogarde,15000000.0,26.0,Defensive Midfield,Netherlands,https://tmssl.akamaized.net//images/flagge/verysmall/122.png?lm=1520611569,https://img.a.transfermarkt.technology/portrait/medium/645686-1724484880.jpg?lm=1,2004-01-05,2,0
64,Youri Tielemans,35000000.0,8.0,Central Midfield,Belgium,https://tmssl.akamaized.net//images/flagge/verysmall/19.png?lm=1520611569,https://img.a.transfermarkt.technology/portrait/medium/249565-1716886438.jpg?lm=1,1997-05-07,2,0
65,Douglas Luiz,20000000.0,21.0,Central Midfield,Brazil,https://tmssl.akamaized.net//images/flagge/verysmall/26.png?lm=1520611569,https://img.a.transfermarkt.technology/portrait/medium/447661-1696598670.jpg?lm=1,1998-05-09,2,0
66,John McGinn,15000000.0,7.0,Central Midfield,Scotland,https://tmssl.akamaized.net//images/flagge/verysmall/190.png?lm=1520611569,https://img.a.transfermarkt.technology/portrait/medium/193116-1689172405.jpg?lm=1,1994-10-18,2,0
67,Ross Barkley,5000000.0,6.0,Central Midfield,England,https://tmssl.akamaized.net//images/flagge/verysmall/189.png?lm=1520611569,https://img.a.transfermarkt.technology/portrait/medium/131978-1662368517.jpg?lm=1,1993-12-05,2,0
68,Morgan Rogers,80000000.0,27.0,Attacking Midfield,England,https://tmssl.akamaized.net//images/flagge/verysmall/189.png?lm=1520611569,https://img.a.transfermarkt.technology/portrait/medium/503743-1706786450.jpg?lm=1,2002-07-26,2,0
69,Harvey Elliott,22000000.0,9.0,Attacking Midfield,England,https://tmssl.akamaized.net//images/flagge/verysmall/189.png?lm=1520611569,https://img.a.transfermarkt.technology/portrait/medium/565822-1665128076.jpg?lm=1,2003-04-04,2,0
70,Emiliano Buendía,18000000.0,10.0,Attacking Midfield,Argentina,https://tmssl.akamaized.net//images/flagge/verysmall/9.png?lm=1520611569,https://img.a.transfermarkt.technology/portrait/medium/321247-1696604099.jpg?lm=1,1996-12-25,2,0
71,Jadon Sancho,20000000.0,19.0,Left Winger,England,https://tmssl.akamaized.net//images/flagge/verysmall/189.png?lm=1520611569,https://img.a.transfermarkt.technology/portrait/medium/401173-1688564217.jpg?lm=1,2000-03-25,2,0
72,Leon Bailey,16000000.0,31.0,Right Winger,Jamaica,https://tmssl.akamaized.net//images/flagge/verysmall/76.png?lm=1520611569,https://img.a.transfermarkt.technology/portrait/medium/387626-1767803367.jpg?lm=1,1997-08-09,2,0
73,Alysson,10000000.0,47.0,Right Winger,Brazil,https://tmssl.akamaized.net//images/flagge/verysmall/26.png?lm=1520611569,https://img.a.transfermarkt.technology/portrait/medium/1005583-1756473897.png?lm=1,2006-05-05,2,0
74,Ollie Watkins,30000000.0,11.0,Centre-Forward,England,https://tmssl.akamaized.net//images/flagge/verysmall/189.png?lm=1520611569,https://img.a.transfermarkt.technology/portrait/medium/324358-1708341279.jpg?lm=1,1995-12-30,2,0
75,Tammy Abraham,20000000.0,18.0,Centre-Forward,England,https://tmssl.akamaized.net//images/flagge/verysmall/189.png?lm=1520611569,https://img.a.transfermarkt.technology/portrait/medium/331726-1761563884.jpg?lm=1,1997-10-02,2,0
76,Caoimhín Kelleher,25000000.0,1.0,Goalkeeper,Ireland,https://tmssl.akamaized.net//images/flagge/verysmall/72.png?lm=1520611569,https://img.a.transfermarkt.technology/portrait/medium/340918-1708933663.jpg?lm=1,1998-11-23,3,0
77,Hákon Valdimarsson,2500000.0,12.0,Goalkeeper,Iceland,https://tmssl.akamaized.net//images/flagge/verysmall/73.png?lm=1520611569,https://img.a.transfermarkt.technology/portrait/medium/488935-1689319830.jpg?lm=1,2001-10-13,3,0
78,Ellery Balcombe,400000.0,31.0,Goalkeeper,England,https://tmssl.akamaized.net//images/flagge/verysmall/189.png?lm=1520611569,https://img.a.transfermarkt.technology/portrait/medium/456292-1659706694.jpg?lm=1,1999-10-15,3,0
79,Julian Eyestone,50000.0,41.0,Goalkeeper,United States,https://tmssl.akamaized.net//images/flagge/verysmall/184.png?lm=1520611569,https://img.a.transfermarkt.technology/portrait/medium/1008553-1721505368.jpg?lm=1,2006-04-21,3,0
80,Sepp van den Berg,32000000.0,4.0,Centre-Back,Netherlands,https://tmssl.akamaized.net//images/flagge/verysmall/122.png?lm=1520611569,https://img.a.transfermarkt.technology/portrait/medium/541231-1692000386.jpg?lm=1,2001-12-20,3,0
81,Nathan Collins,30000000.0,22.0,Centre-Back,Ireland,https://tmssl.akamaized.net//images/flagge/verysmall/72.png?lm=1520611569,https://img.a.transfermarkt.technology/portrait/medium/469050-1688381729.jpg?lm=1,2001-04-30,3,0
82,Kristoffer Ajer,18000000.0,20.0,Centre-Back,Norway,https://tmssl.akamaized.net//images/flagge/verysmall/125.png?lm=1520611569,https://img.a.transfermarkt.technology/portrait/medium/328658-1700649482.jpg?lm=1,1998-04-17,3,0
83,Ethan Pinnock,4000000.0,5.0,Centre-Back,Jamaica,https://tmssl.akamaized.net//images/flagge/verysmall/76.png?lm=1520611569,https://img.a.transfermarkt.technology/portrait/medium/442248-1719836196.jpg?lm=1,1993-05-29,3,0
84,Rico Henry,15000000.0,3.0,Left-Back,Jamaica,https://tmssl.akamaized.net//images/flagge/verysmall/76.png?lm=1520611569,https://img.a.transfermarkt.technology/portrait/medium/339556-1684771012.jpg?lm=1,1997-07-08,3,0
85,Michael Kayode,35000000.0,33.0,Right-Back,Italy,https://tmssl.akamaized.net//images/flagge/verysmall/75.png?lm=1520611569,https://img.a.transfermarkt.technology/portrait/medium/823486-1725531169.jpg?lm=1,2004-07-10,3,0
86,Aaron Hickey,16000000.0,2.0,Right-Back,Scotland,https://tmssl.akamaized.net//images/flagge/verysmall/190.png?lm=1520611569,https://img.a.transfermarkt.technology/portrait/medium/591949-1684772165.jpg?lm=1,2002-06-10,3,0
87,Vitaly Janelt,18000000.0,27.0,Defensive Midfield,Germany,https://tmssl.akamaized.net//images/flagge/verysmall/40.png?lm=1520612525,https://img.a.transfermarkt.technology/portrait/medium/270171-1649932358.jpg?lm=1,1998-05-10,3,0
88,Jordan Henderson,2000000.0,6.0,Defensive Midfield,England,https://tmssl.akamaized.net//images/flagge/verysmall/189.png?lm=1520611569,https://img.a.transfermarkt.technology/portrait/medium/61651-1662621084.jpg?lm=1,1990-06-17,3,0
89,Yegor Yarmolyuk,30000000.0,18.0,Central Midfield,Ukraine,https://tmssl.akamaized.net//images/flagge/verysmall/177.png?lm=1520611569,https://img.a.transfermarkt.technology/portrait/medium/717411-1740606151.jpg?lm=1,2004-03-01,3,0
90,Mathias Jensen,12000000.0,8.0,Central Midfield,Denmark,https://tmssl.akamaized.net//images/flagge/verysmall/39.png?lm=1520611569,https://img.a.transfermarkt.technology/portrait/medium/319859-1684771732.jpg?lm=1,1996-01-01,3,0
91,Josh Dasilva,2000000.0,10.0,Central Midfield,England,https://tmssl.akamaized.net//images/flagge/verysmall/189.png?lm=1520611569,https://img.a.transfermarkt.technology/portrait/medium/340321-1769112312.jpg?lm=1,1998-10-23,3,0
92,Keane Lewis-Potter,25000000.0,23.0,Left Midfield,England,https://tmssl.akamaized.net//images/flagge/verysmall/189.png?lm=1520611569,https://img.a.transfermarkt.technology/portrait/medium/644401-1767003558.jpg?lm=1,2001-02-22,3,0
93,Mikkel Damsgaard,30000000.0,24.0,Attacking Midfield,Denmark,https://tmssl.akamaized.net//images/flagge/verysmall/39.png?lm=1520611569,https://img.a.transfermarkt.technology/portrait/medium/540941-1668183899.jpg?lm=1,2000-07-03,3,0
94,Antoni Milambo,20000000.0,17.0,Attacking Midfield,Netherlands,https://tmssl.akamaized.net//images/flagge/verysmall/122.png?lm=1520611569,https://img.a.transfermarkt.technology/portrait/medium/683620-1691146656.jpg?lm=1,2005-04-03,3,0
95,Fábio Carvalho,10000000.0,14.0,Attacking Midfield,Portugal,https://tmssl.akamaized.net//images/flagge/verysmall/136.png?lm=1520611569,https://img.a.transfermarkt.technology/portrait/medium/559263-1687517452.jpg?lm=1,2002-08-30,3,0
96,Kevin Schade,35000000.0,7.0,Left Winger,Germany,https://tmssl.akamaized.net//images/flagge/verysmall/40.png?lm=1520612525,https://img.a.transfermarkt.technology/portrait/medium/473050-1700560328.jpg?lm=1,2001-11-27,3,0
97,Reiss Nelson,12000000.0,11.0,Left Winger,England,https://tmssl.akamaized.net//images/flagge/verysmall/189.png?lm=1520611569,https://img.a.transfermarkt.technology/portrait/medium/340325-1667418642.jpg?lm=1,1999-12-10,3,0
98,Dango Ouattara,35000000.0,19.0,Right Winger,Burkina Faso,https://tmssl.akamaized.net//images/flagge/verysmall/29.png?lm=1520611569,https://img.a.transfermarkt.technology/portrait/medium/823231-1737452292.jpg?lm=1,2002-02-11,3,0
99,Romelle Donovan,3500000.0,45.0,Right Winger,England,https://tmssl.akamaized.net//images/flagge/verysmall/189.png?lm=1520611569,https://img.a.transfermarkt.technology/portrait/medium/1091562-1754902556.jpg?lm=1,2006-11-30,3,0
100,Igor Thiago,50000000.0,9.0,Centre-Forward,Brazil,https://tmssl.akamaized.net//images/flagge/verysmall/26.png?lm=1520611569,https://img.a.transfermarkt.technology/portrait/medium/739443-1770372295.jpg?lm=1,2001-06-26,3,0
101,Kaye Furo,8000000.0,47.0,Centre-Forward,Belgium,https://tmssl.akamaized.net//images/flagge/verysmall/19.png?lm=1520611569,https://img.a.transfermarkt.technology/portrait/medium/1011936-1754510728.jpg?lm=1,2007-02-06,3,0
102,Bart Verbruggen,40000000.0,1.0,Goalkeeper,Netherlands,https://tmssl.akamaized.net//images/flagge/verysmall/122.png?lm=1520611569,https://img.a.transfermarkt.technology/portrait/medium/565093-1716990260.jpg?lm=1,2002-08-18,4,0
103,Jason Steele,750000.0,23.0,Goalkeeper,England,https://tmssl.akamaized.net//images/flagge/verysmall/189.png?lm=1520611569,https://img.a.transfermarkt.technology/portrait/medium/73564-1681383960.jpg?lm=1,1990-08-18,4,0
104,Tom McGill,500000.0,38.0,Goalkeeper,Canada,https://tmssl.akamaized.net//images/flagge/verysmall/80.png?lm=1520611569,https://img.a.transfermarkt.technology/portrait/medium/406556-1718472851.jpg?lm=1,2000-03-25,4,0
105,Jan Paul van Hecke,35000000.0,6.0,Centre-Back,Netherlands,https://tmssl.akamaized.net//images/flagge/verysmall/122.png?lm=1520611569,https://img.a.transfermarkt.technology/portrait/medium/576314-1742501220.jpg?lm=1,2000-06-08,4,0
106,Olivier Boscagli,15000000.0,21.0,Centre-Back,France,https://tmssl.akamaized.net//images/flagge/verysmall/50.png?lm=1520611569,https://img.a.transfermarkt.technology/portrait/medium/318508-1763637922.jpg?lm=1,1997-11-18,4,0
107,Igor Julio,12000000.0,3.0,Centre-Back,Brazil,https://tmssl.akamaized.net//images/flagge/verysmall/26.png?lm=1520611569,https://img.a.transfermarkt.technology/portrait/medium/380350-1700737326.jpg?lm=1,1998-02-07,4,0
108,Adam Webster,5000000.0,4.0,Centre-Back,England,https://tmssl.akamaized.net//images/flagge/verysmall/189.png?lm=1520611569,https://img.a.transfermarkt.technology/portrait/medium/212847-1681737411.jpg?lm=1,1995-01-04,4,0
109,Lewis Dunk,4000000.0,5.0,Centre-Back,England,https://tmssl.akamaized.net//images/flagge/verysmall/189.png?lm=1520611569,https://img.a.transfermarkt.technology/portrait/medium/148153-1716297176.jpg?lm=1,1991-11-21,4,0
110,Ferdi Kadıoğlu,30000000.0,24.0,Left-Back,Türkiye,https://tmssl.akamaized.net//images/flagge/verysmall/174.png?lm=1520611569,https://img.a.transfermarkt.technology/portrait/medium/369316-1724792538.jpg?lm=1,1999-10-07,4,0
111,Maxim De Cuyper,22000000.0,29.0,Left-Back,Belgium,https://tmssl.akamaized.net//images/flagge/verysmall/19.png?lm=1520611569,https://img.a.transfermarkt.technology/portrait/medium/429915-1733899691.jpg?lm=1,2000-12-22,4,0
112,Mats Wieffer,25000000.0,27.0,Right-Back,Netherlands,https://tmssl.akamaized.net//images/flagge/verysmall/122.png?lm=1520611569,https://img.a.transfermarkt.technology/portrait/medium/415381-1673869834.jpg?lm=1,1999-11-16,4,0
113,Joël Veltman,2500000.0,34.0,Right-Back,Netherlands,https://tmssl.akamaized.net//images/flagge/verysmall/122.png?lm=1520611569,https://img.a.transfermarkt.technology/portrait/medium/111195-1700650522.jpg?lm=1,1992-01-15,4,0
114,Carlos Baleba,55000000.0,17.0,Defensive Midfield,Cameroon,https://tmssl.akamaized.net//images/flagge/verysmall/31.png?lm=1520611569,https://img.a.transfermarkt.technology/portrait/medium/973085-1666690662.jpg?lm=1,2004-01-03,4,0
115,Jack Hinshelwood,22000000.0,13.0,Defensive Midfield,England,https://tmssl.akamaized.net//images/flagge/verysmall/189.png?lm=1520611569,https://img.a.transfermarkt.technology/portrait/medium/867688-1698353957.jpg?lm=1,2005-04-11,4,0
116,Yasin Ayari,30000000.0,26.0,Central Midfield,Sweden,https://tmssl.akamaized.net//images/flagge/verysmall/147.png?lm=1520611569,https://img.a.transfermarkt.technology/portrait/medium/667287-1746438362.jpg?lm=1,2003-10-06,4,0
117,Diego Gómez,25000000.0,25.0,Central Midfield,Paraguay,https://tmssl.akamaized.net//images/flagge/verysmall/132.png?lm=1520611569,https://img.a.transfermarkt.technology/portrait/medium/996897-1710077684.jpg?lm=1,2003-03-27,4,0
118,Matt O'Riley,20000000.0,33.0,Central Midfield,Denmark,https://tmssl.akamaized.net//images/flagge/verysmall/39.png?lm=1520611569,https://img.a.transfermarkt.technology/portrait/medium/406634-1661800636.jpg?lm=1,2000-11-21,4,0
119,Pascal Groß,3500000.0,30.0,Central Midfield,Germany,https://tmssl.akamaized.net//images/flagge/verysmall/40.png?lm=1520612525,https://img.a.transfermarkt.technology/portrait/medium/82873-1746195832.jpg?lm=1,1991-06-15,4,0
120,James Milner,750000.0,20.0,Central Midfield,England,https://tmssl.akamaized.net//images/flagge/verysmall/189.png?lm=1520611569,https://img.a.transfermarkt.technology/portrait/medium/3333-1662621121.jpg?lm=1,1986-01-04,4,0
121,Kaoru Mitoma,25000000.0,22.0,Left Winger,Japan,https://tmssl.akamaized.net//images/flagge/verysmall/77.png?lm=1520611569,https://img.a.transfermarkt.technology/portrait/medium/504849-1731683095.jpg?lm=1,1997-05-20,4,0
122,Yankuba Minteh,40000000.0,11.0,Right Winger,The Gambia,https://tmssl.akamaized.net//images/flagge/verysmall/52.png?lm=1520611569,https://img.a.transfermarkt.technology/portrait/medium/1012534-1694774813.jpg?lm=1,2004-07-22,4,0
123,Solly March,2000000.0,7.0,Right Winger,England,https://tmssl.akamaized.net//images/flagge/verysmall/189.png?lm=1520611569,https://img.a.transfermarkt.technology/portrait/medium/209212-1682348330.jpeg?lm=1,1994-07-20,4,0
124,Georginio Rutter,30000000.0,10.0,Centre-Forward,France,https://tmssl.akamaized.net//images/flagge/verysmall/50.png?lm=1520611569,https://img.a.transfermarkt.technology/portrait/medium/538977-1727785742.jpg?lm=1,2002-04-20,4,0
125,Charalampos Kostoulas,25000000.0,19.0,Centre-Forward,Greece,https://tmssl.akamaized.net//images/flagge/verysmall/56.png?lm=1520611569,https://img.a.transfermarkt.technology/portrait/medium/1060087-1750779518.jpg?lm=1,2007-05-30,4,0
126,Stefanos Tzimas,20000000.0,9.0,Centre-Forward,Greece,https://tmssl.akamaized.net//images/flagge/verysmall/56.png?lm=1520611569,https://img.a.transfermarkt.technology/portrait/medium/950091-1722955946.jpg?lm=1,2006-01-06,4,0
127,Danny Welbeck,4000000.0,18.0,Centre-Forward,England,https://tmssl.akamaized.net//images/flagge/verysmall/189.png?lm=1520611569,https://img.a.transfermarkt.technology/portrait/medium/67063-1746437656.jpg?lm=1,1990-11-26,4,0
128,Max Weiß,4000000.0,13.0,Goalkeeper,Germany,https://tmssl.akamaized.net//images/flagge/verysmall/40.png?lm=1520612525,https://img.a.transfermarkt.technology/portrait/medium/829299-1721465999.jpg?lm=1,2004-06-15,5,0
129,Martin Dúbravka,750000.0,1.0,Goalkeeper,Slovakia,https://tmssl.akamaized.net//images/flagge/verysmall/154.png?lm=1520611569,https://img.a.transfermarkt.technology/portrait/medium/74960-1700237195.jpg?lm=1,1989-01-15,5,0
130,Václav Hladký,200000.0,32.0,Goalkeeper,Czech Republic,https://tmssl.akamaized.net//images/flagge/verysmall/172.png?lm=1520611569,https://img.a.transfermarkt.technology/portrait/medium/95795-1774469384.jpg?lm=1,1990-11-14,5,0
131,Maxime Estève,25000000.0,5.0,Centre-Back,France,https://tmssl.akamaized.net//images/flagge/verysmall/50.png?lm=1520611569,https://img.a.transfermarkt.technology/portrait/medium/842341-1767956558.jpg?lm=1,2002-05-26,5,0
132,Bashir Humphreys,15000000.0,12.0,Centre-Back,England,https://tmssl.akamaized.net//images/flagge/verysmall/189.png?lm=1520611569,https://img.a.transfermarkt.technology/portrait/medium/612517-1687952102.jpg?lm=1,2003-03-15,5,0
133,Hjalmar Ekdal,6000000.0,18.0,Centre-Back,Sweden,https://tmssl.akamaized.net//images/flagge/verysmall/147.png?lm=1520611569,https://img.a.transfermarkt.technology/portrait/medium/392179-1685717602.jpg?lm=1,1998-10-21,5,0
134,Axel Tuanzebe,5000000.0,6.0,Centre-Back,DR Congo,https://tmssl.akamaized.net//images/flagge/verysmall/193.png?lm=1520611569,https://img.a.transfermarkt.technology/portrait/medium/342046-1774470130.jpg?lm=1,1997-11-14,5,0
135,Joe Worrall,3000000.0,4.0,Centre-Back,England,https://tmssl.akamaized.net//images/flagge/verysmall/189.png?lm=1520611569,https://img.a.transfermarkt.technology/portrait/medium/415970-1712666411.png?lm=1,1997-01-10,5,0
136,Jordan Beyer,2500000.0,36.0,Centre-Back,Germany,https://tmssl.akamaized.net//images/flagge/verysmall/40.png?lm=1520612525,https://img.a.transfermarkt.technology/portrait/medium/403898-1685706514.jpg?lm=1,2000-05-19,5,0
137,Quilindschy Hartman,18000000.0,3.0,Left-Back,Netherlands,https://tmssl.akamaized.net//images/flagge/verysmall/122.png?lm=1520611569,https://img.a.transfermarkt.technology/portrait/medium/514285-1723820103.jpg?lm=1,2001-11-14,5,0
138,Lucas Pires,5000000.0,23.0,Left-Back,Brazil,https://tmssl.akamaized.net//images/flagge/verysmall/26.png?lm=1520611569,https://img.a.transfermarkt.technology/portrait/medium/927768-1755039119.jpg?lm=1,2001-03-24,5,0
139,Kyle Walker,2500000.0,2.0,Right-Back,England,https://tmssl.akamaized.net//images/flagge/verysmall/189.png?lm=1520611569,https://img.a.transfermarkt.technology/portrait/medium/95424-1668090663.jpg?lm=1,1990-05-28,5,0
140,Connor Roberts,2500000.0,14.0,Right-Back,Wales,https://tmssl.akamaized.net//images/flagge/verysmall/191.png?lm=1520611569,https://img.a.transfermarkt.technology/portrait/medium/214666-1668520245.jpg?lm=1,1995-09-23,5,0
141,Lesley Ugochukwu,25000000.0,8.0,Defensive Midfield,France,https://tmssl.akamaized.net//images/flagge/verysmall/50.png?lm=1520611569,https://img.a.transfermarkt.technology/portrait/medium/711999-1666698684.jpg?lm=1,2004-03-26,5,0
142,Florentino,20000000.0,16.0,Defensive Midfield,Portugal,https://tmssl.akamaized.net//images/flagge/verysmall/136.png?lm=1520611569,https://img.a.transfermarkt.technology/portrait/medium/357162-1701295561.jpg?lm=1,1999-08-19,5,0
143,James Ward-Prowse,6000000.0,20.0,Central Midfield,England,https://tmssl.akamaized.net//images/flagge/verysmall/189.png?lm=1520611569,https://img.a.transfermarkt.technology/portrait/medium/181579-1684751045.jpg?lm=1,1994-11-01,5,0
144,Josh Cullen,6000000.0,24.0,Central Midfield,Ireland,https://tmssl.akamaized.net//images/flagge/verysmall/72.png?lm=1520611569,https://img.a.transfermarkt.technology/portrait/medium/242606-1774468976.jpg?lm=1,1996-04-07,5,0
145,Josh Laurent,2000000.0,29.0,Central Midfield,England,https://tmssl.akamaized.net//images/flagge/verysmall/189.png?lm=1520611569,https://img.a.transfermarkt.technology/portrait/medium/314241-1741274126.jpg?lm=1,1995-05-06,5,0
146,Hannibal,16000000.0,28.0,Attacking Midfield,Tunisia,https://tmssl.akamaized.net//images/flagge/verysmall/173.png?lm=1520611569,https://img.a.transfermarkt.technology/portrait/medium/607224-1695240171.jpg?lm=1,2003-01-21,5,0
147,Mike Tresor,3000000.0,31.0,Attacking Midfield,Belgium,https://tmssl.akamaized.net//images/flagge/verysmall/19.png?lm=1520611569,https://img.a.transfermarkt.technology/portrait/medium/381963-1626766909.jpg?lm=1,1999-05-28,5,0
148,Jaidon Anthony,18000000.0,11.0,Left Winger,England,https://tmssl.akamaized.net//images/flagge/verysmall/189.png?lm=1520611569,https://img.a.transfermarkt.technology/portrait/medium/684210-1637578473.jpg?lm=1,1999-12-01,5,0
149,Jacob Bruun Larsen,5000000.0,7.0,Left Winger,Denmark,https://tmssl.akamaized.net//images/flagge/verysmall/39.png?lm=1520611569,https://img.a.transfermarkt.technology/portrait/medium/293281-1657201254.jpg?lm=1,1998-09-19,5,0
150,Loum Tchaouna,15000000.0,17.0,Right Winger,France,https://tmssl.akamaized.net//images/flagge/verysmall/50.png?lm=1520611569,https://img.a.transfermarkt.technology/portrait/medium/607226-1695710683.jpg?lm=1,2003-09-08,5,0
151,Marcus Edwards,8000000.0,10.0,Right Winger,England,https://tmssl.akamaized.net//images/flagge/verysmall/189.png?lm=1520611569,https://img.a.transfermarkt.technology/portrait/medium/314367-1653379978.jpg?lm=1,1998-12-03,5,0
152,Zian Flemming,12000000.0,19.0,Centre-Forward,Netherlands,https://tmssl.akamaized.net//images/flagge/verysmall/122.png?lm=1520611569,https://img.a.transfermarkt.technology/portrait/medium/411537-1741273915.jpg?lm=1,1998-08-01,5,0
153,Lyle Foster,10000000.0,9.0,Centre-Forward,South Africa,https://tmssl.akamaized.net//images/flagge/verysmall/159.png?lm=1520611569,https://img.a.transfermarkt.technology/portrait/medium/467623-1663264611.jpg?lm=1,2000-09-03,5,0
154,Zeki Amdouni,9000000.0,25.0,Centre-Forward,Switzerland,https://tmssl.akamaized.net//images/flagge/verysmall/148.png?lm=1520611569,https://img.a.transfermarkt.technology/portrait/medium/548729-1715938870.jpg?lm=1,2000-12-04,5,0
155,Armando Broja,8000000.0,27.0,Centre-Forward,Albania,https://tmssl.akamaized.net//images/flagge/verysmall/3.png?lm=1520611569,https://img.a.transfermarkt.technology/portrait/medium/571743-1662362376.jpg?lm=1,2001-09-10,5,0
156,Ashley Barnes,200000.0,35.0,Centre-Forward,England,https://tmssl.akamaized.net//images/flagge/verysmall/189.png?lm=1520611569,https://img.a.transfermarkt.technology/portrait/medium/63200-1730035902.jpg?lm=1,1989-10-30,5,0
157,Robert Sánchez,22000000.0,1.0,Goalkeeper,Spain,https://tmssl.akamaized.net//images/flagge/verysmall/157.png?lm=1520611569,https://img.a.transfermarkt.technology/portrait/medium/403151-1695028195.jpg?lm=1,1997-11-18,6,0
158,Filip Jørgensen,15000000.0,12.0,Goalkeeper,Denmark,https://tmssl.akamaized.net//images/flagge/verysmall/39.png?lm=1520611569,https://img.a.transfermarkt.technology/portrait/medium/585323-1718280485.jpg?lm=1,2002-04-16,6,0
159,Gabriel Slonina,3500000.0,44.0,Goalkeeper,United States,https://tmssl.akamaized.net//images/flagge/verysmall/184.png?lm=1520611569,https://img.a.transfermarkt.technology/portrait/medium/656316-1645958054.jpg?lm=1,2004-05-15,6,0
160,Teddy Sharman-Lowe,550000.0,28.0,Goalkeeper,England,https://tmssl.akamaized.net//images/flagge/verysmall/189.png?lm=1520611569,https://img.a.transfermarkt.technology/portrait/medium/731466-1656922515.jpg?lm=1,2003-03-30,6,0
161,James Hillson,50000.0,,Goalkeeper,England,https://tmssl.akamaized.net//images/flagge/verysmall/189.png?lm=1520611569,https://img.a.transfermarkt.technology/portrait/medium/default.jpg?lm=1,2001-01-14,6,0
162,Levi Colwill,50000000.0,6.0,Centre-Back,England,https://tmssl.akamaized.net//images/flagge/verysmall/189.png?lm=1520611569,https://img.a.transfermarkt.technology/portrait/medium/614258-1694614507.jpg?lm=1,2003-02-26,6,0
163,Trevoh Chalobah,40000000.0,23.0,Centre-Back,England,https://tmssl.akamaized.net//images/flagge/verysmall/189.png?lm=1520611569,https://img.a.transfermarkt.technology/portrait/medium/346314-1773301391.jpg?lm=1,1999-07-05,6,0
164,Wesley Fofana,28000000.0,29.0,Centre-Back,France,https://tmssl.akamaized.net//images/flagge/verysmall/50.png?lm=1520611569,https://img.a.transfermarkt.technology/portrait/medium/475411-1683899212.jpg?lm=1,2000-12-17,6,0
165,Mamadou Sarr,25000000.0,19.0,Centre-Back,Senegal,https://tmssl.akamaized.net//images/flagge/verysmall/149.png?lm=1520611569,https://img.a.transfermarkt.technology/portrait/medium/910905-1773787147.jpg?lm=1,2005-08-29,6,0
166,Tosin Adarabioyo,18000000.0,4.0,Centre-Back,England,https://tmssl.akamaized.net//images/flagge/verysmall/189.png?lm=1520611569,https://img.a.transfermarkt.technology/portrait/medium/258878-1646903871.jpg?lm=1,1997-09-24,6,0
167,Benoît Badiashile,18000000.0,5.0,Centre-Back,France,https://tmssl.akamaized.net//images/flagge/verysmall/50.png?lm=1520611569,https://img.a.transfermarkt.technology/portrait/medium/463603-1714721596.jpg?lm=1,2001-03-26,6,0
168,Marc Cucurella,50000000.0,3.0,Left-Back,Spain,https://tmssl.akamaized.net//images/flagge/verysmall/157.png?lm=1520611569,https://img.a.transfermarkt.technology/portrait/medium/284857-1765185117.jpg?lm=1,1998-07-22,6,0
169,Jorrel Hato,35000000.0,21.0,Left-Back,Netherlands,https://tmssl.akamaized.net//images/flagge/verysmall/122.png?lm=1520611569,https://img.a.transfermarkt.technology/portrait/medium/904802-1701361717.jpg?lm=1,2006-03-07,6,0
170,Caleb Wiley,8000000.0,,Left-Back,United States,https://tmssl.akamaized.net//images/flagge/verysmall/184.png?lm=1520611569,https://img.a.transfermarkt.technology/portrait/medium/746833-1732575786.png?lm=1,2004-12-22,6,0
171,Reece James,60000000.0,24.0,Right-Back,England,https://tmssl.akamaized.net//images/flagge/verysmall/189.png?lm=1520611569,https://img.a.transfermarkt.technology/portrait/medium/472423-1683900849.jpg?lm=1,1999-12-08,6,0
172,Malo Gusto,35000000.0,27.0,Right-Back,France,https://tmssl.akamaized.net//images/flagge/verysmall/50.png?lm=1520611569,https://img.a.transfermarkt.technology/portrait/medium/620322-1752061866.jpg?lm=1,2003-05-19,6,0
173,Josh Acheampong,25000000.0,34.0,Right-Back,England,https://tmssl.akamaized.net//images/flagge/verysmall/189.png?lm=1520611569,https://img.a.transfermarkt.technology/portrait/medium/1004708-1715156243.jpg?lm=1,2006-05-05,6,0
174,Moisés Caicedo,110000000.0,25.0,Defensive Midfield,Ecuador,https://tmssl.akamaized.net//images/flagge/verysmall/44.png?lm=1520611569,https://img.a.transfermarkt.technology/portrait/medium/687626-1660729724.jpg?lm=1,2001-11-02,6,0
175,Roméo Lavia,25000000.0,45.0,Defensive Midfield,Belgium,https://tmssl.akamaized.net//images/flagge/verysmall/19.png?lm=1520611569,https://img.a.transfermarkt.technology/portrait/medium/628451-1683898478.jpg?lm=1,2004-01-06,6,0
176,Dário Essugo,17000000.0,14.0,Defensive Midfield,Portugal,https://tmssl.akamaized.net//images/flagge/verysmall/136.png?lm=1520611569,https://img.a.transfermarkt.technology/portrait/medium/670717-1742314930.jpg?lm=1,2005-03-14,6,0
177,Enzo Fernández,90000000.0,8.0,Central Midfield,Argentina,https://tmssl.akamaized.net//images/flagge/verysmall/9.png?lm=1520611569,https://img.a.transfermarkt.technology/portrait/medium/648195-1669894717.jpg?lm=1,2001-01-17,6,0
178,Andrey Santos,45000000.0,17.0,Central Midfield,Brazil,https://tmssl.akamaized.net//images/flagge/verysmall/26.png?lm=1520611569,https://img.a.transfermarkt.technology/portrait/medium/743600-1732576153.png?lm=1,2004-05-03,6,0
179,Cole Palmer,110000000.0,10.0,Attacking Midfield,England,https://tmssl.akamaized.net//images/flagge/verysmall/189.png?lm=1520611569,https://img.a.transfermarkt.technology/portrait/medium/568177-1712320986.jpg?lm=1,2002-05-06,6,0
180,Alejandro Garnacho,40000000.0,49.0,Left Winger,Argentina,https://tmssl.akamaized.net//images/flagge/verysmall/9.png?lm=1520611569,https://img.a.transfermarkt.technology/portrait/medium/811779-1703629085.jpg?lm=1,2004-07-01,6,0
181,Jamie Gittens,35000000.0,11.0,Left Winger,England,https://tmssl.akamaized.net//images/flagge/verysmall/189.png?lm=1520611569,https://img.a.transfermarkt.technology/portrait/medium/670882-1736780080.jpg?lm=1,2004-08-08,6,0
182,Mykhaylo Mudryk,50000.0,,Left Winger,Ukraine,https://tmssl.akamaized.net//images/flagge/verysmall/177.png?lm=1520611569,https://img.a.transfermarkt.technology/portrait/medium/537860-1732822624.jpg?lm=1,2001-01-05,6,0
183,Estêvão,80000000.0,41.0,Right Winger,Brazil,https://tmssl.akamaized.net//images/flagge/verysmall/26.png?lm=1520611569,https://img.a.transfermarkt.technology/portrait/medium/1056993-1766148652.jpg?lm=1,2007-04-24,6,0
184,Pedro Neto,60000000.0,7.0,Right Winger,Portugal,https://tmssl.akamaized.net//images/flagge/verysmall/136.png?lm=1520611569,https://img.a.transfermarkt.technology/portrait/medium/487465-1763106447.jpg?lm=1,2000-03-09,6,0
185,João Pedro,75000000.0,20.0,Centre-Forward,Brazil,https://tmssl.akamaized.net//images/flagge/verysmall/26.png?lm=1520611569,https://img.a.transfermarkt.technology/portrait/medium/626724-1724792744.jpg?lm=1,2001-09-26,6,0
186,Liam Delap,32000000.0,9.0,Centre-Forward,England,https://tmssl.akamaized.net//images/flagge/verysmall/189.png?lm=1520611569,https://img.a.transfermarkt.technology/portrait/medium/610849-1746646306.jpg?lm=1,2003-02-08,6,0
187,Marc Guiu,12000000.0,38.0,Centre-Forward,Spain,https://tmssl.akamaized.net//images/flagge/verysmall/157.png?lm=1520611569,https://img.a.transfermarkt.technology/portrait/medium/938158-1719846394.jpg?lm=1,2006-01-04,6,0
188,Dean Henderson,28000000.0,1.0,Goalkeeper,England,https://tmssl.akamaized.net//images/flagge/verysmall/189.png?lm=1520611569,https://img.a.transfermarkt.technology/portrait/medium/258919-1716297478.jpg?lm=1,1997-03-12,7,0
189,Walter Benítez,5000000.0,44.0,Goalkeeper,Argentina,https://tmssl.akamaized.net//images/flagge/verysmall/9.png?lm=1520611569,https://img.a.transfermarkt.technology/portrait/medium/296802-1682332928.jpg?lm=1,1993-01-19,7,0
190,Remi Matthews,300000.0,31.0,Goalkeeper,England,https://tmssl.akamaized.net//images/flagge/verysmall/189.png?lm=1520611569,https://img.a.transfermarkt.technology/portrait/medium/196722-1669021601.jpg?lm=1,1994-02-10,7,0
191,Maxence Lacroix,40000000.0,5.0,Centre-Back,France,https://tmssl.akamaized.net//images/flagge/verysmall/50.png?lm=1520611569,https://img.a.transfermarkt.technology/portrait/medium/434224-1657202248.jpg?lm=1,2000-04-06,7,0
192,Chris Richards,25000000.0,26.0,Centre-Back,United States,https://tmssl.akamaized.net//images/flagge/verysmall/184.png?lm=1520611569,https://img.a.transfermarkt.technology/portrait/medium/578539-1754244701.jpg?lm=1,2000-03-28,7,0
193,Jaydee Canvot,20000000.0,23.0,Centre-Back,France,https://tmssl.akamaized.net//images/flagge/verysmall/50.png?lm=1520611569,https://img.a.transfermarkt.technology/portrait/medium/1006411-1741897197.jpg?lm=1,2006-07-29,7,0
194,Chadi Riad,12000000.0,34.0,Centre-Back,Morocco,https://tmssl.akamaized.net//images/flagge/verysmall/107.png?lm=1520611569,https://img.a.transfermarkt.technology/portrait/medium/689637-1704399972.jpg?lm=1,2003-06-17,7,0
195,Tyrick Mitchell,25000000.0,3.0,Left-Back,England,https://tmssl.akamaized.net//images/flagge/verysmall/189.png?lm=1520611569,https://img.a.transfermarkt.technology/portrait/medium/730893-1693826944.jpg?lm=1,1999-09-01,7,0
196,Borna Sosa,4000000.0,24.0,Left-Back,Croatia,https://tmssl.akamaized.net//images/flagge/verysmall/37.png?lm=1520611569,https://img.a.transfermarkt.technology/portrait/medium/293194-1716241200.jpg?lm=1,1998-01-21,7,0
197,Rio Cardines,300000.0,59.0,Left-Back,Trinidad and Tobago,https://tmssl.akamaized.net//images/flagge/verysmall/170.png?lm=1520611569,https://img.a.transfermarkt.technology/portrait/medium/1047257-1749200047.jpg?lm=1,2006-07-01,7,0
198,Daniel Muñoz,27000000.0,2.0,Right-Back,Colombia,https://tmssl.akamaized.net//images/flagge/verysmall/83.png?lm=1520611569,https://img.a.transfermarkt.technology/portrait/medium/493003-1718642628.jpg?lm=1,1996-05-26,7,0
199,Caleb Kporha,1000000.0,58.0,Right-Back,England,https://tmssl.akamaized.net//images/flagge/verysmall/189.png?lm=1520611569,https://img.a.transfermarkt.technology/portrait/medium/1047261-1736159500.jpg?lm=1,2006-07-15,7,0
200,Nathaniel Clyne,500000.0,17.0,Right-Back,England,https://tmssl.akamaized.net//images/flagge/verysmall/189.png?lm=1520611569,https://img.a.transfermarkt.technology/portrait/medium/85177-1700648209.jpg?lm=1,1991-04-05,7,0
201,Adam Wharton,60000000.0,20.0,Defensive Midfield,England,https://tmssl.akamaized.net//images/flagge/verysmall/189.png?lm=1520611569,https://img.a.transfermarkt.technology/portrait/medium/744149-1716297290.jpg?lm=1,2004-02-06,7,0
202,Cheick Doucouré,13000000.0,28.0,Defensive Midfield,Mali,https://tmssl.akamaized.net//images/flagge/verysmall/105.png?lm=1520611569,https://img.a.transfermarkt.technology/portrait/medium/543387-1693826399.jpg?lm=1,2000-01-08,7,0
203,Jefferson Lerma,8000000.0,8.0,Defensive Midfield,Colombia,https://tmssl.akamaized.net//images/flagge/verysmall/83.png?lm=1520611569,https://img.a.transfermarkt.technology/portrait/medium/262980-1693334146.jpg?lm=1,1994-10-25,7,0
204,Kaden Rodney,200000.0,42.0,Defensive Midfield,England,https://tmssl.akamaized.net//images/flagge/verysmall/189.png?lm=1520611569,https://img.a.transfermarkt.technology/portrait/medium/860078-1737712510.jpg?lm=1,2004-10-07,7,0
205,Will Hughes,6000000.0,19.0,Central Midfield,England,https://tmssl.akamaized.net//images/flagge/verysmall/189.png?lm=1520611569,https://img.a.transfermarkt.technology/portrait/medium/207014-1700672424.jpg?lm=1,1995-04-17,7,0
206,Daichi Kamada,12000000.0,18.0,Attacking Midfield,Japan,https://tmssl.akamaized.net//images/flagge/verysmall/77.png?lm=1520611569,https://img.a.transfermarkt.technology/portrait/medium/356141-1707947777.jpg?lm=1,1996-08-05,7,0
207,Justin Devenny,12000000.0,55.0,Attacking Midfield,Northern Ireland,https://tmssl.akamaized.net//images/flagge/verysmall/192.png?lm=1520611569,https://img.a.transfermarkt.technology/portrait/medium/747009-1736159687.jpg?lm=1,2003-10-11,7,0
208,Ismaïla Sarr,35000000.0,7.0,Right Winger,Senegal,https://tmssl.akamaized.net//images/flagge/verysmall/149.png?lm=1520611569,https://img.a.transfermarkt.technology/portrait/medium/410225-1765811669.jpg?lm=1,1998-02-25,7,0
209,Yéremy Pino,35000000.0,10.0,Right Winger,Spain,https://tmssl.akamaized.net//images/flagge/verysmall/157.png?lm=1520611569,https://img.a.transfermarkt.technology/portrait/medium/568157-1686664370.jpg?lm=1,2002-10-20,7,0
210,Brennan Johnson,35000000.0,11.0,Right Winger,Wales,https://tmssl.akamaized.net//images/flagge/verysmall/191.png?lm=1520611569,https://img.a.transfermarkt.technology/portrait/medium/470607-1692959021.jpg?lm=1,2001-05-23,7,0
211,Evann Guessand,28000000.0,29.0,Right Winger,Cote d'Ivoire,https://tmssl.akamaized.net//images/flagge/verysmall/38.png?lm=1520611569,https://img.a.transfermarkt.technology/portrait/medium/500689-1765812945.jpg?lm=1,2001-07-01,7,0
212,Jørgen Strand Larsen,45000000.0,22.0,Centre-Forward,Norway,https://tmssl.akamaized.net//images/flagge/verysmall/125.png?lm=1520611569,https://img.a.transfermarkt.technology/portrait/medium/429983-1743541067.jpg?lm=1,2000-02-06,7,0
213,Jean-Philippe Mateta,35000000.0,14.0,Centre-Forward,France,https://tmssl.akamaized.net//images/flagge/verysmall/50.png?lm=1520611569,https://img.a.transfermarkt.technology/portrait/medium/420002-1723202650.jpg?lm=1,1997-06-28,7,0
214,Christantus Uche,15000000.0,12.0,Centre-Forward,Nigeria,https://tmssl.akamaized.net//images/flagge/verysmall/124.png?lm=1520611569,https://img.a.transfermarkt.technology/portrait/medium/1124005-1748855413.jpg?lm=1,2003-05-19,7,0
215,Eddie Nketiah,14000000.0,9.0,Centre-Forward,England,https://tmssl.akamaized.net//images/flagge/verysmall/189.png?lm=1520611569,https://img.a.transfermarkt.technology/portrait/medium/340324-1730795033.jpg?lm=1,1999-05-30,7,0
216,Jordan Pickford,15000000.0,1.0,Goalkeeper,England,https://tmssl.akamaized.net//images/flagge/verysmall/189.png?lm=1520611569,https://img.a.transfermarkt.technology/portrait/medium/130164-1668499964.jpg?lm=1,1994-03-07,8,0
217,Mark Travers,4000000.0,12.0,Goalkeeper,Ireland,https://tmssl.akamaized.net//images/flagge/verysmall/72.png?lm=1520611569,https://img.a.transfermarkt.technology/portrait/medium/357658-1702296610.jpg?lm=1,1999-05-18,8,0
218,Tom King,150000.0,31.0,Goalkeeper,Wales,https://tmssl.akamaized.net//images/flagge/verysmall/191.png?lm=1520611569,https://img.a.transfermarkt.technology/portrait/medium/215810-1774468851.jpg?lm=1,1995-03-09,8,0
219,Jarrad Branthwaite,45000000.0,32.0,Centre-Back,England,https://tmssl.akamaized.net//images/flagge/verysmall/189.png?lm=1520611569,https://img.a.transfermarkt.technology/portrait/medium/661053-1687975679.jpg?lm=1,2002-06-27,8,0
220,James Tarkowski,7000000.0,6.0,Centre-Back,England,https://tmssl.akamaized.net//images/flagge/verysmall/189.png?lm=1520611569,https://img.a.transfermarkt.technology/portrait/medium/173504-1655979328.jpg?lm=1,1992-11-19,8,0
221,Michael Keane,4000000.0,5.0,Centre-Back,England,https://tmssl.akamaized.net//images/flagge/verysmall/189.png?lm=1520611569,https://img.a.transfermarkt.technology/portrait/medium/118534-1687967021.jpg?lm=1,1993-01-11,8,0
222,Vitaliy Mykolenko,25000000.0,16.0,Left-Back,Ukraine,https://tmssl.akamaized.net//images/flagge/verysmall/177.png?lm=1520611569,https://img.a.transfermarkt.technology/portrait/medium/404842-1708012303.jpg?lm=1,1999-05-29,8,0
223,Adam Aznou,7000000.0,39.0,Left-Back,Morocco,https://tmssl.akamaized.net//images/flagge/verysmall/107.png?lm=1520611569,https://img.a.transfermarkt.technology/portrait/medium/938146-1739807816.jpg?lm=1,2006-06-02,8,0
224,Jake O'Brien,18000000.0,15.0,Right-Back,Ireland,https://tmssl.akamaized.net//images/flagge/verysmall/72.png?lm=1520611569,https://img.a.transfermarkt.technology/portrait/medium/711544-1662362868.jpg?lm=1,2001-05-15,8,0
225,Nathan Patterson,10000000.0,2.0,Right-Back,Scotland,https://tmssl.akamaized.net//images/flagge/verysmall/190.png?lm=1520611569,https://img.a.transfermarkt.technology/portrait/medium/424015-1736161412.jpg?lm=1,2001-10-16,8,0
226,Séamus Coleman,300000.0,23.0,Right-Back,Ireland,https://tmssl.akamaized.net//images/flagge/verysmall/72.png?lm=1520611569,https://img.a.transfermarkt.technology/portrait/medium/68390-1774469102.jpg?lm=1,1988-10-11,8,0
227,James Garner,35000000.0,37.0,Defensive Midfield,England,https://tmssl.akamaized.net//images/flagge/verysmall/189.png?lm=1520611569,https://img.a.transfermarkt.technology/portrait/medium/505219-1662067244.jpg?lm=1,2001-03-13,8,0
228,Idrissa Gueye,1000000.0,27.0,Defensive Midfield,Senegal,https://tmssl.akamaized.net//images/flagge/verysmall/149.png?lm=1520611569,https://img.a.transfermarkt.technology/portrait/medium/126665-1746646577.jpg?lm=1,1989-09-26,8,0
229,Kiernan Dewsbury-Hall,32000000.0,22.0,Central Midfield,England,https://tmssl.akamaized.net//images/flagge/verysmall/189.png?lm=1520611569,https://img.a.transfermarkt.technology/portrait/medium/475188-1774470020.jpg?lm=1,1998-09-06,8,0
230,Carlos Alcaraz,15000000.0,24.0,Central Midfield,Argentina,https://tmssl.akamaized.net//images/flagge/verysmall/9.png?lm=1520611569,https://img.a.transfermarkt.technology/portrait/medium/748319-1694617058.jpg?lm=1,2002-11-30,8,0
231,Tim Iroegbunam,15000000.0,42.0,Central Midfield,England,https://tmssl.akamaized.net//images/flagge/verysmall/189.png?lm=1520611569,https://img.a.transfermarkt.technology/portrait/medium/696589-1650877564.jpg?lm=1,2003-06-30,8,0
232,Harrison Armstrong,12000000.0,45.0,Central Midfield,England,https://tmssl.akamaized.net//images/flagge/verysmall/189.png?lm=1520611569,https://img.a.transfermarkt.technology/portrait/medium/1107733-1736161319.jpg?lm=1,2007-01-19,8,0
233,Merlin Röhl,16000000.0,34.0,Attacking Midfield,Germany,https://tmssl.akamaized.net//images/flagge/verysmall/40.png?lm=1520612525,https://img.a.transfermarkt.technology/portrait/medium/608832-1726649794.jpg?lm=1,2002-07-05,8,0
234,Jack Grealish,25000000.0,18.0,Left Winger,England,https://tmssl.akamaized.net//images/flagge/verysmall/189.png?lm=1520611569,https://img.a.transfermarkt.technology/portrait/medium/203460-1676499047.jpg?lm=1,1995-09-10,8,0
235,Tyrique George,22000000.0,19.0,Left Winger,England,https://tmssl.akamaized.net//images/flagge/verysmall/189.png?lm=1520611569,https://img.a.transfermarkt.technology/portrait/medium/936874-1731016609.jpg?lm=1,2006-02-04,8,0
236,Dwight McNeil,20000000.0,7.0,Left Winger,England,https://tmssl.akamaized.net//images/flagge/verysmall/189.png?lm=1520611569,https://img.a.transfermarkt.technology/portrait/medium/584769-1700651579.jpg?lm=1,1999-11-22,8,0
237,Iliman Ndiaye,50000000.0,10.0,Right Winger,Senegal,https://tmssl.akamaized.net//images/flagge/verysmall/149.png?lm=1520611569,https://img.a.transfermarkt.technology/portrait/medium/623570-1765811829.jpg?lm=1,2000-03-06,8,0
238,Tyler Dibling,22000000.0,20.0,Right Winger,England,https://tmssl.akamaized.net//images/flagge/verysmall/189.png?lm=1520611569,https://img.a.transfermarkt.technology/portrait/medium/866655-1724485194.jpg?lm=1,2006-02-17,8,0
239,Thierno Barry,30000000.0,11.0,Centre-Forward,France,https://tmssl.akamaized.net//images/flagge/verysmall/50.png?lm=1520611569,https://img.a.transfermarkt.technology/portrait/medium/937941-1743672693.jpg?lm=1,2002-10-21,8,0
240,Beto,20000000.0,9.0,Centre-Forward,Guinea-Bissau,https://tmssl.akamaized.net//images/flagge/verysmall/60.png?lm=1520611569,https://img.a.transfermarkt.technology/portrait/medium/595809-1711746870.jpg?lm=1,1998-01-31,8,0
241,Bernd Leno,8000000.0,1.0,Goalkeeper,Germany,https://tmssl.akamaized.net//images/flagge/verysmall/40.png?lm=1520612525,https://img.a.transfermarkt.technology/portrait/medium/72476-1774470314.jpg?lm=1,1992-03-04,9,0
242,Benjamin Lecomte,1200000.0,23.0,Goalkeeper,France,https://tmssl.akamaized.net//images/flagge/verysmall/50.png?lm=1520611569,https://img.a.transfermarkt.technology/portrait/medium/127181-1702663657.JPG?lm=1,1991-04-26,9,0
243,Calvin Bassey,28000000.0,3.0,Centre-Back,Nigeria,https://tmssl.akamaized.net//images/flagge/verysmall/124.png?lm=1520611569,https://img.a.transfermarkt.technology/portrait/medium/461883-1662989506.jpg?lm=1,1999-12-31,9,0
244,Joachim Andersen,25000000.0,5.0,Centre-Back,Denmark,https://tmssl.akamaized.net//images/flagge/verysmall/39.png?lm=1520611569,https://img.a.transfermarkt.technology/portrait/medium/260827-1668183482.jpg?lm=1,1996-05-31,9,0
245,Issa Diop,10000000.0,31.0,Centre-Back,Morocco,https://tmssl.akamaized.net//images/flagge/verysmall/107.png?lm=1520611569,https://img.a.transfermarkt.technology/portrait/medium/272622-1660565295.jpg?lm=1,1997-01-09,9,0
246,Jorge Cuenca,8000000.0,15.0,Centre-Back,Spain,https://tmssl.akamaized.net//images/flagge/verysmall/157.png?lm=1520611569,https://img.a.transfermarkt.technology/portrait/medium/494880-1737920132.jpg?lm=1,1999-11-17,9,0
247,Antonee Robinson,25000000.0,33.0,Left-Back,United States,https://tmssl.akamaized.net//images/flagge/verysmall/184.png?lm=1520611569,https://img.a.transfermarkt.technology/portrait/medium/349701-1703926612.jpg?lm=1,1997-08-08,9,0
248,Ryan Sessegnon,20000000.0,30.0,Left-Back,England,https://tmssl.akamaized.net//images/flagge/verysmall/189.png?lm=1520611569,https://img.a.transfermarkt.technology/portrait/medium/392775-1722077271.jpg?lm=1,2000-05-18,9,0
249,Kenny Tete,11000000.0,2.0,Right-Back,Netherlands,https://tmssl.akamaized.net//images/flagge/verysmall/122.png?lm=1520611569,https://img.a.transfermarkt.technology/portrait/medium/206746-1746645948.jpg?lm=1,1995-10-09,9,0
250,Timothy Castagne,10000000.0,21.0,Right-Back,Belgium,https://tmssl.akamaized.net//images/flagge/verysmall/19.png?lm=1520611569,https://img.a.transfermarkt.technology/portrait/medium/262226-1762354618.jpg?lm=1,1995-12-05,9,0
251,Sander Berge,25000000.0,16.0,Defensive Midfield,Norway,https://tmssl.akamaized.net//images/flagge/verysmall/125.png?lm=1520611569,https://img.a.transfermarkt.technology/portrait/medium/333014-1679676693.jpg?lm=1,1998-02-14,9,0
252,Saša Lukić,12000000.0,20.0,Central Midfield,Serbia,https://tmssl.akamaized.net//images/flagge/verysmall/215.png?lm=1520611569,https://img.a.transfermarkt.technology/portrait/medium/245056-1746645290.jpg?lm=1,1996-08-13,9,0
253,Harrison Reed,3000000.0,6.0,Central Midfield,England,https://tmssl.akamaized.net//images/flagge/verysmall/189.png?lm=1520611569,https://img.a.transfermarkt.technology/portrait/medium/226973-1762354305.jpg?lm=1,1995-01-27,9,0
254,Tom Cairney,750000.0,10.0,Central Midfield,Scotland,https://tmssl.akamaized.net//images/flagge/verysmall/190.png?lm=1520611569,https://img.a.transfermarkt.technology/portrait/medium/123275-1651652849.jpg?lm=1,1991-01-20,9,0
255,Emile Smith Rowe,22000000.0,32.0,Attacking Midfield,England,https://tmssl.akamaized.net//images/flagge/verysmall/189.png?lm=1520611569,https://img.a.transfermarkt.technology/portrait/medium/392765-1684164628.jpg?lm=1,2000-07-28,9,0
256,Josh King,20000000.0,24.0,Attacking Midfield,England,https://tmssl.akamaized.net//images/flagge/verysmall/189.png?lm=1520611569,https://img.a.transfermarkt.technology/portrait/medium/1011131-1752773470.jpg?lm=1,2007-01-03,9,0
257,Kevin,30000000.0,22.0,Left Winger,Brazil,https://tmssl.akamaized.net//images/flagge/verysmall/26.png?lm=1520611569,https://img.a.transfermarkt.technology/portrait/medium/900195-1762354062.jpg?lm=1,2003-01-04,9,0
258,Alex Iwobi,25000000.0,17.0,Left Winger,Nigeria,https://tmssl.akamaized.net//images/flagge/verysmall/124.png?lm=1520611569,https://img.a.transfermarkt.technology/portrait/medium/242631-1679652866.jpg?lm=1,1996-05-03,9,0
259,Oscar Bobb,30000000.0,14.0,Right Winger,Norway,https://tmssl.akamaized.net//images/flagge/verysmall/125.png?lm=1520611569,https://img.a.transfermarkt.technology/portrait/medium/661207-1770716679.png?lm=1,2003-07-12,9,0
260,Harry Wilson,25000000.0,8.0,Right Winger,Wales,https://tmssl.akamaized.net//images/flagge/verysmall/191.png?lm=1520611569,https://img.a.transfermarkt.technology/portrait/medium/279455-1668070758.jpg?lm=1,1997-03-22,9,0
261,Samuel Chukwueze,15000000.0,19.0,Right Winger,Nigeria,https://tmssl.akamaized.net//images/flagge/verysmall/124.png?lm=1520611569,https://img.a.transfermarkt.technology/portrait/medium/401922-1767008430.jpg?lm=1,1999-05-22,9,0
262,Rodrigo Muniz,25000000.0,9.0,Centre-Forward,Brazil,https://tmssl.akamaized.net//images/flagge/verysmall/26.png?lm=1520611569,https://img.a.transfermarkt.technology/portrait/medium/735571-1657802369.jpg?lm=1,2001-05-04,9,0
263,Raúl Jiménez,4000000.0,7.0,Centre-Forward,Mexico,https://tmssl.akamaized.net//images/flagge/verysmall/110.png?lm=1520611569,https://img.a.transfermarkt.technology/portrait/medium/206040-1742820547.jpg?lm=1,1991-05-05,9,0
264,Jonah Kusi-Asare,4000000.0,18.0,Centre-Forward,Sweden,https://tmssl.akamaized.net//images/flagge/verysmall/147.png?lm=1520611569,https://img.a.transfermarkt.technology/portrait/medium/1069512-1739808814.jpg?lm=1,2007-07-04,9,0
265,Lucas Perri,13000000.0,1.0,Goalkeeper,Brazil,https://tmssl.akamaized.net//images/flagge/verysmall/26.png?lm=1520611569,https://img.a.transfermarkt.technology/portrait/medium/352041-1733188777.jpg?lm=1,1997-12-10,10,0
266,Illan Meslier,10000000.0,16.0,Goalkeeper,France,https://tmssl.akamaized.net//images/flagge/verysmall/50.png?lm=1520611569,https://img.a.transfermarkt.technology/portrait/medium/542586-1677685317.jpg?lm=1,2000-03-02,10,0
267,Karl Darlow,200000.0,26.0,Goalkeeper,Wales,https://tmssl.akamaized.net//images/flagge/verysmall/191.png?lm=1520611569,https://img.a.transfermarkt.technology/portrait/medium/99397-1724939153.jpg?lm=1,1990-10-08,10,0
268,Alex Cairns,75000.0,21.0,Goalkeeper,England,https://tmssl.akamaized.net//images/flagge/verysmall/189.png?lm=1520611569,https://img.a.transfermarkt.technology/portrait/medium/194386-1724939306.jpg?lm=1,1993-01-04,10,0
269,Pascal Struijk,22000000.0,5.0,Centre-Back,Netherlands,https://tmssl.akamaized.net//images/flagge/verysmall/122.png?lm=1520611569,https://img.a.transfermarkt.technology/portrait/medium/410708-1708002225.jpg?lm=1,1999-08-11,10,0
270,Jaka Bijol,18000000.0,15.0,Centre-Back,Slovenia,https://tmssl.akamaized.net//images/flagge/verysmall/155.png?lm=1520611569,https://img.a.transfermarkt.technology/portrait/medium/371851-1695029407.jpg?lm=1,1999-02-05,10,0
271,Joe Rodon,15000000.0,6.0,Centre-Back,Wales,https://tmssl.akamaized.net//images/flagge/verysmall/191.png?lm=1520611569,https://img.a.transfermarkt.technology/portrait/medium/297212-1666698393.jpg?lm=1,1997-10-22,10,0
272,Sebastiaan Bornauw,8000000.0,23.0,Centre-Back,Belgium,https://tmssl.akamaized.net//images/flagge/verysmall/19.png?lm=1520611569,https://img.a.transfermarkt.technology/portrait/medium/338629-1657202272.jpg?lm=1,1999-03-22,10,0
273,Gabriel Gudmundsson,20000000.0,3.0,Left-Back,Sweden,https://tmssl.akamaized.net//images/flagge/verysmall/147.png?lm=1520611569,https://img.a.transfermarkt.technology/portrait/medium/362108-1666691160.jpg?lm=1,1999-04-29,10,0
274,Sam Byram,600000.0,25.0,Left-Back,England,https://tmssl.akamaized.net//images/flagge/verysmall/189.png?lm=1520611569,https://img.a.transfermarkt.technology/portrait/medium/236953-1724940024.jpg?lm=1,1993-09-16,10,0
275,Jayden Bogle,12000000.0,2.0,Right-Back,England,https://tmssl.akamaized.net//images/flagge/verysmall/189.png?lm=1520611569,https://img.a.transfermarkt.technology/portrait/medium/465717-1764840719.jpg?lm=1,2000-07-27,10,0
276,James Justin,12000000.0,24.0,Right-Back,England,https://tmssl.akamaized.net//images/flagge/verysmall/189.png?lm=1520611569,https://img.a.transfermarkt.technology/portrait/medium/413220-1746646113.jpg?lm=1,1998-02-23,10,0
277,Ethan Ampadu,25000000.0,4.0,Defensive Midfield,Wales,https://tmssl.akamaized.net//images/flagge/verysmall/191.png?lm=1520611569,https://img.a.transfermarkt.technology/portrait/medium/392771-1658829697.jpg?lm=1,2000-09-14,10,0
278,Anton Stach,25000000.0,18.0,Defensive Midfield,Germany,https://tmssl.akamaized.net//images/flagge/verysmall/40.png?lm=1520612525,https://img.a.transfermarkt.technology/portrait/medium/344069-1723921116.jpg?lm=1,1998-11-15,10,0
279,Ilia Gruev,12000000.0,44.0,Defensive Midfield,Bulgaria,https://tmssl.akamaized.net//images/flagge/verysmall/28.png?lm=1520611569,https://img.a.transfermarkt.technology/portrait/medium/381753-1724940121.jpg?lm=1,2000-05-06,10,0
280,Charlie Crew,150000.0,50.0,Defensive Midfield,Wales,https://tmssl.akamaized.net//images/flagge/verysmall/191.png?lm=1520611569,https://img.a.transfermarkt.technology/portrait/medium/883539-1747518597.jpg?lm=1,2006-06-15,10,0
281,Sean Longstaff,16000000.0,8.0,Central Midfield,England,https://tmssl.akamaized.net//images/flagge/verysmall/189.png?lm=1520611569,https://img.a.transfermarkt.technology/portrait/medium/346707-1682341336.jpg?lm=1,1997-10-30,10,0
282,Ao Tanaka,10000000.0,22.0,Central Midfield,Japan,https://tmssl.akamaized.net//images/flagge/verysmall/77.png?lm=1520611569,https://img.a.transfermarkt.technology/portrait/medium/489359-1657113927.jpg?lm=1,1998-09-10,10,0
283,Brenden Aaronson,18000000.0,11.0,Attacking Midfield,United States,https://tmssl.akamaized.net//images/flagge/verysmall/184.png?lm=1520611569,https://img.a.transfermarkt.technology/portrait/medium/393323-1691614083.jpg?lm=1,2000-10-22,10,0
284,Facundo Buonanotte,16000000.0,40.0,Attacking Midfield,Argentina,https://tmssl.akamaized.net//images/flagge/verysmall/9.png?lm=1520611569,https://img.a.transfermarkt.technology/portrait/medium/983989-1682588141.jpg?lm=1,2004-12-23,10,0
285,Noah Okafor,18000000.0,19.0,Left Winger,Switzerland,https://tmssl.akamaized.net//images/flagge/verysmall/148.png?lm=1520611569,https://img.a.transfermarkt.technology/portrait/medium/346890-1692879855.jpg?lm=1,2000-05-24,10,0
286,Wilfried Gnonto,18000000.0,29.0,Right Winger,Italy,https://tmssl.akamaized.net//images/flagge/verysmall/75.png?lm=1520611569,https://img.a.transfermarkt.technology/portrait/medium/627626-1647955561.jpg?lm=1,2003-11-05,10,0
287,Daniel James,12000000.0,7.0,Right Winger,Wales,https://tmssl.akamaized.net//images/flagge/verysmall/191.png?lm=1520611569,https://img.a.transfermarkt.technology/portrait/medium/319301-1668520687.jpg?lm=1,1997-11-10,10,0
288,Dominic Calvert-Lewin,22000000.0,9.0,Centre-Forward,England,https://tmssl.akamaized.net//images/flagge/verysmall/189.png?lm=1520611569,https://img.a.transfermarkt.technology/portrait/medium/306024-1685705768.jpg?lm=1,1997-03-16,10,0
289,Joël Piroe,13000000.0,10.0,Centre-Forward,Suriname,https://tmssl.akamaized.net//images/flagge/verysmall/161.png?lm=1520611569,https://img.a.transfermarkt.technology/portrait/medium/369962-1715936868.jpg?lm=1,1999-08-02,10,0
290,Lukas Nmecha,10000000.0,14.0,Centre-Forward,Germany,https://tmssl.akamaized.net//images/flagge/verysmall/40.png?lm=1520612525,https://img.a.transfermarkt.technology/portrait/medium/314288-1657203640.jpg?lm=1,1998-12-14,10,0
291,Giorgi Mamardashvili,28000000.0,25.0,Goalkeeper,Georgia,https://tmssl.akamaized.net//images/flagge/verysmall/53.png?lm=1520611569,https://img.a.transfermarkt.technology/portrait/medium/502676-1716542116.jpg?lm=1,2000-09-29,11,0
292,Alisson,17000000.0,1.0,Goalkeeper,Brazil,https://tmssl.akamaized.net//images/flagge/verysmall/26.png?lm=1520611569,https://img.a.transfermarkt.technology/portrait/medium/105470-1668522221.jpg?lm=1,1992-10-02,11,0
293,Freddie Woodman,3000000.0,28.0,Goalkeeper,England,https://tmssl.akamaized.net//images/flagge/verysmall/189.png?lm=1520611569,https://img.a.transfermarkt.technology/portrait/medium/226049-1737883837.jpg?lm=1,1997-03-04,11,0
294,Harvey Davies,500000.0,95.0,Goalkeeper,England,https://tmssl.akamaized.net//images/flagge/verysmall/189.png?lm=1520611569,https://img.a.transfermarkt.technology/portrait/medium/706815-1755504936.jpg?lm=1,2003-09-03,11,0
295,Ibrahima Konaté,50000000.0,5.0,Centre-Back,France,https://tmssl.akamaized.net//images/flagge/verysmall/50.png?lm=1520611569,https://img.a.transfermarkt.technology/portrait/medium/357119-1669190550.jpg?lm=1,1999-05-25,11,0
296,Giovanni Leoni,25000000.0,15.0,Centre-Back,Italy,https://tmssl.akamaized.net//images/flagge/verysmall/75.png?lm=1520611569,https://img.a.transfermarkt.technology/portrait/medium/1086619-1751532399.jpg?lm=1,2006-12-21,11,0
297,Virgil van Dijk,18000000.0,4.0,Centre-Back,Netherlands,https://tmssl.akamaized.net//images/flagge/verysmall/122.png?lm=1520611569,https://img.a.transfermarkt.technology/portrait/medium/139208-1702049837.jpg?lm=1,1991-07-08,11,0
298,Joe Gomez,15000000.0,2.0,Centre-Back,England,https://tmssl.akamaized.net//images/flagge/verysmall/189.png?lm=1520611569,https://img.a.transfermarkt.technology/portrait/medium/256178-1746645094.jpg?lm=1,1997-05-23,11,0
299,Rhys Williams,500000.0,46.0,Centre-Back,England,https://tmssl.akamaized.net//images/flagge/verysmall/189.png?lm=1520611569,https://img.a.transfermarkt.technology/portrait/medium/503679-1674491393.jpg?lm=1,2001-02-03,11,0
300,Milos Kerkez,40000000.0,6.0,Left-Back,Hungary,https://tmssl.akamaized.net//images/flagge/verysmall/178.png?lm=1521635893,https://img.a.transfermarkt.technology/portrait/medium/730861-1773172293.jpg?lm=1,2003-11-07,11,0
301,Andrew Robertson,10000000.0,26.0,Left-Back,Scotland,https://tmssl.akamaized.net//images/flagge/verysmall/190.png?lm=1520611569,https://img.a.transfermarkt.technology/portrait/medium/234803-1709147379.jpg?lm=1,1994-03-11,11,0
302,Jeremie Frimpong,35000000.0,30.0,Right-Back,Netherlands,https://tmssl.akamaized.net//images/flagge/verysmall/122.png?lm=1520611569,https://img.a.transfermarkt.technology/portrait/medium/484547-1689710682.jpg?lm=1,2000-12-10,11,0
303,Conor Bradley,30000000.0,12.0,Right-Back,Northern Ireland,https://tmssl.akamaized.net//images/flagge/verysmall/192.png?lm=1520611569,https://img.a.transfermarkt.technology/portrait/medium/624258-1762340233.jpg?lm=1,2003-07-09,11,0
304,Calvin Ramsay,1500000.0,47.0,Right-Back,Scotland,https://tmssl.akamaized.net//images/flagge/verysmall/190.png?lm=1520611569,https://img.a.transfermarkt.technology/portrait/medium/633652-1774469298.jpg?lm=1,2003-07-31,11,0
305,Ryan Gravenberch,90000000.0,38.0,Defensive Midfield,Netherlands,https://tmssl.akamaized.net//images/flagge/verysmall/122.png?lm=1520611569,https://img.a.transfermarkt.technology/portrait/medium/478573-1718097194.jpg?lm=1,2002-05-16,11,0
306,Wataru Endo,5000000.0,3.0,Defensive Midfield,Japan,https://tmssl.akamaized.net//images/flagge/verysmall/77.png?lm=1520611569,https://img.a.transfermarkt.technology/portrait/medium/146310-1657181542.jpg?lm=1,1993-02-09,11,0
307,Stefan Bajcetic,5000000.0,43.0,Defensive Midfield,Spain,https://tmssl.akamaized.net//images/flagge/verysmall/157.png?lm=1520611569,https://img.a.transfermarkt.technology/portrait/medium/864799-1661441233.jpg?lm=1,2004-10-22,11,0
308,Alexis Mac Allister,80000000.0,10.0,Central Midfield,Argentina,https://tmssl.akamaized.net//images/flagge/verysmall/9.png?lm=1520611569,https://img.a.transfermarkt.technology/portrait/medium/534033-1669835342.jpg?lm=1,1998-12-24,11,0
309,Curtis Jones,35000000.0,17.0,Central Midfield,England,https://tmssl.akamaized.net//images/flagge/verysmall/189.png?lm=1520611569,https://img.a.transfermarkt.technology/portrait/medium/433188-1701681163.jpg?lm=1,2001-01-30,11,0
310,Trey Nyoni,6000000.0,42.0,Central Midfield,England,https://tmssl.akamaized.net//images/flagge/verysmall/189.png?lm=1520611569,https://img.a.transfermarkt.technology/portrait/medium/1045123-1708933240.jpg?lm=1,2007-06-30,11,0
311,Florian Wirtz,110000000.0,7.0,Attacking Midfield,Germany,https://tmssl.akamaized.net//images/flagge/verysmall/40.png?lm=1520612525,https://img.a.transfermarkt.technology/portrait/medium/598577-1689710503.jpg?lm=1,2003-05-03,11,0
312,Dominik Szoboszlai,100000000.0,8.0,Attacking Midfield,Hungary,https://tmssl.akamaized.net//images/flagge/verysmall/178.png?lm=1521635893,https://img.a.transfermarkt.technology/portrait/medium/451276-1758715234.jpg?lm=1,2000-10-25,11,0
313,Cody Gakpo,65000000.0,18.0,Left Winger,Netherlands,https://tmssl.akamaized.net//images/flagge/verysmall/122.png?lm=1520611569,https://img.a.transfermarkt.technology/portrait/medium/434675-1682690965.jpg?lm=1,1999-05-07,11,0
314,Rio Ngumoha,20000000.0,73.0,Left Winger,England,https://tmssl.akamaized.net//images/flagge/verysmall/189.png?lm=1520611569,https://img.a.transfermarkt.technology/portrait/medium/1108466-1730834754.jpg?lm=1,2008-08-29,11,0
315,Mohamed Salah,30000000.0,11.0,Right Winger,Egypt,https://tmssl.akamaized.net//images/flagge/verysmall/2.png?lm=1520611569,https://img.a.transfermarkt.technology/portrait/medium/148455-1727337594.jpg?lm=1,1992-06-15,11,0
316,Federico Chiesa,15000000.0,14.0,Right Winger,Italy,https://tmssl.akamaized.net//images/flagge/verysmall/75.png?lm=1520611569,https://img.a.transfermarkt.technology/portrait/medium/341092-1663576975.jpg?lm=1,1997-10-25,11,0
317,Alexander Isak,100000000.0,9.0,Centre-Forward,Sweden,https://tmssl.akamaized.net//images/flagge/verysmall/147.png?lm=1520611569,https://img.a.transfermarkt.technology/portrait/medium/349066-1680791339.jpg?lm=1,1999-09-21,11,0
318,Hugo Ekitiké,90000000.0,22.0,Centre-Forward,France,https://tmssl.akamaized.net//images/flagge/verysmall/50.png?lm=1520611569,https://img.a.transfermarkt.technology/portrait/medium/709726-1758714741.jpg?lm=1,2002-06-20,11,0
319,Gianluigi Donnarumma,45000000.0,25.0,Goalkeeper,Italy,https://tmssl.akamaized.net//images/flagge/verysmall/75.png?lm=1520611569,https://img.a.transfermarkt.technology/portrait/medium/315858-1761076746.jpg?lm=1,1999-02-25,12,0
320,James Trafford,25000000.0,1.0,Goalkeeper,England,https://tmssl.akamaized.net//images/flagge/verysmall/189.png?lm=1520611569,https://img.a.transfermarkt.technology/portrait/medium/566799-1689876147.jpg?lm=1,2002-10-10,12,0
321,Marcus Bettinelli,500000.0,13.0,Goalkeeper,England,https://tmssl.akamaized.net//images/flagge/verysmall/189.png?lm=1520611569,https://img.a.transfermarkt.technology/portrait/medium/116648-1700671752.jpg?lm=1,1992-05-24,12,0
322,Josko Gvardiol,70000000.0,24.0,Centre-Back,Croatia,https://tmssl.akamaized.net//images/flagge/verysmall/37.png?lm=1520611569,https://img.a.transfermarkt.technology/portrait/medium/475959-1713391602.jpg?lm=1,2002-01-23,12,0
323,Marc Guéhi,65000000.0,15.0,Centre-Back,England,https://tmssl.akamaized.net//images/flagge/verysmall/189.png?lm=1520611569,https://img.a.transfermarkt.technology/portrait/medium/392757-1683030598.jpg?lm=1,2000-07-13,12,0
324,Rúben Dias,60000000.0,3.0,Centre-Back,Portugal,https://tmssl.akamaized.net//images/flagge/verysmall/136.png?lm=1520611569,https://img.a.transfermarkt.technology/portrait/medium/258004-1684921271.jpg?lm=1,1997-05-14,12,0
325,Abdukodir Khusanov,35000000.0,45.0,Centre-Back,Uzbekistan,https://tmssl.akamaized.net//images/flagge/verysmall/180.png?lm=1520611569,https://img.a.transfermarkt.technology/portrait/medium/763079-1740493347.jpg?lm=1,2004-02-29,12,0
326,John Stones,15000000.0,5.0,Centre-Back,England,https://tmssl.akamaized.net//images/flagge/verysmall/189.png?lm=1520611569,https://img.a.transfermarkt.technology/portrait/medium/186590-1684764261.jpg?lm=1,1994-05-28,12,0
327,Nathan Aké,15000000.0,6.0,Centre-Back,Netherlands,https://tmssl.akamaized.net//images/flagge/verysmall/122.png?lm=1520611569,https://img.a.transfermarkt.technology/portrait/medium/177476-1666733797.jpg?lm=1,1995-02-18,12,0
328,Max Alleyne,8000000.0,68.0,Centre-Back,England,https://tmssl.akamaized.net//images/flagge/verysmall/189.png?lm=1520611569,https://img.a.transfermarkt.technology/portrait/medium/843595-1773301916.jpg?lm=1,2005-07-21,12,0
329,Nico O'Reilly,50000000.0,33.0,Left-Back,England,https://tmssl.akamaized.net//images/flagge/verysmall/189.png?lm=1520611569,https://img.a.transfermarkt.technology/portrait/medium/743413-1751367149.jpg?lm=1,2005-03-21,12,0
330,Rayan Aït-Nouri,40000000.0,21.0,Left-Back,Algeria,https://tmssl.akamaized.net//images/flagge/verysmall/4.png?lm=1520611569,https://img.a.transfermarkt.technology/portrait/medium/578391-1761076429.jpg?lm=1,2001-06-06,12,0
331,Matheus Nunes,45000000.0,27.0,Right-Back,Portugal,https://tmssl.akamaized.net//images/flagge/verysmall/136.png?lm=1520611569,https://img.a.transfermarkt.technology/portrait/medium/601883-1761076097.jpg?lm=1,1998-08-27,12,0
332,Rico Lewis,32000000.0,82.0,Right-Back,England,https://tmssl.akamaized.net//images/flagge/verysmall/189.png?lm=1520611569,https://img.a.transfermarkt.technology/portrait/medium/701057-1684856684.jpg?lm=1,2004-11-21,12,0
333,Rodri,65000000.0,16.0,Defensive Midfield,Spain,https://tmssl.akamaized.net//images/flagge/verysmall/157.png?lm=1520611569,https://img.a.transfermarkt.technology/portrait/medium/357565-1682587890.jpg?lm=1,1996-06-22,12,0
334,Nico González,45000000.0,14.0,Defensive Midfield,Spain,https://tmssl.akamaized.net//images/flagge/verysmall/157.png?lm=1520611569,https://img.a.transfermarkt.technology/portrait/medium/466805-1743669968.jpg?lm=1,2002-01-03,12,0
335,Tijjani Reijnders,60000000.0,4.0,Central Midfield,Netherlands,https://tmssl.akamaized.net//images/flagge/verysmall/122.png?lm=1520611569,https://img.a.transfermarkt.technology/portrait/medium/460939-1773302677.jpg?lm=1,1998-07-29,12,0
336,Sverre Nypan,15000000.0,41.0,Central Midfield,Norway,https://tmssl.akamaized.net//images/flagge/verysmall/125.png?lm=1520611569,https://img.a.transfermarkt.technology/portrait/medium/911736-1743175613.jpg?lm=1,2006-12-19,12,0
337,Mateo Kovacic,12000000.0,8.0,Central Midfield,Croatia,https://tmssl.akamaized.net//images/flagge/verysmall/37.png?lm=1520611569,https://img.a.transfermarkt.technology/portrait/medium/51471-1682668192.jpg?lm=1,1994-05-06,12,0
338,Phil Foden,80000000.0,47.0,Attacking Midfield,England,https://tmssl.akamaized.net//images/flagge/verysmall/189.png?lm=1520611569,https://img.a.transfermarkt.technology/portrait/medium/406635-1668524492.jpg?lm=1,2000-05-28,12,0
339,Rayan Cherki,65000000.0,10.0,Attacking Midfield,France,https://tmssl.akamaized.net//images/flagge/verysmall/50.png?lm=1520611569,https://img.a.transfermarkt.technology/portrait/medium/607223-1773302431.jpg?lm=1,2003-08-17,12,0
340,Bernardo Silva,27000000.0,20.0,Attacking Midfield,Portugal,https://tmssl.akamaized.net//images/flagge/verysmall/136.png?lm=1520611569,https://img.a.transfermarkt.technology/portrait/medium/241641-1684311533.jpg?lm=1,1994-08-10,12,0
341,Jérémy Doku,65000000.0,11.0,Left Winger,Belgium,https://tmssl.akamaized.net//images/flagge/verysmall/19.png?lm=1520611569,https://img.a.transfermarkt.technology/portrait/medium/486049-1743670159.jpg?lm=1,2002-05-27,12,0
342,Savinho,40000000.0,26.0,Left Winger,Brazil,https://tmssl.akamaized.net//images/flagge/verysmall/26.png?lm=1520611569,https://img.a.transfermarkt.technology/portrait/medium/743591-1751367497.jpg?lm=1,2004-04-10,12,0
343,Antoine Semenyo,75000000.0,42.0,Right Winger,Ghana,https://tmssl.akamaized.net//images/flagge/verysmall/54.png?lm=1520611569,https://img.a.transfermarkt.technology/portrait/medium/583255-1737452028.jpg?lm=1,2000-01-07,12,0
344,Erling Haaland,200000000.0,9.0,Centre-Forward,Norway,https://tmssl.akamaized.net//images/flagge/verysmall/125.png?lm=1520611569,https://img.a.transfermarkt.technology/portrait/medium/418560-1709108116.png?lm=1,2000-07-21,12,0
345,Omar Marmoush,60000000.0,7.0,Centre-Forward,Egypt,https://tmssl.akamaized.net//images/flagge/verysmall/2.png?lm=1520611569,https://img.a.transfermarkt.technology/portrait/medium/445939-1747656490.jpg?lm=1,1999-02-07,12,0
346,Senne Lammens,30000000.0,31.0,Goalkeeper,Belgium,https://tmssl.akamaized.net//images/flagge/verysmall/19.png?lm=1520611569,https://img.a.transfermarkt.technology/portrait/medium/503883-1755675220.jpg?lm=1,2002-07-07,13,0
347,Altay Bayındır,7000000.0,1.0,Goalkeeper,Türkiye,https://tmssl.akamaized.net//images/flagge/verysmall/174.png?lm=1520611569,https://img.a.transfermarkt.technology/portrait/medium/336077-1699471821.jpg?lm=1,1998-04-14,13,0
348,Tom Heaton,150000.0,22.0,Goalkeeper,England,https://tmssl.akamaized.net//images/flagge/verysmall/189.png?lm=1520611569,https://img.a.transfermarkt.technology/portrait/medium/34130-1688121718.jpg?lm=1,1986-04-15,13,0
349,Leny Yoro,50000000.0,15.0,Centre-Back,France,https://tmssl.akamaized.net//images/flagge/verysmall/50.png?lm=1520611569,https://img.a.transfermarkt.technology/portrait/medium/923831-1747857948.jpg?lm=1,2005-11-13,13,0
350,Matthijs de Ligt,40000000.0,4.0,Centre-Back,Netherlands,https://tmssl.akamaized.net//images/flagge/verysmall/122.png?lm=1520611569,https://img.a.transfermarkt.technology/portrait/medium/326031-1700659567.jpg?lm=1,1999-08-12,13,0
351,Lisandro Martínez,40000000.0,6.0,Centre-Back,Argentina,https://tmssl.akamaized.net//images/flagge/verysmall/9.png?lm=1520611569,https://img.a.transfermarkt.technology/portrait/medium/480762-1680681507.jpg?lm=1,1998-01-18,13,0
352,Ayden Heaven,20000000.0,26.0,Centre-Back,England,https://tmssl.akamaized.net//images/flagge/verysmall/189.png?lm=1520611569,https://img.a.transfermarkt.technology/portrait/medium/1078163-1727382016.jpg?lm=1,2006-09-22,13,0
353,Harry Maguire,10000000.0,5.0,Centre-Back,England,https://tmssl.akamaized.net//images/flagge/verysmall/189.png?lm=1520611569,https://img.a.transfermarkt.technology/portrait/medium/177907-1663841733.jpg?lm=1,1993-03-05,13,0
354,Patrick Dorgu,35000000.0,13.0,Left-Back,Denmark,https://tmssl.akamaized.net//images/flagge/verysmall/39.png?lm=1520611569,https://img.a.transfermarkt.technology/portrait/medium/926952-1747857569.jpg?lm=1,2004-10-26,13,0
355,Luke Shaw,10000000.0,23.0,Left-Back,England,https://tmssl.akamaized.net//images/flagge/verysmall/189.png?lm=1520611569,https://img.a.transfermarkt.technology/portrait/medium/183288-1668500175.jpg?lm=1,1995-07-12,13,0
356,Tyrell Malacia,5000000.0,12.0,Left-Back,Netherlands,https://tmssl.akamaized.net//images/flagge/verysmall/122.png?lm=1520611569,https://img.a.transfermarkt.technology/portrait/medium/339340-1657096025.jpg?lm=1,1999-08-17,13,0
357,Diogo Dalot,30000000.0,2.0,Right-Back,Portugal,https://tmssl.akamaized.net//images/flagge/verysmall/136.png?lm=1520611569,https://img.a.transfermarkt.technology/portrait/medium/357147-1727785546.jpg?lm=1,1999-03-18,13,0
358,Noussair Mazraoui,20000000.0,3.0,Right-Back,Morocco,https://tmssl.akamaized.net//images/flagge/verysmall/107.png?lm=1520611569,https://img.a.transfermarkt.technology/portrait/medium/340456-1700207898.jpg?lm=1,1997-11-14,13,0
359,Manuel Ugarte,30000000.0,25.0,Defensive Midfield,Uruguay,https://tmssl.akamaized.net//images/flagge/verysmall/179.png?lm=1520611569,https://img.a.transfermarkt.technology/portrait/medium/476701-1715107512.jpg?lm=1,2001-04-11,13,0
360,Casemiro,8000000.0,18.0,Defensive Midfield,Brazil,https://tmssl.akamaized.net//images/flagge/verysmall/26.png?lm=1520611569,https://img.a.transfermarkt.technology/portrait/medium/16306-1699018876.jpg?lm=1,1992-02-23,13,0
361,Kobbie Mainoo,50000000.0,37.0,Central Midfield,England,https://tmssl.akamaized.net//images/flagge/verysmall/189.png?lm=1520611569,https://img.a.transfermarkt.technology/portrait/medium/820374-1719349758.jpg?lm=1,2005-04-19,13,0
362,Bruno Fernandes,40000000.0,8.0,Attacking Midfield,Portugal,https://tmssl.akamaized.net//images/flagge/verysmall/136.png?lm=1520611569,https://img.a.transfermarkt.technology/portrait/medium/240306-1683882766.jpg?lm=1,1994-09-08,13,0
363,Mason Mount,30000000.0,7.0,Attacking Midfield,England,https://tmssl.akamaized.net//images/flagge/verysmall/189.png?lm=1520611569,https://img.a.transfermarkt.technology/portrait/medium/346483-1683291495.jpg?lm=1,1999-01-10,13,0
364,Bryan Mbeumo,80000000.0,19.0,Right Winger,Cameroon,https://tmssl.akamaized.net//images/flagge/verysmall/31.png?lm=1520611569,https://img.a.transfermarkt.technology/portrait/medium/413039-1769532496.jpg?lm=1,1999-08-07,13,0
365,Amad Diallo,50000000.0,16.0,Right Winger,Cote d'Ivoire,https://tmssl.akamaized.net//images/flagge/verysmall/38.png?lm=1520611569,https://img.a.transfermarkt.technology/portrait/medium/536835-1747857754.jpg?lm=1,2002-07-11,13,0
366,Matheus Cunha,70000000.0,10.0,Centre-Forward,Brazil,https://tmssl.akamaized.net//images/flagge/verysmall/26.png?lm=1520611569,https://img.a.transfermarkt.technology/portrait/medium/517894-1696599737.jpg?lm=1,1999-05-27,13,0
367,Benjamin Sesko,65000000.0,30.0,Centre-Forward,Slovenia,https://tmssl.akamaized.net//images/flagge/verysmall/155.png?lm=1520611569,https://img.a.transfermarkt.technology/portrait/medium/627442-1713897956.jpg?lm=1,2003-05-31,13,0
368,Joshua Zirkzee,22000000.0,11.0,Centre-Forward,Netherlands,https://tmssl.akamaized.net//images/flagge/verysmall/122.png?lm=1520611569,https://img.a.transfermarkt.technology/portrait/medium/435648-1775738266.jpg?lm=1,2001-05-22,13,0
369,Chido Obi,5000000.0,32.0,Centre-Forward,Denmark,https://tmssl.akamaized.net//images/flagge/verysmall/39.png?lm=1520611569,https://img.a.transfermarkt.technology/portrait/medium/1042886-1739789319.jpg?lm=1,2007-11-29,13,0
370,Aaron Ramsdale,12000000.0,32.0,Goalkeeper,England,https://tmssl.akamaized.net//images/flagge/verysmall/189.png?lm=1520611569,https://img.a.transfermarkt.technology/portrait/medium/427568-1681828000.jpg?lm=1,1998-05-14,14,0
371,Nick Pope,7000000.0,1.0,Goalkeeper,England,https://tmssl.akamaized.net//images/flagge/verysmall/189.png?lm=1520611569,https://img.a.transfermarkt.technology/portrait/medium/192080-1663841362.jpg?lm=1,1992-04-19,14,0
372,Mark Gillespie,150000.0,29.0,Goalkeeper,England,https://tmssl.akamaized.net//images/flagge/verysmall/189.png?lm=1520611569,https://img.a.transfermarkt.technology/portrait/medium/142389-1746646196.jpg?lm=1,1992-03-27,14,0
373,John Ruddy,100000.0,26.0,Goalkeeper,England,https://tmssl.akamaized.net//images/flagge/verysmall/189.png?lm=1520611569,https://img.a.transfermarkt.technology/portrait/medium/29712-1736421115.jpg?lm=1,1986-10-24,14,0
374,Malick Thiaw,45000000.0,12.0,Centre-Back,Germany,https://tmssl.akamaized.net//images/flagge/verysmall/40.png?lm=1520612525,https://img.a.transfermarkt.technology/portrait/medium/521964-1682063635.jpg?lm=1,2001-08-08,14,0
375,Sven Botman,35000000.0,4.0,Centre-Back,Netherlands,https://tmssl.akamaized.net//images/flagge/verysmall/122.png?lm=1520611569,https://img.a.transfermarkt.technology/portrait/medium/361093-1683290679.jpg?lm=1,2000-01-12,14,0
376,Fabian Schär,6000000.0,5.0,Centre-Back,Switzerland,https://tmssl.akamaized.net//images/flagge/verysmall/148.png?lm=1520611569,https://img.a.transfermarkt.technology/portrait/medium/135343-1667990394.jpg?lm=1,1991-12-20,14,0
377,Dan Burn,5000000.0,33.0,Centre-Back,England,https://tmssl.akamaized.net//images/flagge/verysmall/189.png?lm=1520611569,https://img.a.transfermarkt.technology/portrait/medium/134270-1682340860.jpg?lm=1,1992-05-09,14,0
378,Lewis Hall,35000000.0,3.0,Left-Back,England,https://tmssl.akamaized.net//images/flagge/verysmall/189.png?lm=1520611569,https://img.a.transfermarkt.technology/portrait/medium/670858-1699385942.jpg?lm=1,2004-09-08,14,0
379,Alex Murphy,1500000.0,37.0,Left-Back,Ireland,https://tmssl.akamaized.net//images/flagge/verysmall/72.png?lm=1520611569,https://img.a.transfermarkt.technology/portrait/medium/900601-1714056292.jpg?lm=1,2004-06-25,14,0
380,Tino Livramento,40000000.0,21.0,Right-Back,England,https://tmssl.akamaized.net//images/flagge/verysmall/189.png?lm=1520611569,https://img.a.transfermarkt.technology/portrait/medium/503981-1699383321.jpg?lm=1,2002-11-12,14,0
381,Kieran Trippier,2500000.0,2.0,Right-Back,England,https://tmssl.akamaized.net//images/flagge/verysmall/189.png?lm=1520611569,https://img.a.transfermarkt.technology/portrait/medium/95810-1696454076.jpg?lm=1,1990-09-19,14,0
382,Emil Krafth,1000000.0,17.0,Right-Back,Sweden,https://tmssl.akamaized.net//images/flagge/verysmall/147.png?lm=1520611569,https://img.a.transfermarkt.technology/portrait/medium/184528-1674210829.jpg?lm=1,1994-08-02,14,0
383,Sandro Tonali,80000000.0,8.0,Defensive Midfield,Italy,https://tmssl.akamaized.net//images/flagge/verysmall/75.png?lm=1520611569,https://img.a.transfermarkt.technology/portrait/medium/397033-1688389270.jpg?lm=1,2000-05-08,14,0
384,Bruno Guimarães,75000000.0,39.0,Central Midfield,Brazil,https://tmssl.akamaized.net//images/flagge/verysmall/26.png?lm=1520611569,https://img.a.transfermarkt.technology/portrait/medium/520624-1668522672.jpg?lm=1,1997-11-16,14,0
385,Jacob Ramsey,35000000.0,41.0,Central Midfield,England,https://tmssl.akamaized.net//images/flagge/verysmall/189.png?lm=1520611569,https://img.a.transfermarkt.technology/portrait/medium/503749-1687975464.jpg?lm=1,2001-05-28,14,0
386,Joelinton,30000000.0,7.0,Central Midfield,Brazil,https://tmssl.akamaized.net//images/flagge/verysmall/26.png?lm=1520611569,https://img.a.transfermarkt.technology/portrait/medium/333241-1674210135.jpg?lm=1,1996-08-14,14,0
387,Lewis Miley,25000000.0,67.0,Central Midfield,England,https://tmssl.akamaized.net//images/flagge/verysmall/189.png?lm=1520611569,https://img.a.transfermarkt.technology/portrait/medium/922769-1696453881.jpg?lm=1,2006-05-01,14,0
388,Joe Willock,16000000.0,28.0,Central Midfield,England,https://tmssl.akamaized.net//images/flagge/verysmall/189.png?lm=1520611569,https://img.a.transfermarkt.technology/portrait/medium/340329-1761077592.jpg?lm=1,1999-08-20,14,0
389,Anthony Gordon,60000000.0,10.0,Left Winger,England,https://tmssl.akamaized.net//images/flagge/verysmall/189.png?lm=1520611569,https://img.a.transfermarkt.technology/portrait/medium/503733-1761080304.jpg?lm=1,2001-02-24,14,0
390,Harvey Barnes,32000000.0,11.0,Left Winger,England,https://tmssl.akamaized.net//images/flagge/verysmall/189.png?lm=1520611569,https://img.a.transfermarkt.technology/portrait/medium/398065-1761079974.jpg?lm=1,1997-12-09,14,0
391,Anthony Elanga,40000000.0,20.0,Right Winger,Sweden,https://tmssl.akamaized.net//images/flagge/verysmall/147.png?lm=1520611569,https://img.a.transfermarkt.technology/portrait/medium/583189-1700739021.jpg?lm=1,2002-04-27,14,0
392,Jacob Murphy,15000000.0,23.0,Right Winger,England,https://tmssl.akamaized.net//images/flagge/verysmall/189.png?lm=1520611569,https://img.a.transfermarkt.technology/portrait/medium/199527-1674210561.jpg?lm=1,1995-02-24,14,0
393,Nick Woltemade,65000000.0,27.0,Centre-Forward,Germany,https://tmssl.akamaized.net//images/flagge/verysmall/40.png?lm=1520612525,https://img.a.transfermarkt.technology/portrait/medium/455661-1723707419.jpg?lm=1,2002-02-14,14,0
394,Yoane Wissa,30000000.0,9.0,Centre-Forward,DR Congo,https://tmssl.akamaized.net//images/flagge/verysmall/193.png?lm=1520611569,https://img.a.transfermarkt.technology/portrait/medium/388165-1740646948.jpg?lm=1,1996-09-03,14,0
395,William Osula,15000000.0,18.0,Centre-Forward,Denmark,https://tmssl.akamaized.net//images/flagge/verysmall/39.png?lm=1520611569,https://img.a.transfermarkt.technology/portrait/medium/609556-1693217416.jpg?lm=1,2003-08-04,14,0
396,John Victor,7000000.0,13.0,Goalkeeper,Brazil,https://tmssl.akamaized.net//images/flagge/verysmall/26.png?lm=1520611569,https://img.a.transfermarkt.technology/portrait/medium/432914-1734107350.jpg?lm=1,1996-02-13,15,0
397,Stefan Ortega,5000000.0,27.0,Goalkeeper,Germany,https://tmssl.akamaized.net//images/flagge/verysmall/40.png?lm=1520612525,https://img.a.transfermarkt.technology/portrait/medium/85941-1668065114.jpg?lm=1,1992-11-06,15,0
398,Matz Sels,4000000.0,26.0,Goalkeeper,Belgium,https://tmssl.akamaized.net//images/flagge/verysmall/19.png?lm=1520611569,https://img.a.transfermarkt.technology/portrait/medium/127202-1665067633.jpg?lm=1,1992-02-26,15,0
399,Angus Gunn,1500000.0,18.0,Goalkeeper,Scotland,https://tmssl.akamaized.net//images/flagge/verysmall/190.png?lm=1520611569,https://img.a.transfermarkt.technology/portrait/medium/201574-1716378186.jpg?lm=1,1996-01-22,15,0
400,Murillo,50000000.0,5.0,Centre-Back,Brazil,https://tmssl.akamaized.net//images/flagge/verysmall/26.png?lm=1520611569,https://img.a.transfermarkt.technology/portrait/medium/1005649-1709159139.jpg?lm=1,2002-07-04,15,0
401,Nikola Milenković,30000000.0,31.0,Centre-Back,Serbia,https://tmssl.akamaized.net//images/flagge/verysmall/215.png?lm=1520611569,https://img.a.transfermarkt.technology/portrait/medium/413507-1661166461.jpg?lm=1,1997-10-12,15,0
402,Morato,14000000.0,4.0,Centre-Back,Brazil,https://tmssl.akamaized.net//images/flagge/verysmall/26.png?lm=1520611569,https://img.a.transfermarkt.technology/portrait/medium/673492-1701295349.jpg?lm=1,2001-06-30,15,0
403,Jair Cunha,12000000.0,23.0,Centre-Back,Brazil,https://tmssl.akamaized.net//images/flagge/verysmall/26.png?lm=1520611569,https://img.a.transfermarkt.technology/portrait/medium/984096-1770845001.jpg?lm=1,2005-03-07,15,0
404,Zach Abbott,3000000.0,44.0,Centre-Back,England,https://tmssl.akamaized.net//images/flagge/verysmall/189.png?lm=1520611569,https://img.a.transfermarkt.technology/portrait/medium/933017-1724485038.jpg?lm=1,2006-05-13,15,0
405,Willy Boly,500000.0,30.0,Centre-Back,Cote d'Ivoire,https://tmssl.akamaized.net//images/flagge/verysmall/38.png?lm=1520611569,https://img.a.transfermarkt.technology/portrait/medium/142310-1663057112.jpg?lm=1,1991-02-03,15,0
406,Neco Williams,25000000.0,3.0,Left-Back,Wales,https://tmssl.akamaized.net//images/flagge/verysmall/191.png?lm=1520611569,https://img.a.transfermarkt.technology/portrait/medium/503680-1705499825.jpg?lm=1,2001-04-13,15,0
407,Luca Netz,6000000.0,25.0,Left-Back,Germany,https://tmssl.akamaized.net//images/flagge/verysmall/40.png?lm=1520612525,https://img.a.transfermarkt.technology/portrait/medium/524285-1760967382.jpg?lm=1,2003-05-15,15,0
408,Ola Aina,20000000.0,34.0,Right-Back,Nigeria,https://tmssl.akamaized.net//images/flagge/verysmall/124.png?lm=1520611569,https://img.a.transfermarkt.technology/portrait/medium/236490-1707383919.jpg?lm=1,1996-10-08,15,0
409,Nicolò Savona,18000000.0,37.0,Right-Back,Italy,https://tmssl.akamaized.net//images/flagge/verysmall/75.png?lm=1520611569,https://img.a.transfermarkt.technology/portrait/medium/708072-1730125797.jpg?lm=1,2003-03-19,15,0
410,Eric da Silva Moreira,1000000.0,17.0,Right-Back,Germany,https://tmssl.akamaized.net//images/flagge/verysmall/40.png?lm=1520612525,https://img.a.transfermarkt.technology/portrait/medium/897481-1759779951.jpg?lm=1,2006-05-03,15,0
411,Ibrahim Sangaré,22000000.0,6.0,Defensive Midfield,Cote d'Ivoire,https://tmssl.akamaized.net//images/flagge/verysmall/38.png?lm=1520611569,https://img.a.transfermarkt.technology/portrait/medium/375885-1700738495.jpg?lm=1,1997-12-02,15,0
412,Elliot Anderson,60000000.0,8.0,Central Midfield,England,https://tmssl.akamaized.net//images/flagge/verysmall/189.png?lm=1520611569,https://img.a.transfermarkt.technology/portrait/medium/567576-1696453772.jpg?lm=1,2002-11-06,15,0
413,Nicolás Domínguez,16000000.0,16.0,Central Midfield,Argentina,https://tmssl.akamaized.net//images/flagge/verysmall/9.png?lm=1520611569,https://img.a.transfermarkt.technology/portrait/medium/497291-1767772056.jpg?lm=1,1998-06-28,15,0
414,Ryan Yates,8000000.0,22.0,Central Midfield,England,https://tmssl.akamaized.net//images/flagge/verysmall/189.png?lm=1520611569,https://img.a.transfermarkt.technology/portrait/medium/425902-1684239778.jpg?lm=1,1997-11-21,15,0
415,Morgan Gibbs-White,60000000.0,10.0,Attacking Midfield,England,https://tmssl.akamaized.net//images/flagge/verysmall/189.png?lm=1520611569,https://img.a.transfermarkt.technology/portrait/medium/429014-1687975822.jpg?lm=1,2000-01-27,15,0
416,Omari Hutchinson,30000000.0,21.0,Attacking Midfield,England,https://tmssl.akamaized.net//images/flagge/verysmall/189.png?lm=1520611569,https://img.a.transfermarkt.technology/portrait/medium/741238-1770845529.jpg?lm=1,2003-10-30,15,0
417,James McAtee,20000000.0,24.0,Attacking Midfield,England,https://tmssl.akamaized.net//images/flagge/verysmall/189.png?lm=1520611569,https://img.a.transfermarkt.technology/portrait/medium/583199-1770845444.jpg?lm=1,2002-10-18,15,0
418,Callum Hudson-Odoi,30000000.0,7.0,Left Winger,England,https://tmssl.akamaized.net//images/flagge/verysmall/189.png?lm=1520611569,https://img.a.transfermarkt.technology/portrait/medium/392768-1659969850.png?lm=1,2000-11-07,15,0
419,Dan Ndoye,35000000.0,14.0,Right Winger,Switzerland,https://tmssl.akamaized.net//images/flagge/verysmall/148.png?lm=1520611569,https://img.a.transfermarkt.technology/portrait/medium/365108-1718218474.jpg?lm=1,2000-10-25,15,0
420,Dilane Bakwa,28000000.0,29.0,Right Winger,France,https://tmssl.akamaized.net//images/flagge/verysmall/50.png?lm=1520611569,https://img.a.transfermarkt.technology/portrait/medium/540664-1775762611.jpg?lm=1,2002-08-26,15,0
421,Lorenzo Lucca,25000000.0,20.0,Centre-Forward,Italy,https://tmssl.akamaized.net//images/flagge/verysmall/75.png?lm=1520611569,https://img.a.transfermarkt.technology/portrait/medium/572265-1725531439.jpg?lm=1,2000-09-10,15,0
422,Igor Jesus,22000000.0,19.0,Centre-Forward,Brazil,https://tmssl.akamaized.net//images/flagge/verysmall/26.png?lm=1520611569,https://img.a.transfermarkt.technology/portrait/medium/432164-1725325779.jpg?lm=1,2001-02-25,15,0
423,Taiwo Awoniyi,9000000.0,9.0,Centre-Forward,Nigeria,https://tmssl.akamaized.net//images/flagge/verysmall/124.png?lm=1520611569,https://img.a.transfermarkt.technology/portrait/medium/295313-1774469214.jpg?lm=1,1997-08-12,15,0
424,Chris Wood,6000000.0,11.0,Centre-Forward,New Zealand,https://tmssl.akamaized.net//images/flagge/verysmall/120.png?lm=1520611569,https://img.a.transfermarkt.technology/portrait/medium/108725-1740646786.jpg?lm=1,1991-12-07,15,0
425,Robin Roefs,25000000.0,22.0,Goalkeeper,Netherlands,https://tmssl.akamaized.net//images/flagge/verysmall/122.png?lm=1520611569,https://img.a.transfermarkt.technology/portrait/medium/646991-1723035894.jpg?lm=1,2003-01-17,16,0
426,Melker Ellborg,3000000.0,31.0,Goalkeeper,Sweden,https://tmssl.akamaized.net//images/flagge/verysmall/147.png?lm=1520611569,https://img.a.transfermarkt.technology/portrait/medium/605426-1740563649.jpg?lm=1,2003-05-22,16,0
427,Simon Moore,100000.0,21.0,Goalkeeper,England,https://tmssl.akamaized.net//images/flagge/verysmall/189.png?lm=1520611569,https://img.a.transfermarkt.technology/portrait/medium/123536-1663853542.jpg?lm=1,1990-05-19,16,0
428,Dan Ballard,20000000.0,5.0,Centre-Back,Northern Ireland,https://tmssl.akamaized.net//images/flagge/verysmall/192.png?lm=1520611569,https://img.a.transfermarkt.technology/portrait/medium/503686-1748347870.jpg?lm=1,1999-09-22,16,0
429,Omar Alderete,15000000.0,15.0,Centre-Back,Paraguay,https://tmssl.akamaized.net//images/flagge/verysmall/132.png?lm=1520611569,https://img.a.transfermarkt.technology/portrait/medium/353032-1669365021.jpg?lm=1,1996-12-26,16,0
430,Luke O'Nien,1000000.0,13.0,Centre-Back,England,https://tmssl.akamaized.net//images/flagge/verysmall/189.png?lm=1520611569,https://img.a.transfermarkt.technology/portrait/medium/282939-1724770104.jpg?lm=1,1994-11-21,16,0
431,Dennis Cirkin,8000000.0,3.0,Left-Back,Latvia,https://tmssl.akamaized.net//images/flagge/verysmall/92.png?lm=1520611569,https://img.a.transfermarkt.technology/portrait/medium/568006-1711448219.jpg?lm=1,2002-04-06,16,0
432,Reinildo Mandava,5000000.0,17.0,Left-Back,Mozambique,https://tmssl.akamaized.net//images/flagge/verysmall/115.png?lm=1520611569,https://img.a.transfermarkt.technology/portrait/medium/240692-1666818500.jpg?lm=1,1994-01-21,16,0
433,Trai Hume,22000000.0,32.0,Right-Back,Northern Ireland,https://tmssl.akamaized.net//images/flagge/verysmall/192.png?lm=1520611569,https://img.a.transfermarkt.technology/portrait/medium/515544-1748348258.jpg?lm=1,2002-03-18,16,0
434,Lutsharel Geertruida,20000000.0,6.0,Right-Back,Netherlands,https://tmssl.akamaized.net//images/flagge/verysmall/122.png?lm=1520611569,https://img.a.transfermarkt.technology/portrait/medium/420210-1729520430.jpg?lm=1,2000-07-18,16,0
435,Nordi Mukiele,18000000.0,20.0,Right-Back,France,https://tmssl.akamaized.net//images/flagge/verysmall/50.png?lm=1520611569,https://img.a.transfermarkt.technology/portrait/medium/348026-1727378130.jpg?lm=1,1997-11-01,16,0
436,Granit Xhaka,10000000.0,34.0,Defensive Midfield,Switzerland,https://tmssl.akamaized.net//images/flagge/verysmall/148.png?lm=1520611569,https://img.a.transfermarkt.technology/portrait/medium/111455-1689711080.jpg?lm=1,1992-09-27,16,0
437,Habib Diarra,32000000.0,19.0,Central Midfield,Senegal,https://tmssl.akamaized.net//images/flagge/verysmall/149.png?lm=1520611569,https://img.a.transfermarkt.technology/portrait/medium/876631-1765811931.jpg?lm=1,2004-01-03,16,0
438,Noah Sadiki,30000000.0,27.0,Central Midfield,DR Congo,https://tmssl.akamaized.net//images/flagge/verysmall/193.png?lm=1520611569,https://img.a.transfermarkt.technology/portrait/medium/727089-1767005980.jpg?lm=1,2004-12-17,16,0
439,Enzo Le Fée,25000000.0,28.0,Central Midfield,France,https://tmssl.akamaized.net//images/flagge/verysmall/50.png?lm=1520611569,https://img.a.transfermarkt.technology/portrait/medium/633992-1764837815.jpg?lm=1,2000-02-03,16,0
440,Abdoullah Ba,2000000.0,46.0,Right Midfield,France,https://tmssl.akamaized.net//images/flagge/verysmall/50.png?lm=1520611569,https://img.a.transfermarkt.technology/portrait/medium/654412-1635852545.jpg?lm=1,2003-07-31,16,0
441,Chris Rigg,25000000.0,11.0,Attacking Midfield,England,https://tmssl.akamaized.net//images/flagge/verysmall/189.png?lm=1520611569,https://img.a.transfermarkt.technology/portrait/medium/947411-1707494096.png?lm=1,2007-06-18,16,0
442,Milan Aleksic,700000.0,30.0,Attacking Midfield,Serbia,https://tmssl.akamaized.net//images/flagge/verysmall/215.png?lm=1520611569,https://img.a.transfermarkt.technology/portrait/medium/942738-1725624504.jpg?lm=1,2005-08-30,16,0
443,Harrison Jones,150000.0,50.0,Attacking Midfield,England,https://tmssl.akamaized.net//images/flagge/verysmall/189.png?lm=1520611569,https://img.a.transfermarkt.technology/portrait/medium/937840-1747223873.jpg?lm=1,2004-12-25,16,0
444,Nilson Angulo,17000000.0,10.0,Left Winger,Ecuador,https://tmssl.akamaized.net//images/flagge/verysmall/44.png?lm=1520611569,https://img.a.transfermarkt.technology/portrait/medium/903611-1749390009.jpg?lm=1,2003-06-19,16,0
445,Romaine Mundle,8000000.0,14.0,Left Winger,England,https://tmssl.akamaized.net//images/flagge/verysmall/189.png?lm=1520611569,https://img.a.transfermarkt.technology/portrait/medium/696181-1748348552.jpg?lm=1,2003-04-24,16,0
446,Chemsdine Talbi,25000000.0,7.0,Right Winger,Morocco,https://tmssl.akamaized.net//images/flagge/verysmall/107.png?lm=1520611569,https://img.a.transfermarkt.technology/portrait/medium/743384-1764837422.jpg?lm=1,2005-05-09,16,0
447,Bertrand Traoré,5000000.0,25.0,Right Winger,Burkina Faso,https://tmssl.akamaized.net//images/flagge/verysmall/29.png?lm=1520611569,https://img.a.transfermarkt.technology/portrait/medium/131996-1696603763.jpg?lm=1,1995-09-06,16,0
448,Jocelin Ta Bi,3000000.0,37.0,Right Winger,Cote d'Ivoire,https://tmssl.akamaized.net//images/flagge/verysmall/38.png?lm=1520611569,https://img.a.transfermarkt.technology/portrait/medium/1322090-1768311614.jpg?lm=1,2005-02-09,16,0
449,Brian Brobbey,25000000.0,9.0,Centre-Forward,Netherlands,https://tmssl.akamaized.net//images/flagge/verysmall/122.png?lm=1520611569,https://img.a.transfermarkt.technology/portrait/medium/473169-1718013901.jpg?lm=1,2002-02-01,16,0
450,Eliezer Mayenda,18000000.0,12.0,Centre-Forward,Spain,https://tmssl.akamaized.net//images/flagge/verysmall/157.png?lm=1520611569,https://img.a.transfermarkt.technology/portrait/medium/967346-1724772065.jpg?lm=1,2005-05-08,16,0
451,Wilson Isidor,18000000.0,18.0,Centre-Forward,Haiti,https://tmssl.akamaized.net//images/flagge/verysmall/62.png?lm=1520611569,https://img.a.transfermarkt.technology/portrait/medium/494237-1739871086.jpg?lm=1,2000-08-27,16,0
452,Ahmed Abdullahi,1000000.0,29.0,Centre-Forward,Nigeria,https://tmssl.akamaized.net//images/flagge/verysmall/124.png?lm=1520611569,https://img.a.transfermarkt.technology/portrait/medium/1015619-1698072539.jpg?lm=1,2004-06-19,16,0
453,Guglielmo Vicario,23000000.0,1.0,Goalkeeper,Italy,https://tmssl.akamaized.net//images/flagge/verysmall/75.png?lm=1520611569,https://img.a.transfermarkt.technology/portrait/medium/286047-1725874745.jpg?lm=1,1996-10-07,17,0
454,Antonín Kinský,13000000.0,31.0,Goalkeeper,Czech Republic,https://tmssl.akamaized.net//images/flagge/verysmall/172.png?lm=1520611569,https://img.a.transfermarkt.technology/portrait/medium/725912-1766160431.jpg?lm=1,2003-03-13,17,0
455,Brandon Austin,500000.0,40.0,Goalkeeper,England,https://tmssl.akamaized.net//images/flagge/verysmall/189.png?lm=1520611569,https://img.a.transfermarkt.technology/portrait/medium/428016-1737735261.jpg?lm=1,1999-01-08,17,0
456,Micky van de Ven,65000000.0,37.0,Centre-Back,Netherlands,https://tmssl.akamaized.net//images/flagge/verysmall/122.png?lm=1520611569,https://img.a.transfermarkt.technology/portrait/medium/557459-1744313600.jpg?lm=1,2001-04-19,17,0
457,Cristian Romero,50000000.0,17.0,Centre-Back,Argentina,https://tmssl.akamaized.net//images/flagge/verysmall/9.png?lm=1520611569,https://img.a.transfermarkt.technology/portrait/medium/355915-1665609429.jpg?lm=1,1998-04-27,17,0
458,Radu Drăgușin,20000000.0,3.0,Centre-Back,Romania,https://tmssl.akamaized.net//images/flagge/verysmall/140.png?lm=1520611569,https://img.a.transfermarkt.technology/portrait/medium/568559-1704716630.jpg?lm=1,2002-02-03,17,0
459,Kevin Danso,20000000.0,4.0,Centre-Back,Austria,https://tmssl.akamaized.net//images/flagge/verysmall/127.png?lm=1520611569,https://img.a.transfermarkt.technology/portrait/medium/263236-1691217955.png?lm=1,1998-09-19,17,0
460,Ben Davies,5000000.0,33.0,Centre-Back,Wales,https://tmssl.akamaized.net//images/flagge/verysmall/191.png?lm=1520611569,https://img.a.transfermarkt.technology/portrait/medium/192765-1668520095.jpg?lm=1,1993-04-24,17,0
461,Destiny Udogie,35000000.0,13.0,Left-Back,Italy,https://tmssl.akamaized.net//images/flagge/verysmall/75.png?lm=1520611569,https://img.a.transfermarkt.technology/portrait/medium/556385-1697208468.jpg?lm=1,2002-11-28,17,0
462,Djed Spence,30000000.0,24.0,Left-Back,England,https://tmssl.akamaized.net//images/flagge/verysmall/189.png?lm=1520611569,https://img.a.transfermarkt.technology/portrait/medium/483348-1746645656.jpg?lm=1,2000-08-09,17,0
463,Souza,12000000.0,38.0,Left-Back,Brazil,https://tmssl.akamaized.net//images/flagge/verysmall/26.png?lm=1520611569,https://img.a.transfermarkt.technology/portrait/medium/1086258-1769207185.jpg?lm=1,2006-06-16,17,0
464,Pedro Porro,40000000.0,23.0,Right-Back,Spain,https://tmssl.akamaized.net//images/flagge/verysmall/157.png?lm=1520611569,https://img.a.transfermarkt.technology/portrait/medium/553875-1730812390.jpg?lm=1,1999-09-13,17,0
465,Rodrigo Bentancur,22000000.0,30.0,Defensive Midfield,Uruguay,https://tmssl.akamaized.net//images/flagge/verysmall/179.png?lm=1520611569,https://img.a.transfermarkt.technology/portrait/medium/354362-1740605779.jpg?lm=1,1997-06-25,17,0
466,João Palhinha,18000000.0,6.0,Defensive Midfield,Portugal,https://tmssl.akamaized.net//images/flagge/verysmall/136.png?lm=1520611569,https://img.a.transfermarkt.technology/portrait/medium/257455-1684773447.jpg?lm=1,1995-07-09,17,0
467,Yves Bissouma,12000000.0,8.0,Defensive Midfield,Mali,https://tmssl.akamaized.net//images/flagge/verysmall/105.png?lm=1520611569,https://img.a.transfermarkt.technology/portrait/medium/410425-1665607355.jpg?lm=1,1996-08-30,17,0
468,Lucas Bergvall,40000000.0,15.0,Central Midfield,Sweden,https://tmssl.akamaized.net//images/flagge/verysmall/147.png?lm=1520611569,https://img.a.transfermarkt.technology/portrait/medium/866246-1701861399.jpg?lm=1,2006-02-02,17,0
469,Archie Gray,35000000.0,14.0,Central Midfield,England,https://tmssl.akamaized.net//images/flagge/verysmall/189.png?lm=1520611569,https://img.a.transfermarkt.technology/portrait/medium/922693-1695108880.jpg?lm=1,2006-03-12,17,0
470,Conor Gallagher,35000000.0,22.0,Central Midfield,England,https://tmssl.akamaized.net//images/flagge/verysmall/189.png?lm=1520611569,https://img.a.transfermarkt.technology/portrait/medium/488362-1668500476.jpg?lm=1,2000-02-06,17,0
471,Pape Matar Sarr,32000000.0,29.0,Central Midfield,Senegal,https://tmssl.akamaized.net//images/flagge/verysmall/149.png?lm=1520611569,https://img.a.transfermarkt.technology/portrait/medium/568693-1668163083.jpg?lm=1,2002-09-14,17,0
472,Xavi Simons,50000000.0,7.0,Attacking Midfield,Netherlands,https://tmssl.akamaized.net//images/flagge/verysmall/122.png?lm=1520611569,https://img.a.transfermarkt.technology/portrait/medium/566931-1729778226.jpg?lm=1,2003-04-21,17,0
473,Dejan Kulusevski,35000000.0,21.0,Attacking Midfield,Sweden,https://tmssl.akamaized.net//images/flagge/verysmall/147.png?lm=1520611569,https://img.a.transfermarkt.technology/portrait/medium/431755-1684943454.jpg?lm=1,2000-04-25,17,0
474,James Maddison,25000000.0,10.0,Attacking Midfield,England,https://tmssl.akamaized.net//images/flagge/verysmall/189.png?lm=1520611569,https://img.a.transfermarkt.technology/portrait/medium/294057-1687982662.jpg?lm=1,1996-11-23,17,0
475,Wilson Odobert,20000000.0,28.0,Left Winger,France,https://tmssl.akamaized.net//images/flagge/verysmall/50.png?lm=1520611569,https://img.a.transfermarkt.technology/portrait/medium/743498-1740605858.jpg?lm=1,2004-11-28,17,0
476,Mohammed Kudus,55000000.0,20.0,Right Winger,Ghana,https://tmssl.akamaized.net//images/flagge/verysmall/54.png?lm=1520611569,https://img.a.transfermarkt.technology/portrait/medium/543499-1668429218.jpg?lm=1,2000-08-02,17,0
477,Dominic Solanke,35000000.0,19.0,Centre-Forward,England,https://tmssl.akamaized.net//images/flagge/verysmall/189.png?lm=1520611569,https://img.a.transfermarkt.technology/portrait/medium/258889-1708340487.jpg?lm=1,1997-09-14,17,0
478,Richarlison,28000000.0,9.0,Centre-Forward,Brazil,https://tmssl.akamaized.net//images/flagge/verysmall/26.png?lm=1520611569,https://img.a.transfermarkt.technology/portrait/medium/378710-1665608231.jpg?lm=1,1997-05-10,17,0
479,Mathys Tel,25000000.0,11.0,Centre-Forward,France,https://tmssl.akamaized.net//images/flagge/verysmall/50.png?lm=1520611569,https://img.a.transfermarkt.technology/portrait/medium/801734-1700040486.jpg?lm=1,2005-04-27,17,0
480,Randal Kolo Muani,22000000.0,39.0,Centre-Forward,France,https://tmssl.akamaized.net//images/flagge/verysmall/50.png?lm=1520611569,https://img.a.transfermarkt.technology/portrait/medium/487969-1718697120.jpg?lm=1,1998-12-05,17,0
481,Mads Hermansen,15000000.0,1.0,Goalkeeper,Denmark,https://tmssl.akamaized.net//images/flagge/verysmall/39.png?lm=1520611569,https://img.a.transfermarkt.technology/portrait/medium/400536-1707386039.jpg?lm=1,2000-07-11,18,0
482,Alphonse Areola,5000000.0,23.0,Goalkeeper,France,https://tmssl.akamaized.net//images/flagge/verysmall/50.png?lm=1520611569,https://img.a.transfermarkt.technology/portrait/medium/120629-1663243036.jpg?lm=1,1993-02-27,18,0
483,Lukasz Fabianski,250000.0,22.0,Goalkeeper,Poland,https://tmssl.akamaized.net//images/flagge/verysmall/135.png?lm=1520611569,https://img.a.transfermarkt.technology/portrait/medium/29692-1685709486.jpg?lm=1,1985-04-18,18,0
484,Jean-Clair Todibo,23000000.0,25.0,Centre-Back,France,https://tmssl.akamaized.net//images/flagge/verysmall/50.png?lm=1520611569,https://img.a.transfermarkt.technology/portrait/medium/605184-1699439806.jpg?lm=1,1999-12-30,18,0
485,Maximilian Kilman,16000000.0,3.0,Centre-Back,England,https://tmssl.akamaized.net//images/flagge/verysmall/189.png?lm=1520611569,https://img.a.transfermarkt.technology/portrait/medium/525247-1688370291.jpg?lm=1,1997-05-23,18,0
486,Axel Disasi,15000000.0,4.0,Centre-Back,France,https://tmssl.akamaized.net//images/flagge/verysmall/50.png?lm=1520611569,https://img.a.transfermarkt.technology/portrait/medium/386047-1727785671.jpg?lm=1,1998-03-11,18,0
487,Konstantinos Mavropanos,15000000.0,15.0,Centre-Back,Greece,https://tmssl.akamaized.net//images/flagge/verysmall/56.png?lm=1520611569,https://img.a.transfermarkt.technology/portrait/medium/415912-1691999569.jpg?lm=1,1997-12-11,18,0
488,Ezra Mayers,1200000.0,63.0,Centre-Back,England,https://tmssl.akamaized.net//images/flagge/verysmall/189.png?lm=1520611569,https://img.a.transfermarkt.technology/portrait/medium/1107726-1766482312.jpg?lm=1,2007-01-16,18,0
489,El Hadji Malick Diouf,28000000.0,12.0,Left-Back,Senegal,https://tmssl.akamaized.net//images/flagge/verysmall/149.png?lm=1520611569,https://img.a.transfermarkt.technology/portrait/medium/1111589-1768815059.jpg?lm=1,2004-12-28,18,0
490,Oliver Scarles,10000000.0,30.0,Left-Back,England,https://tmssl.akamaized.net//images/flagge/verysmall/189.png?lm=1520611569,https://img.a.transfermarkt.technology/portrait/medium/922563-1667548640.jpg?lm=1,2005-12-12,18,0
491,Aaron Wan-Bissaka,22000000.0,29.0,Right-Back,DR Congo,https://tmssl.akamaized.net//images/flagge/verysmall/193.png?lm=1520611569,https://img.a.transfermarkt.technology/portrait/medium/477758-1769112496.jpg?lm=1,1997-11-26,18,0
492,Kyle Walker-Peters,13000000.0,2.0,Right-Back,England,https://tmssl.akamaized.net//images/flagge/verysmall/189.png?lm=1520611569,https://img.a.transfermarkt.technology/portrait/medium/341051-1766483117.jpg?lm=1,1997-04-13,18,0
493,Soungoutou Magassa,17000000.0,27.0,Defensive Midfield,France,https://tmssl.akamaized.net//images/flagge/verysmall/50.png?lm=1520611569,https://img.a.transfermarkt.technology/portrait/medium/745181-1766482964.jpg?lm=1,2003-10-08,18,0
494,Tomáš Souček,12000000.0,28.0,Defensive Midfield,Czech Republic,https://tmssl.akamaized.net//images/flagge/verysmall/172.png?lm=1520611569,https://img.a.transfermarkt.technology/portrait/medium/283628-1704184173.jpg?lm=1,1995-02-27,18,0
495,Freddie Potts,10000000.0,32.0,Defensive Midfield,England,https://tmssl.akamaized.net//images/flagge/verysmall/189.png?lm=1520611569,https://img.a.transfermarkt.technology/portrait/medium/698164-1766482338.jpg?lm=1,2003-09-12,18,0
496,Mohamadou Kanté,300000.0,55.0,Defensive Midfield,France,https://tmssl.akamaized.net//images/flagge/verysmall/50.png?lm=1520611569,https://img.a.transfermarkt.technology/portrait/medium/1081995-1741902531.jpg?lm=1,2005-09-20,18,0
497,Mateus Fernandes,35000000.0,18.0,Central Midfield,Portugal,https://tmssl.akamaized.net//images/flagge/verysmall/136.png?lm=1520611569,https://img.a.transfermarkt.technology/portrait/medium/880245-1727786403.jpg?lm=1,2004-07-10,18,0
498,Crysencio Summerville,30000000.0,7.0,Left Winger,Netherlands,https://tmssl.akamaized.net//images/flagge/verysmall/122.png?lm=1520611569,https://img.a.transfermarkt.technology/portrait/medium/474701-1701683744.jpg?lm=1,2001-10-30,18,0
499,Keiber Lamadrid,1200000.0,21.0,Left Winger,Venezuela,https://tmssl.akamaized.net//images/flagge/verysmall/182.png?lm=1520611569,https://img.a.transfermarkt.technology/portrait/medium/1004203-1739806262.jpg?lm=1,2003-11-18,18,0
500,Jarrod Bowen,35000000.0,20.0,Right Winger,England,https://tmssl.akamaized.net//images/flagge/verysmall/189.png?lm=1520611569,https://img.a.transfermarkt.technology/portrait/medium/314875-1662362005.jpg?lm=1,1996-12-20,18,0
501,Adama Traoré,8000000.0,17.0,Right Winger,Spain,https://tmssl.akamaized.net//images/flagge/verysmall/157.png?lm=1520611569,https://img.a.transfermarkt.technology/portrait/medium/204103-1736153427.jpg?lm=1,1996-01-25,18,0
502,Taty Castellanos,28000000.0,11.0,Centre-Forward,Argentina,https://tmssl.akamaized.net//images/flagge/verysmall/9.png?lm=1520611569,https://img.a.transfermarkt.technology/portrait/medium/522784-1723926679.jpg?lm=1,1998-10-03,18,0
503,Pablo,18000000.0,19.0,Centre-Forward,Brazil,https://tmssl.akamaized.net//images/flagge/verysmall/26.png?lm=1520611569,https://img.a.transfermarkt.technology/portrait/medium/817665-1767624687.jpg?lm=1,2004-01-02,18,0
504,Callum Wilson,5000000.0,9.0,Centre-Forward,England,https://tmssl.akamaized.net//images/flagge/verysmall/189.png?lm=1520611569,https://img.a.transfermarkt.technology/portrait/medium/123682-1668090039.jpg?lm=1,1992-02-27,18,0
505,José Sá,5000000.0,1.0,Goalkeeper,Portugal,https://tmssl.akamaized.net//images/flagge/verysmall/136.png?lm=1520611569,https://img.a.transfermarkt.technology/portrait/medium/249994-1696600015.jpg?lm=1,1993-01-17,19,0
506,Sam Johnstone,3000000.0,31.0,Goalkeeper,England,https://tmssl.akamaized.net//images/flagge/verysmall/189.png?lm=1520611569,https://img.a.transfermarkt.technology/portrait/medium/110864-1672915792.jpg?lm=1,1993-03-25,19,0
507,Daniel Bentley,1000000.0,25.0,Goalkeeper,England,https://tmssl.akamaized.net//images/flagge/verysmall/189.png?lm=1520611569,https://img.a.transfermarkt.technology/portrait/medium/136401-1700737411.jpg?lm=1,1993-07-13,19,0
508,Ladislav Krejčí,22000000.0,37.0,Centre-Back,Czech Republic,https://tmssl.akamaized.net//images/flagge/verysmall/172.png?lm=1520611569,https://img.a.transfermarkt.technology/portrait/medium/345911-1716965804.jpg?lm=1,1999-04-20,19,0
509,Toti,20000000.0,24.0,Centre-Back,Portugal,https://tmssl.akamaized.net//images/flagge/verysmall/136.png?lm=1520611569,https://img.a.transfermarkt.technology/portrait/medium/606718-1743575342.jpg?lm=1,1999-01-16,19,0
510,Yerson Mosquera,12000000.0,15.0,Centre-Back,Colombia,https://tmssl.akamaized.net//images/flagge/verysmall/83.png?lm=1520611569,https://img.a.transfermarkt.technology/portrait/medium/716276-1682874906.jpg?lm=1,2001-05-02,19,0
511,Santiago Bueno,10000000.0,4.0,Centre-Back,Uruguay,https://tmssl.akamaized.net//images/flagge/verysmall/179.png?lm=1520611569,https://img.a.transfermarkt.technology/portrait/medium/438001-1738823992.jpg?lm=1,1998-11-09,19,0
512,Hugo Bueno,12000000.0,3.0,Left-Back,Spain,https://tmssl.akamaized.net//images/flagge/verysmall/157.png?lm=1520611569,https://img.a.transfermarkt.technology/portrait/medium/698678-1669020197.jpg?lm=1,2002-09-18,19,0
513,David Møller Wolfe,10000000.0,6.0,Left-Back,Norway,https://tmssl.akamaized.net//images/flagge/verysmall/125.png?lm=1520611569,https://img.a.transfermarkt.technology/portrait/medium/661427-1753350331.jpg?lm=1,2002-04-23,19,0
514,Jackson Tchatchoua,12000000.0,38.0,Right-Back,Cameroon,https://tmssl.akamaized.net//images/flagge/verysmall/31.png?lm=1520611569,https://img.a.transfermarkt.technology/portrait/medium/848509-1725529771.jpg?lm=1,2001-09-14,19,0
515,Pedro Lima,4000000.0,17.0,Right-Back,Brazil,https://tmssl.akamaized.net//images/flagge/verysmall/26.png?lm=1520611569,https://img.a.transfermarkt.technology/portrait/medium/1193867-1710156658.jpg?lm=1,2006-07-01,19,0
516,Matt Doherty,1500000.0,2.0,Right-Back,Ireland,https://tmssl.akamaized.net//images/flagge/verysmall/72.png?lm=1520611569,https://img.a.transfermarkt.technology/portrait/medium/171679-1682598455.jpg?lm=1,1992-01-16,19,0
517,André,25000000.0,7.0,Defensive Midfield,Brazil,https://tmssl.akamaized.net//images/flagge/verysmall/26.png?lm=1520611569,https://img.a.transfermarkt.technology/portrait/medium/800176-1699348390.jpg?lm=1,2001-07-16,19,0
518,João Gomes,35000000.0,8.0,Central Midfield,Brazil,https://tmssl.akamaized.net//images/flagge/verysmall/26.png?lm=1520611569,https://img.a.transfermarkt.technology/portrait/medium/735570-1675092223.jpg?lm=1,2001-02-12,19,0
519,Jean-Ricner Bellegarde,16000000.0,27.0,Central Midfield,Haiti,https://tmssl.akamaized.net//images/flagge/verysmall/62.png?lm=1520611569,https://img.a.transfermarkt.technology/portrait/medium/450050-1769112628.jpg?lm=1,1998-06-27,19,0
520,Rodrigo Gomes,15000000.0,21.0,Left Midfield,Portugal,https://tmssl.akamaized.net//images/flagge/verysmall/136.png?lm=1520611569,https://img.a.transfermarkt.technology/portrait/medium/667121-1749738496.jpg?lm=1,2003-07-07,19,0
521,Mateus Mané,20000000.0,36.0,Attacking Midfield,Portugal,https://tmssl.akamaized.net//images/flagge/verysmall/136.png?lm=1520611569,https://img.a.transfermarkt.technology/portrait/medium/1230661-1771869256.jpg?lm=1,2007-09-16,19,0
522,Angel Gomes,12000000.0,47.0,Attacking Midfield,England,https://tmssl.akamaized.net//images/flagge/verysmall/189.png?lm=1520611569,https://img.a.transfermarkt.technology/portrait/medium/392770-1666690396.jpg?lm=1,2000-08-31,19,0
523,Enso González,3000000.0,30.0,Left Winger,Paraguay,https://tmssl.akamaized.net//images/flagge/verysmall/132.png?lm=1520611569,https://img.a.transfermarkt.technology/portrait/medium/1060740-1759089108.jpg?lm=1,2005-01-20,19,0
524,Tolu Arokodare,22000000.0,14.0,Centre-Forward,Nigeria,https://tmssl.akamaized.net//images/flagge/verysmall/124.png?lm=1520611569,https://img.a.transfermarkt.technology/portrait/medium/683571-1714038632.png?lm=1,2000-11-23,19,0
525,Adam Armstrong,8000000.0,9.0,Centre-Forward,England,https://tmssl.akamaized.net//images/flagge/verysmall/189.png?lm=1520611569,https://img.a.transfermarkt.technology/portrait/medium/250426-1708002412.jpg?lm=1,1997-02-10,19,0
526,Hee-chan Hwang,8000000.0,11.0,Centre-Forward,"Korea, South",https://tmssl.akamaized.net//images/flagge/verysmall/87.png?lm=1520611569,https://img.a.transfermarkt.technology/portrait/medium/292246-1708341416.jpg?lm=1,1996-01-26,19,0
527,Nathan Fraser,600000.0,63.0,Centre-Forward,Ireland,https://tmssl.akamaized.net//images/flagge/verysmall/72.png?lm=1520611569,https://img.a.transfermarkt.technology/portrait/medium/863741-1706825593.jpg?lm=1,2005-02-22,19,0
528,James Beadle,5000000.0,25.0,Goalkeeper,England,https://tmssl.akamaized.net//images/flagge/verysmall/189.png?lm=1520611569,https://img.a.transfermarkt.technology/portrait/medium/670860-1669114553.jpg?lm=1,2004-07-16,20,1
529,Ryan Allsop,800000.0,21.0,Goalkeeper,England,https://tmssl.akamaized.net//images/flagge/verysmall/189.png?lm=1520611569,https://img.a.transfermarkt.technology/portrait/medium/111073-1725391646.jpg?lm=1,1992-06-17,20,1
530,Christoph Klarer,7000000.0,4.0,Centre-Back,Austria,https://tmssl.akamaized.net//images/flagge/verysmall/127.png?lm=1520611569,https://img.a.transfermarkt.technology/portrait/medium/346849-1720776525.jpg?lm=1,2000-06-14,20,1
531,Phil Neumann,3000000.0,5.0,Centre-Back,Germany,https://tmssl.akamaized.net//images/flagge/verysmall/40.png?lm=1520612525,https://img.a.transfermarkt.technology/portrait/medium/265176-1772009606.jpg?lm=1,1997-07-08,20,1
532,Jonathan Panzo,1500000.0,37.0,Centre-Back,England,https://tmssl.akamaized.net//images/flagge/verysmall/189.png?lm=1520611569,https://img.a.transfermarkt.technology/portrait/medium/392777-1737116146.jpg?lm=1,2000-10-25,20,1
533,Jack Robinson,500000.0,6.0,Centre-Back,England,https://tmssl.akamaized.net//images/flagge/verysmall/189.png?lm=1520611569,https://img.a.transfermarkt.technology/portrait/medium/128909-1700738070.jpg?lm=1,1993-09-01,20,1
534,Kai Wagner,3000000.0,31.0,Left-Back,Germany,https://tmssl.akamaized.net//images/flagge/verysmall/40.png?lm=1520612525,https://img.a.transfermarkt.technology/portrait/medium/357842-1740840355.jpg?lm=1,1997-02-15,20,1
535,Alex Cochrane,2500000.0,20.0,Left-Back,England,https://tmssl.akamaized.net//images/flagge/verysmall/189.png?lm=1520611569,https://img.a.transfermarkt.technology/portrait/medium/392773-1764055065.jpg?lm=1,2000-04-21,20,1
536,Lee Buchanan,1800000.0,3.0,Left-Back,England,https://tmssl.akamaized.net//images/flagge/verysmall/189.png?lm=1520611569,https://img.a.transfermarkt.technology/portrait/medium/532539-1660206530.jpg?lm=1,2001-03-07,20,1
537,Bright Osayi-Samuel,5500000.0,26.0,Right-Back,Nigeria,https://tmssl.akamaized.net//images/flagge/verysmall/124.png?lm=1520611569,https://img.a.transfermarkt.technology/portrait/medium/358948-1767008109.jpg?lm=1,1997-12-31,20,1
538,Ethan Laird,3000000.0,2.0,Right-Back,England,https://tmssl.akamaized.net//images/flagge/verysmall/189.png?lm=1520611569,https://img.a.transfermarkt.technology/portrait/medium/531679-1725392108.jpg?lm=1,2001-08-05,20,1
539,Tomoki Iwata,2500000.0,24.0,Defensive Midfield,Japan,https://tmssl.akamaized.net//images/flagge/verysmall/77.png?lm=1520611569,https://img.a.transfermarkt.technology/portrait/medium/356236-1702505466.jpg?lm=1,1997-04-07,20,1
540,Tommy Doyle,8000000.0,7.0,Central Midfield,England,https://tmssl.akamaized.net//images/flagge/verysmall/189.png?lm=1520611569,https://img.a.transfermarkt.technology/portrait/medium/433183-1682690588.jpg?lm=1,2001-10-17,20,1
541,Seung-ho Paik,2500000.0,8.0,Central Midfield,"Korea, South",https://tmssl.akamaized.net//images/flagge/verysmall/87.png?lm=1520611569,https://img.a.transfermarkt.technology/portrait/medium/282689-1715262077.jpg?lm=1,1997-03-17,20,1
542,Jhon Solís,2500000.0,14.0,Central Midfield,Colombia,https://tmssl.akamaized.net//images/flagge/verysmall/83.png?lm=1520611569,https://img.a.transfermarkt.technology/portrait/medium/742521-1715882394.jpg?lm=1,2004-10-03,20,1
543,Kanya Fujimoto,3000000.0,27.0,Attacking Midfield,Japan,https://tmssl.akamaized.net//images/flagge/verysmall/77.png?lm=1520611569,https://img.a.transfermarkt.technology/portrait/medium/415525-1762329579.jpg?lm=1,1999-07-01,20,1
544,Ibrahim Osman,8000000.0,17.0,Left Winger,Ghana,https://tmssl.akamaized.net//images/flagge/verysmall/54.png?lm=1520611569,https://img.a.transfermarkt.technology/portrait/medium/1110406-1697036818.jpg?lm=1,2004-11-29,20,1
545,Demarai Gray,3500000.0,10.0,Left Winger,Jamaica,https://tmssl.akamaized.net//images/flagge/verysmall/76.png?lm=1520611569,https://img.a.transfermarkt.technology/portrait/medium/292417-1611058584.jpg?lm=1,1996-06-28,20,1
546,Carlos Vicente,7000000.0,23.0,Right Winger,Spain,https://tmssl.akamaized.net//images/flagge/verysmall/157.png?lm=1520611569,https://img.a.transfermarkt.technology/portrait/medium/540536-1732115480.jpg?lm=1,1999-04-23,20,1
547,Patrick Roberts,5000000.0,16.0,Right Winger,England,https://tmssl.akamaized.net//images/flagge/verysmall/189.png?lm=1520611569,https://img.a.transfermarkt.technology/portrait/medium/225452-1724771824.jpg?lm=1,1997-02-05,20,1
548,Jay Stansfield,18000000.0,28.0,Centre-Forward,England,https://tmssl.akamaized.net//images/flagge/verysmall/189.png?lm=1520611569,https://img.a.transfermarkt.technology/portrait/medium/696346-1669625394.png?lm=1,2002-11-24,20,1
549,August Priske,7000000.0,29.0,Centre-Forward,Denmark,https://tmssl.akamaized.net//images/flagge/verysmall/39.png?lm=1520611569,https://img.a.transfermarkt.technology/portrait/medium/664808-1726641476.jpg?lm=1,2004-03-23,20,1
550,Kyogo Furuhashi,4500000.0,9.0,Centre-Forward,Japan,https://tmssl.akamaized.net//images/flagge/verysmall/77.png?lm=1520611569,https://img.a.transfermarkt.technology/portrait/medium/489463-1671709799.jpg?lm=1,1995-01-20,20,1
551,Marvin Ducksch,2000000.0,33.0,Centre-Forward,Germany,https://tmssl.akamaized.net//images/flagge/verysmall/40.png?lm=1520612525,https://img.a.transfermarkt.technology/portrait/medium/125103-1772009480.jpg?lm=1,1994-03-07,20,1
552,Aynsley Pears,1200000.0,1.0,Goalkeeper,England,https://tmssl.akamaized.net//images/flagge/verysmall/189.png?lm=1520611569,https://img.a.transfermarkt.technology/portrait/medium/354456-1741274659.jpg?lm=1,1998-04-23,21,1
553,Balázs Tóth,700000.0,22.0,Goalkeeper,Hungary,https://tmssl.akamaized.net//images/flagge/verysmall/178.png?lm=1521635893,https://img.a.transfermarkt.technology/portrait/medium/400044-1611948581.jpg?lm=1,1997-09-04,21,1
554,Eiran Cashin,5000000.0,20.0,Centre-Back,Ireland,https://tmssl.akamaized.net//images/flagge/verysmall/72.png?lm=1520611569,https://img.a.transfermarkt.technology/portrait/medium/581330-1699341875.jpg?lm=1,2001-11-09,21,1
555,Hayden Carter,2200000.0,17.0,Centre-Back,England,https://tmssl.akamaized.net//images/flagge/verysmall/189.png?lm=1520611569,https://img.a.transfermarkt.technology/portrait/medium/503780-1722353090.jpg?lm=1,1999-12-17,21,1
556,Scott Wharton,1500000.0,16.0,Centre-Back,England,https://tmssl.akamaized.net//images/flagge/verysmall/189.png?lm=1520611569,https://img.a.transfermarkt.technology/portrait/medium/364803-1680274827.jpg?lm=1,1997-10-03,21,1
557,Sean McLoughlin,750000.0,15.0,Centre-Back,Ireland,https://tmssl.akamaized.net//images/flagge/verysmall/72.png?lm=1520611569,https://img.a.transfermarkt.technology/portrait/medium/524210-1642684057.jpg?lm=1,1996-11-13,21,1
558,Connor O'Riordan,550000.0,26.0,Centre-Back,Ireland,https://tmssl.akamaized.net//images/flagge/verysmall/72.png?lm=1520611569,https://img.a.transfermarkt.technology/portrait/medium/929715-1722949117.jpg?lm=1,2003-10-19,21,1
559,Tom Atcheson,50000.0,38.0,Centre-Back,Northern Ireland,https://tmssl.akamaized.net//images/flagge/verysmall/192.png?lm=1520611569,https://img.a.transfermarkt.technology/portrait/medium/1087362-1747594698.jpg?lm=1,2006-09-22,21,1
560,Harry Pickering,2200000.0,3.0,Left-Back,England,https://tmssl.akamaized.net//images/flagge/verysmall/189.png?lm=1520611569,https://img.a.transfermarkt.technology/portrait/medium/426412-1756665420.jpg?lm=1,1998-12-29,21,1
561,Yuri Ribeiro,1000000.0,4.0,Left-Back,Portugal,https://tmssl.akamaized.net//images/flagge/verysmall/136.png?lm=1520611569,https://img.a.transfermarkt.technology/portrait/medium/258032-1677703100.png?lm=1,1997-01-24,21,1
562,Ryan Alebiosu,1200000.0,2.0,Right-Back,Nigeria,https://tmssl.akamaized.net//images/flagge/verysmall/124.png?lm=1520611569,https://img.a.transfermarkt.technology/portrait/medium/610649-1663332185.jpg?lm=1,2001-12-17,21,1
563,Lewis Miller,1000000.0,12.0,Right-Back,Australia,https://tmssl.akamaized.net//images/flagge/verysmall/12.png?lm=1520611569,https://img.a.transfermarkt.technology/portrait/medium/603864-1664871614.png?lm=1,2000-08-24,21,1
564,Taylor Gardner-Hickman,2000000.0,5.0,Defensive Midfield,England,https://tmssl.akamaized.net//images/flagge/verysmall/189.png?lm=1520611569,https://img.a.transfermarkt.technology/portrait/medium/546944-1683029708.jpg?lm=1,2001-12-30,21,1
565,Sidnei Tavares,2000000.0,8.0,Defensive Midfield,Cape Verde,https://tmssl.akamaized.net//images/flagge/verysmall/32.png?lm=1520611569,https://img.a.transfermarkt.technology/portrait/medium/511813-1709401814.jpg?lm=1,2001-09-29,21,1
566,Jake Garrett,500000.0,30.0,Defensive Midfield,England,https://tmssl.akamaized.net//images/flagge/verysmall/189.png?lm=1520611569,https://img.a.transfermarkt.technology/portrait/medium/570458-1709113346.jpg?lm=1,2003-03-10,21,1
567,Moussa Baradji,2000000.0,24.0,Central Midfield,France,https://tmssl.akamaized.net//images/flagge/verysmall/50.png?lm=1520611569,https://img.a.transfermarkt.technology/portrait/medium/821542-1738846469.jpg?lm=1,2000-11-20,21,1
568,Sondre Tronstad,1300000.0,6.0,Central Midfield,Norway,https://tmssl.akamaized.net//images/flagge/verysmall/125.png?lm=1520611569,https://img.a.transfermarkt.technology/portrait/medium/210348-1629617528.jpg?lm=1,1995-08-26,21,1
569,Axel Henriksson,1000000.0,18.0,Central Midfield,Sweden,https://tmssl.akamaized.net//images/flagge/verysmall/147.png?lm=1520611569,https://img.a.transfermarkt.technology/portrait/medium/754634-1723540041.png?lm=1,2002-04-16,21,1
570,Kristi Montgomery,500000.0,31.0,Central Midfield,Scotland,https://tmssl.akamaized.net//images/flagge/verysmall/190.png?lm=1520611569,https://img.a.transfermarkt.technology/portrait/medium/719680-1747594889.jpg?lm=1,2004-05-31,21,1
571,Adam Forshaw,200000.0,28.0,Central Midfield,England,https://tmssl.akamaized.net//images/flagge/verysmall/189.png?lm=1520611569,https://img.a.transfermarkt.technology/portrait/medium/121257-1740580508.jpg?lm=1,1991-10-08,21,1
572,Dion De Neve,900000.0,14.0,Left Midfield,Belgium,https://tmssl.akamaized.net//images/flagge/verysmall/19.png?lm=1520611569,https://img.a.transfermarkt.technology/portrait/medium/502245-1706175101.jpg?lm=1,2001-06-12,21,1
573,Todd Cantwell,3000000.0,10.0,Attacking Midfield,England,https://tmssl.akamaized.net//images/flagge/verysmall/189.png?lm=1520611569,https://img.a.transfermarkt.technology/portrait/medium/332341-1718724488.jpg?lm=1,1998-02-27,21,1
574,Ryoya Morishita,2200000.0,25.0,Attacking Midfield,Japan,https://tmssl.akamaized.net//images/flagge/verysmall/77.png?lm=1520611569,https://img.a.transfermarkt.technology/portrait/medium/679903-1709021208.png?lm=1,1997-04-11,21,1
575,Mathias Jørgensen,4000000.0,29.0,Right Winger,Denmark,https://tmssl.akamaized.net//images/flagge/verysmall/39.png?lm=1520611569,https://img.a.transfermarkt.technology/portrait/medium/542796-1664283915.png?lm=1,2000-09-20,21,1
576,Oladapo Afolayan,1800000.0,21.0,Right Winger,England,https://tmssl.akamaized.net//images/flagge/verysmall/189.png?lm=1520611569,https://img.a.transfermarkt.technology/portrait/medium/487850-1755033148.jpg?lm=1,1997-09-11,21,1
577,Nathan Redmond,1000000.0,27.0,Right Winger,England,https://tmssl.akamaized.net//images/flagge/verysmall/189.png?lm=1520611569,https://img.a.transfermarkt.technology/portrait/medium/129078-1666280539.png?lm=1,1994-03-06,21,1
578,Ryan Hedges,800000.0,19.0,Right Winger,Wales,https://tmssl.akamaized.net//images/flagge/verysmall/191.png?lm=1520611569,https://img.a.transfermarkt.technology/portrait/medium/326230-1624024214.jpg?lm=1,1995-07-08,21,1
579,Augustus Kargbo,1000000.0,7.0,Second Striker,Sierra Leone,https://tmssl.akamaized.net//images/flagge/verysmall/152.png?lm=1520611569,https://img.a.transfermarkt.technology/portrait/medium/549791-1666298996.jpg?lm=1,1999-08-24,21,1
580,Andri Gudjohnsen,2800000.0,11.0,Centre-Forward,Iceland,https://tmssl.akamaized.net//images/flagge/verysmall/73.png?lm=1520611569,https://img.a.transfermarkt.technology/portrait/medium/490967-1692355780.jpg?lm=1,2002-01-29,21,1
581,Yuki Ohashi,1600000.0,23.0,Centre-Forward,Japan,https://tmssl.akamaized.net//images/flagge/verysmall/77.png?lm=1520611569,https://img.a.transfermarkt.technology/portrait/medium/592116-1636896403.jpg?lm=1,1996-07-27,21,1
582,Igor Tyjon,50000.0,32.0,Centre-Forward,England,https://tmssl.akamaized.net//images/flagge/verysmall/189.png?lm=1520611569,https://img.a.transfermarkt.technology/portrait/medium/1192864-1747517393.jpg?lm=1,2008-03-20,21,1
583,Radek Vítek,4500000.0,23.0,Goalkeeper,Czech Republic,https://tmssl.akamaized.net//images/flagge/verysmall/172.png?lm=1520611569,https://img.a.transfermarkt.technology/portrait/medium/622236-1695239938.jpg?lm=1,2003-10-24,22,1
584,Joe Lumley,450000.0,13.0,Goalkeeper,England,https://tmssl.akamaized.net//images/flagge/verysmall/189.png?lm=1520611569,https://img.a.transfermarkt.technology/portrait/medium/336367-1709158388.jpg?lm=1,1995-02-15,22,1
585,Lewis Thomas,150000.0,32.0,Goalkeeper,Wales,https://tmssl.akamaized.net//images/flagge/verysmall/191.png?lm=1520611569,https://img.a.transfermarkt.technology/portrait/medium/319306-1737713011.jpg?lm=1,1997-09-20,22,1
586,Noah Eile,4000000.0,38.0,Centre-Back,Sweden,https://tmssl.akamaized.net//images/flagge/verysmall/147.png?lm=1520611569,https://img.a.transfermarkt.technology/portrait/medium/585329-1740943564.jpg?lm=1,2002-07-19,22,1
587,Rob Atkinson,3000000.0,5.0,Centre-Back,England,https://tmssl.akamaized.net//images/flagge/verysmall/189.png?lm=1520611569,https://img.a.transfermarkt.technology/portrait/medium/531783-1722508185.jpg?lm=1,1998-07-13,22,1
588,Luke McNally,3000000.0,15.0,Centre-Back,Ireland,https://tmssl.akamaized.net//images/flagge/verysmall/72.png?lm=1520611569,https://img.a.transfermarkt.technology/portrait/medium/535927-1684494094.jpg?lm=1,1999-09-20,22,1
589,Rob Dickie,2300000.0,16.0,Centre-Back,England,https://tmssl.akamaized.net//images/flagge/verysmall/189.png?lm=1520611569,https://img.a.transfermarkt.technology/portrait/medium/257437-1722354666.jpg?lm=1,1996-03-03,22,1
590,Josh Campbell-Slowey,50000.0,33.0,Centre-Back,England,https://tmssl.akamaized.net//images/flagge/verysmall/189.png?lm=1520611569,https://img.a.transfermarkt.technology/portrait/medium/1091002-1756667416.jpg?lm=1,2005-11-11,22,1
591,Neto Borges,2600000.0,21.0,Left-Back,Brazil,https://tmssl.akamaized.net//images/flagge/verysmall/26.png?lm=1520611569,https://img.a.transfermarkt.technology/portrait/medium/557939-1679508190.jpg?lm=1,1996-09-13,22,1
592,Cameron Pring,2200000.0,3.0,Left-Back,England,https://tmssl.akamaized.net//images/flagge/verysmall/189.png?lm=1520611569,https://img.a.transfermarkt.technology/portrait/medium/547382-1722355395.jpg?lm=1,1998-01-22,22,1
593,Seb Naylor,50000.0,24.0,Left-Back,England,https://tmssl.akamaized.net//images/flagge/verysmall/189.png?lm=1520611569,https://img.a.transfermarkt.technology/portrait/medium/1033102-1739803446.jpg?lm=1,2005-09-10,22,1
594,Ross McCrorie,3000000.0,2.0,Right-Back,Scotland,https://tmssl.akamaized.net//images/flagge/verysmall/190.png?lm=1520611569,https://img.a.transfermarkt.technology/portrait/medium/293746-1716377908.jpg?lm=1,1998-03-18,22,1
595,George Tanner,2500000.0,19.0,Right-Back,England,https://tmssl.akamaized.net//images/flagge/verysmall/189.png?lm=1520611569,https://img.a.transfermarkt.technology/portrait/medium/420811-1722355989.jpg?lm=1,1999-11-16,22,1
596,Adam Randell,2500000.0,4.0,Defensive Midfield,England,https://tmssl.akamaized.net//images/flagge/verysmall/189.png?lm=1520611569,https://img.a.transfermarkt.technology/portrait/medium/633463-1738998579.jpg?lm=1,2000-10-01,22,1
597,Jason Knight,7000000.0,12.0,Central Midfield,Ireland,https://tmssl.akamaized.net//images/flagge/verysmall/72.png?lm=1520611569,https://img.a.transfermarkt.technology/portrait/medium/530780-1731660065.jpg?lm=1,2001-02-13,22,1
598,Max Bird,3000000.0,6.0,Central Midfield,England,https://tmssl.akamaized.net//images/flagge/verysmall/189.png?lm=1520611569,https://img.a.transfermarkt.technology/portrait/medium/486464-1741274823.jpg?lm=1,2000-09-18,22,1
599,Joe Williams,1000000.0,8.0,Central Midfield,England,https://tmssl.akamaized.net//images/flagge/verysmall/189.png?lm=1520611569,https://img.a.transfermarkt.technology/portrait/medium/268185-1722357379.jpg?lm=1,1996-12-08,22,1
600,Sam Morsy,400000.0,40.0,Central Midfield,Egypt,https://tmssl.akamaized.net//images/flagge/verysmall/2.png?lm=1520611569,https://img.a.transfermarkt.technology/portrait/medium/123551-1658821486.jpg?lm=1,1991-09-10,22,1
601,Adam Murphy,50000.0,28.0,Central Midfield,Ireland,https://tmssl.akamaized.net//images/flagge/verysmall/72.png?lm=1520611569,https://img.a.transfermarkt.technology/portrait/medium/741270-1756843117.jpg?lm=1,2005-04-08,22,1
602,Tomi Horvat,5000000.0,14.0,Right Midfield,Slovenia,https://tmssl.akamaized.net//images/flagge/verysmall/155.png?lm=1520611569,https://img.a.transfermarkt.technology/portrait/medium/340415-1736777089.jpg?lm=1,1999-03-24,22,1
603,Mark Sykes,1800000.0,17.0,Right Midfield,Ireland,https://tmssl.akamaized.net//images/flagge/verysmall/72.png?lm=1520611569,https://img.a.transfermarkt.technology/portrait/medium/320403-1692731323.jpg?lm=1,1997-08-04,22,1
604,Scott Twine,12000000.0,10.0,Attacking Midfield,England,https://tmssl.akamaized.net//images/flagge/verysmall/189.png?lm=1520611569,https://img.a.transfermarkt.technology/portrait/medium/433818-1645779459.jpg?lm=1,1999-07-14,22,1
605,George Earthy,2000000.0,44.0,Attacking Midfield,England,https://tmssl.akamaized.net//images/flagge/verysmall/189.png?lm=1520611569,https://img.a.transfermarkt.technology/portrait/medium/697280-1709883992.jpg?lm=1,2004-09-05,22,1
606,Delano Burgzorg,3000000.0,11.0,Left Winger,Suriname,https://tmssl.akamaized.net//images/flagge/verysmall/161.png?lm=1520611569,https://img.a.transfermarkt.technology/portrait/medium/436585-1657707428.jpg?lm=1,1998-11-07,22,1
607,Sam Bell,1000000.0,20.0,Left Winger,England,https://tmssl.akamaized.net//images/flagge/verysmall/189.png?lm=1520611569,https://img.a.transfermarkt.technology/portrait/medium/801425-1722506439.jpg?lm=1,2002-05-23,22,1
608,Emil Riis,6000000.0,18.0,Centre-Forward,Denmark,https://tmssl.akamaized.net//images/flagge/verysmall/39.png?lm=1520611569,https://img.a.transfermarkt.technology/portrait/medium/293325-1601284331.jpg?lm=1,1998-06-24,22,1
609,Sinclair Armstrong,2200000.0,30.0,Centre-Forward,Ireland,https://tmssl.akamaized.net//images/flagge/verysmall/72.png?lm=1520611569,https://img.a.transfermarkt.technology/portrait/medium/724532-1701544965.jpg?lm=1,2003-06-22,22,1
610,Thomas Kaminski,1300000.0,1.0,Goalkeeper,Belgium,https://tmssl.akamaized.net//images/flagge/verysmall/19.png?lm=1520611569,https://img.a.transfermarkt.technology/portrait/medium/77757-1738908137.jpg?lm=1,1992-10-23,23,1
611,Will Mannion,400000.0,25.0,Goalkeeper,England,https://tmssl.akamaized.net//images/flagge/verysmall/189.png?lm=1520611569,https://img.a.transfermarkt.technology/portrait/medium/456111-1746348809.jpg?lm=1,1998-05-05,23,1
612,Tiernan Brooks,50000.0,21.0,Goalkeeper,Ireland,https://tmssl.akamaized.net//images/flagge/verysmall/72.png?lm=1520611569,https://img.a.transfermarkt.technology/portrait/medium/814499-1775588700.jpg?lm=1,2002-06-17,23,1
613,Conor Coady,1500000.0,15.0,Centre-Back,England,https://tmssl.akamaized.net//images/flagge/verysmall/189.png?lm=1520611569,https://img.a.transfermarkt.technology/portrait/medium/128901-1668090438.jpg?lm=1,1993-02-25,23,1
614,Reece Burke,1300000.0,32.0,Centre-Back,England,https://tmssl.akamaized.net//images/flagge/verysmall/189.png?lm=1520611569,https://img.a.transfermarkt.technology/portrait/medium/264220-1700735651.jpg?lm=1,1996-09-02,23,1
615,Lloyd Jones,1200000.0,5.0,Centre-Back,England,https://tmssl.akamaized.net//images/flagge/verysmall/189.png?lm=1520611569,https://img.a.transfermarkt.technology/portrait/medium/244040-1746349026.jpg?lm=1,1995-10-07,23,1
616,Amari'i Bell,1000000.0,17.0,Centre-Back,Jamaica,https://tmssl.akamaized.net//images/flagge/verysmall/76.png?lm=1520611569,https://img.a.transfermarkt.technology/portrait/medium/278166-1651652557.png?lm=1,1994-05-05,23,1
617,Luke Chambers,800000.0,19.0,Centre-Back,England,https://tmssl.akamaized.net//images/flagge/verysmall/189.png?lm=1520611569,https://img.a.transfermarkt.technology/portrait/medium/670861-1698353801.jpg?lm=1,2004-06-24,23,1
618,Collins Sichenje,450000.0,28.0,Centre-Back,Kenya,https://tmssl.akamaized.net//images/flagge/verysmall/82.png?lm=1520611569,https://img.a.transfermarkt.technology/portrait/medium/872295-1718957541.png?lm=1,2003-09-19,23,1
619,Macaulay Gillesphey,400000.0,3.0,Centre-Back,England,https://tmssl.akamaized.net//images/flagge/verysmall/189.png?lm=1520611569,https://img.a.transfermarkt.technology/portrait/medium/267113-1645783774.jpg?lm=1,1995-11-24,23,1
620,Zach Mitchell,200000.0,20.0,Centre-Back,England,https://tmssl.akamaized.net//images/flagge/verysmall/189.png?lm=1520611569,https://img.a.transfermarkt.technology/portrait/medium/796307-1755072189.jpg?lm=1,2005-01-09,23,1
621,Josh Edwards,550000.0,16.0,Left-Back,Scotland,https://tmssl.akamaized.net//images/flagge/verysmall/190.png?lm=1520611569,https://img.a.transfermarkt.technology/portrait/medium/540378-1746349226.jpg?lm=1,2000-05-27,23,1
622,Harry Clarke,3000000.0,44.0,Right-Back,England,https://tmssl.akamaized.net//images/flagge/verysmall/189.png?lm=1520611569,https://img.a.transfermarkt.technology/portrait/medium/528892-1628698186.jpg?lm=1,2001-03-02,23,1
623,Joe Rankin-Costello,1200000.0,26.0,Right-Back,England,https://tmssl.akamaized.net//images/flagge/verysmall/189.png?lm=1520611569,https://img.a.transfermarkt.technology/portrait/medium/411229-1680275032.jpg?lm=1,1999-07-26,23,1
624,Kayne Ramsay,800000.0,2.0,Right-Back,England,https://tmssl.akamaized.net//images/flagge/verysmall/189.png?lm=1520611569,https://img.a.transfermarkt.technology/portrait/medium/530879-1633438285.jpg?lm=1,2000-10-10,23,1
625,Conor Coventry,2000000.0,6.0,Defensive Midfield,Ireland,https://tmssl.akamaized.net//images/flagge/verysmall/72.png?lm=1520611569,https://img.a.transfermarkt.technology/portrait/medium/419025-1662362174.jpg?lm=1,2000-03-25,23,1
626,Greg Docherty,1000000.0,10.0,Central Midfield,Scotland,https://tmssl.akamaized.net//images/flagge/verysmall/190.png?lm=1520611569,https://img.a.transfermarkt.technology/portrait/medium/227618-1642684187.jpg?lm=1,1996-09-10,23,1
627,Ibrahim Fullah,400000.0,37.0,Central Midfield,England,https://tmssl.akamaized.net//images/flagge/verysmall/189.png?lm=1520611569,https://img.a.transfermarkt.technology/portrait/medium/1215441-1755072289.jpg?lm=1,2007-04-05,23,1
628,Luke Berry,250000.0,8.0,Central Midfield,England,https://tmssl.akamaized.net//images/flagge/verysmall/189.png?lm=1520611569,https://img.a.transfermarkt.technology/portrait/medium/125685-1632910021.png?lm=1,1992-07-12,23,1
629,Sonny Carey,4000000.0,14.0,Attacking Midfield,England,https://tmssl.akamaized.net//images/flagge/verysmall/189.png?lm=1520611569,https://img.a.transfermarkt.technology/portrait/medium/820999-1680776639.jpg?lm=1,2001-01-20,23,1
630,Harvey Knibbs,1800000.0,41.0,Attacking Midfield,England,https://tmssl.akamaized.net//images/flagge/verysmall/189.png?lm=1520611569,https://img.a.transfermarkt.technology/portrait/medium/484735-1739870750.jpg?lm=1,1999-04-26,23,1
631,Tyreece Campbell,1500000.0,7.0,Left Winger,Jamaica,https://tmssl.akamaized.net//images/flagge/verysmall/76.png?lm=1520611569,https://img.a.transfermarkt.technology/portrait/medium/747267-1746349431.jpg?lm=1,2003-09-14,23,1
632,Jayden Fevrier,350000.0,77.0,Right Winger,England,https://tmssl.akamaized.net//images/flagge/verysmall/189.png?lm=1520611569,https://img.a.transfermarkt.technology/portrait/medium/559172-1745740663.jpg?lm=1,2003-04-14,23,1
633,Kaheim Dixon,100000.0,13.0,Right Winger,Jamaica,https://tmssl.akamaized.net//images/flagge/verysmall/76.png?lm=1520611569,https://img.a.transfermarkt.technology/portrait/medium/1124543-1732629258.jpg?lm=1,2004-10-04,23,1
634,Charlie Kelman,3000000.0,23.0,Centre-Forward,United States,https://tmssl.akamaized.net//images/flagge/verysmall/184.png?lm=1520611569,https://img.a.transfermarkt.technology/portrait/medium/633492-1701545056.jpg?lm=1,2001-11-02,23,1
635,Lyndon Dykes,1000000.0,99.0,Centre-Forward,Scotland,https://tmssl.akamaized.net//images/flagge/verysmall/190.png?lm=1520611569,https://img.a.transfermarkt.technology/portrait/medium/347138-1701544889.jpg?lm=1,1995-10-07,23,1
636,Miles Leaburn,800000.0,11.0,Centre-Forward,England,https://tmssl.akamaized.net//images/flagge/verysmall/189.png?lm=1520611569,https://img.a.transfermarkt.technology/portrait/medium/874064-1746349695.jpg?lm=1,2003-11-28,23,1
637,Matty Godden,150000.0,24.0,Centre-Forward,England,https://tmssl.akamaized.net//images/flagge/verysmall/189.png?lm=1520611569,https://img.a.transfermarkt.technology/portrait/medium/145553-1684495021.jpg?lm=1,1991-07-29,23,1
638,Carl Rushworth,10000000.0,19.0,Goalkeeper,England,https://tmssl.akamaized.net//images/flagge/verysmall/189.png?lm=1520611569,https://img.a.transfermarkt.technology/portrait/medium/646353-1664348532.jpg?lm=1,2001-07-02,24,1
639,Oliver Dovin,2500000.0,1.0,Goalkeeper,Sweden,https://tmssl.akamaized.net//images/flagge/verysmall/147.png?lm=1520611569,https://img.a.transfermarkt.technology/portrait/medium/527329-1637671679.jpg?lm=1,2002-07-11,24,1
640,Ben Wilson,500000.0,13.0,Goalkeeper,England,https://tmssl.akamaized.net//images/flagge/verysmall/189.png?lm=1520611569,https://img.a.transfermarkt.technology/portrait/medium/121352-1663853572.jpg?lm=1,1992-08-09,24,1
641,Bobby Thomas,14000000.0,4.0,Centre-Back,England,https://tmssl.akamaized.net//images/flagge/verysmall/189.png?lm=1520611569,https://img.a.transfermarkt.technology/portrait/medium/788283-1709161995.jpg?lm=1,2001-01-30,24,1
642,Liam Kitching,12000000.0,15.0,Centre-Back,England,https://tmssl.akamaized.net//images/flagge/verysmall/189.png?lm=1520611569,https://img.a.transfermarkt.technology/portrait/medium/534701-1709161897.jpg?lm=1,1999-09-25,24,1
643,Joel Latibeaudiere,3000000.0,22.0,Centre-Back,Jamaica,https://tmssl.akamaized.net//images/flagge/verysmall/76.png?lm=1520611569,https://img.a.transfermarkt.technology/portrait/medium/412823-1694712983.jpg?lm=1,2000-01-06,24,1
644,Luke Woolfenden,2000000.0,26.0,Centre-Back,England,https://tmssl.akamaized.net//images/flagge/verysmall/189.png?lm=1520611569,https://img.a.transfermarkt.technology/portrait/medium/527425-1664180037.jpg?lm=1,1998-10-21,24,1
645,Jay Dasilva,6000000.0,3.0,Left-Back,Wales,https://tmssl.akamaized.net//images/flagge/verysmall/191.png?lm=1520611569,https://img.a.transfermarkt.technology/portrait/medium/258915-1740580680.jpg?lm=1,1998-04-22,24,1
646,Miguel Ángel Brau,1000000.0,33.0,Left-Back,Spain,https://tmssl.akamaized.net//images/flagge/verysmall/157.png?lm=1520611569,https://img.a.transfermarkt.technology/portrait/medium/713649-1733831034.jpg?lm=1,2001-12-27,24,1
647,Jake Bidwell,800000.0,21.0,Left-Back,England,https://tmssl.akamaized.net//images/flagge/verysmall/189.png?lm=1520611569,https://img.a.transfermarkt.technology/portrait/medium/121250-1663853596.jpg?lm=1,1993-03-21,24,1
648,Milan van Ewijk,18000000.0,27.0,Right-Back,Netherlands,https://tmssl.akamaized.net//images/flagge/verysmall/122.png?lm=1520611569,https://img.a.transfermarkt.technology/portrait/medium/587335-1723021003.jpg?lm=1,2000-09-08,24,1
649,Kaine Kesler-Hayden,4000000.0,20.0,Right-Back,England,https://tmssl.akamaized.net//images/flagge/verysmall/189.png?lm=1520611569,https://img.a.transfermarkt.technology/portrait/medium/626888-1633425896.jpg?lm=1,2002-10-23,24,1
650,Matt Grimes,5000000.0,6.0,Defensive Midfield,England,https://tmssl.akamaized.net//images/flagge/verysmall/189.png?lm=1520611569,https://img.a.transfermarkt.technology/portrait/medium/265471-1724942342.jpg?lm=1,1995-07-15,24,1
651,Victor Torp,12000000.0,29.0,Central Midfield,Denmark,https://tmssl.akamaized.net//images/flagge/verysmall/39.png?lm=1520611569,https://img.a.transfermarkt.technology/portrait/medium/403692-1626438172.jpg?lm=1,1999-07-30,24,1
652,Frank Onyeka,7000000.0,16.0,Central Midfield,Nigeria,https://tmssl.akamaized.net//images/flagge/verysmall/124.png?lm=1520611569,https://img.a.transfermarkt.technology/portrait/medium/421637-1726605377.jpg?lm=1,1998-01-01,24,1
653,Josh Eccles,7000000.0,28.0,Central Midfield,England,https://tmssl.akamaized.net//images/flagge/verysmall/189.png?lm=1520611569,https://img.a.transfermarkt.technology/portrait/medium/618903-1684494966.jpg?lm=1,2000-04-06,24,1
654,Jamie Allen,600000.0,8.0,Central Midfield,England,https://tmssl.akamaized.net//images/flagge/verysmall/189.png?lm=1520611569,https://img.a.transfermarkt.technology/portrait/medium/257727-1663853775.jpg?lm=1,1995-01-29,24,1
655,Ephron Mason-Clark,10000000.0,10.0,Left Midfield,Jamaica,https://tmssl.akamaized.net//images/flagge/verysmall/76.png?lm=1520611569,https://img.a.transfermarkt.technology/portrait/medium/466637-1705419779.jpg?lm=1,1999-08-25,24,1
656,Jack Rudoni,18000000.0,5.0,Attacking Midfield,England,https://tmssl.akamaized.net//images/flagge/verysmall/189.png?lm=1520611569,https://img.a.transfermarkt.technology/portrait/medium/662476-1612879100.jpg?lm=1,2001-06-14,24,1
657,Romain Esse,10000000.0,14.0,Right Winger,England,https://tmssl.akamaized.net//images/flagge/verysmall/189.png?lm=1520611569,https://img.a.transfermarkt.technology/portrait/medium/967319-1725993442.jpg?lm=1,2005-05-13,24,1
658,Jahnoah Markelo,5000000.0,24.0,Right Winger,Suriname,https://tmssl.akamaized.net//images/flagge/verysmall/161.png?lm=1520611569,https://img.a.transfermarkt.technology/portrait/medium/677382-1754376775.jpg?lm=1,2003-01-04,24,1
659,Tatsuhiro Sakamoto,4500000.0,7.0,Right Winger,Japan,https://tmssl.akamaized.net//images/flagge/verysmall/77.png?lm=1520611569,https://img.a.transfermarkt.technology/portrait/medium/617408-1709162238.jpg?lm=1,1996-10-22,24,1
660,Min-hyeok Yang,3000000.0,18.0,Right Winger,"Korea, South",https://tmssl.akamaized.net//images/flagge/verysmall/87.png?lm=1520611569,https://img.a.transfermarkt.technology/portrait/medium/1004327-1731558430.jpg?lm=1,2006-04-16,24,1
661,Haji Wright,14000000.0,11.0,Centre-Forward,United States,https://tmssl.akamaized.net//images/flagge/verysmall/184.png?lm=1520611569,https://img.a.transfermarkt.technology/portrait/medium/315291-1709161726.jpg?lm=1,1998-03-27,24,1
662,Brandon Thomas-Asante,14000000.0,23.0,Centre-Forward,Ghana,https://tmssl.akamaized.net//images/flagge/verysmall/54.png?lm=1520611569,https://img.a.transfermarkt.technology/portrait/medium/451747-1680275707.jpg?lm=1,1998-12-29,24,1
663,Ellis Simms,10000000.0,9.0,Centre-Forward,England,https://tmssl.akamaized.net//images/flagge/verysmall/189.png?lm=1520611569,https://img.a.transfermarkt.technology/portrait/medium/511550-1741273537.jpg?lm=1,2001-01-05,24,1
664,Jacob Widell Zetterström,2500000.0,1.0,Goalkeeper,Sweden,https://tmssl.akamaized.net//images/flagge/verysmall/147.png?lm=1520611569,https://img.a.transfermarkt.technology/portrait/medium/549440-1741273419.jpg?lm=1,1998-07-11,25,1
665,Josh Vickers,200000.0,31.0,Goalkeeper,England,https://tmssl.akamaized.net//images/flagge/verysmall/189.png?lm=1520611569,https://img.a.transfermarkt.technology/portrait/medium/242681-1649405323.jpg?lm=1,1995-12-01,25,1
666,Richard O'Donnell,50000.0,12.0,Goalkeeper,England,https://tmssl.akamaized.net//images/flagge/verysmall/189.png?lm=1520611569,https://img.a.transfermarkt.technology/portrait/medium/49667-1748074628.jpg?lm=1,1988-09-12,25,1
667,Sondre Langås,3500000.0,6.0,Centre-Back,Norway,https://tmssl.akamaized.net//images/flagge/verysmall/125.png?lm=1520611569,https://img.a.transfermarkt.technology/portrait/medium/737837-1711131237.jpg?lm=1,2001-02-02,25,1
668,Dion Sanderson,2800000.0,28.0,Centre-Back,England,https://tmssl.akamaized.net//images/flagge/verysmall/189.png?lm=1520611569,https://img.a.transfermarkt.technology/portrait/medium/495993-1675156295.jpg?lm=1,1999-12-15,25,1
669,Matt Clarke,2200000.0,5.0,Centre-Back,England,https://tmssl.akamaized.net//images/flagge/verysmall/189.png?lm=1520611569,https://img.a.transfermarkt.technology/portrait/medium/307497-1662411989.jpg?lm=1,1996-09-22,25,1
670,Danny Batth,150000.0,4.0,Centre-Back,England,https://tmssl.akamaized.net//images/flagge/verysmall/189.png?lm=1520611569,https://img.a.transfermarkt.technology/portrait/medium/129049-1732031760.jpg?lm=1,1990-09-21,25,1
671,Derry Murkin,2000000.0,2.0,Left-Back,England,https://tmssl.akamaized.net//images/flagge/verysmall/189.png?lm=1520611569,https://img.a.transfermarkt.technology/portrait/medium/457341-1753095563.jpg?lm=1,1999-07-27,25,1
672,Callum Elder,400000.0,20.0,Left-Back,Australia,https://tmssl.akamaized.net//images/flagge/verysmall/12.png?lm=1520611569,https://img.a.transfermarkt.technology/portrait/medium/271997-1632994539.jpg?lm=1,1995-01-27,25,1
673,Craig Forsyth,75000.0,3.0,Left-Back,Scotland,https://tmssl.akamaized.net//images/flagge/verysmall/190.png?lm=1520611569,https://img.a.transfermarkt.technology/portrait/medium/45492-1723544217.jpg?lm=1,1989-02-24,25,1
674,Max Johnston,3000000.0,22.0,Right-Back,Scotland,https://tmssl.akamaized.net//images/flagge/verysmall/190.png?lm=1520611569,https://img.a.transfermarkt.technology/portrait/medium/652632-1736777593.jpg?lm=1,2003-12-26,25,1
675,Lewis Travis,2200000.0,27.0,Defensive Midfield,England,https://tmssl.akamaized.net//images/flagge/verysmall/189.png?lm=1520611569,https://img.a.transfermarkt.technology/portrait/medium/372802-1747594791.jpg?lm=1,1997-10-16,25,1
676,David Ozoh,1800000.0,18.0,Defensive Midfield,England,https://tmssl.akamaized.net//images/flagge/verysmall/189.png?lm=1520611569,https://img.a.transfermarkt.technology/portrait/medium/865993-1681476430.jpg?lm=1,2005-05-06,25,1
677,Bobby Clark,7000000.0,42.0,Central Midfield,England,https://tmssl.akamaized.net//images/flagge/verysmall/189.png?lm=1520611569,https://img.a.transfermarkt.technology/portrait/medium/712117-1754993861.png?lm=1,2005-02-07,25,1
678,Oscar Fraulo,3000000.0,29.0,Central Midfield,Denmark,https://tmssl.akamaized.net//images/flagge/verysmall/39.png?lm=1520611569,https://img.a.transfermarkt.technology/portrait/medium/610428-1760967229.jpg?lm=1,2003-12-06,25,1
679,Liam Thompson,1500000.0,16.0,Central Midfield,England,https://tmssl.akamaized.net//images/flagge/verysmall/189.png?lm=1520611569,https://img.a.transfermarkt.technology/portrait/medium/581331-1722950660.jpg?lm=1,2002-04-29,25,1
680,Owen Eames,100000.0,37.0,Central Midfield,England,https://tmssl.akamaized.net//images/flagge/verysmall/189.png?lm=1520611569,https://img.a.transfermarkt.technology/portrait/medium/1085929-1771869904.jpg?lm=1,2006-11-01,25,1
681,Joe Ward,500000.0,23.0,Right Midfield,England,https://tmssl.akamaized.net//images/flagge/verysmall/189.png?lm=1520611569,https://img.a.transfermarkt.technology/portrait/medium/370559-1722962385.jpg?lm=1,1995-08-22,25,1
682,Sammie Szmodics,5500000.0,19.0,Attacking Midfield,Ireland,https://tmssl.akamaized.net//images/flagge/verysmall/72.png?lm=1520611569,https://img.a.transfermarkt.technology/portrait/medium/292139-1708002780.jpg?lm=1,1995-09-24,25,1
683,Jaydon Banel,1000000.0,34.0,Left Winger,Netherlands,https://tmssl.akamaized.net//images/flagge/verysmall/122.png?lm=1520611569,https://img.a.transfermarkt.technology/portrait/medium/706889-1722415139.jpg?lm=1,2004-10-19,25,1
684,Patrick Agyemang,9000000.0,7.0,Centre-Forward,United States,https://tmssl.akamaized.net//images/flagge/verysmall/184.png?lm=1520611569,https://img.a.transfermarkt.technology/portrait/medium/1089574-1740509246.jpg?lm=1,2000-11-07,25,1
685,Carlton Morris,6000000.0,9.0,Centre-Forward,England,https://tmssl.akamaized.net//images/flagge/verysmall/189.png?lm=1520611569,https://img.a.transfermarkt.technology/portrait/medium/246963-1678973609.jpg?lm=1,1995-12-16,25,1
686,Ben Brereton Díaz,6000000.0,25.0,Centre-Forward,Chile,https://tmssl.akamaized.net//images/flagge/verysmall/33.png?lm=1520611569,https://img.a.transfermarkt.technology/portrait/medium/426192-1684144984.jpg?lm=1,1999-04-18,25,1
687,Rhian Brewster,2600000.0,10.0,Centre-Forward,England,https://tmssl.akamaized.net//images/flagge/verysmall/189.png?lm=1520611569,https://img.a.transfermarkt.technology/portrait/medium/406560-1684310874.jpg?lm=1,2000-04-01,25,1
688,Lars-Jørgen Salvesen,600000.0,15.0,Centre-Forward,Norway,https://tmssl.akamaized.net//images/flagge/verysmall/125.png?lm=1520611569,https://img.a.transfermarkt.technology/portrait/medium/336640-1711130554.jpg?lm=1,1996-02-19,25,1
689,Ivor Pandur,3500000.0,1.0,Goalkeeper,Croatia,https://tmssl.akamaized.net//images/flagge/verysmall/37.png?lm=1520611569,https://img.a.transfermarkt.technology/portrait/medium/371013-1763647059.jpg?lm=1,2000-03-25,26,1
690,Dillon Phillips,250000.0,12.0,Goalkeeper,England,https://tmssl.akamaized.net//images/flagge/verysmall/189.png?lm=1520611569,https://img.a.transfermarkt.technology/portrait/medium/308431-1748118184.jpg?lm=1,1995-06-11,26,1
691,Charlie Hughes,8000000.0,4.0,Centre-Back,England,https://tmssl.akamaized.net//images/flagge/verysmall/189.png?lm=1520611569,https://img.a.transfermarkt.technology/portrait/medium/746357-1727161230.jpg?lm=1,2003-10-16,26,1
692,Paddy McNair,2800000.0,37.0,Centre-Back,Northern Ireland,https://tmssl.akamaized.net//images/flagge/verysmall/192.png?lm=1520611569,https://img.a.transfermarkt.technology/portrait/medium/167268-1741027527.jpg?lm=1,1995-04-27,26,1
693,John Egan,1200000.0,15.0,Centre-Back,Ireland,https://tmssl.akamaized.net//images/flagge/verysmall/72.png?lm=1520611569,https://img.a.transfermarkt.technology/portrait/medium/121324-1700673210.jpg?lm=1,1992-10-20,26,1
694,Semi Ajayi,900000.0,6.0,Centre-Back,Nigeria,https://tmssl.akamaized.net//images/flagge/verysmall/124.png?lm=1520611569,https://img.a.transfermarkt.technology/portrait/medium/251912-1707384080.jpg?lm=1,1993-11-09,26,1
695,Akin Famewo,800000.0,23.0,Centre-Back,England,https://tmssl.akamaized.net//images/flagge/verysmall/189.png?lm=1520611569,https://img.a.transfermarkt.technology/portrait/medium/425713-1615797268.jpg?lm=1,1998-11-09,26,1
696,Cathal McCarthy,300000.0,58.0,Centre-Back,Ireland,https://tmssl.akamaized.net//images/flagge/verysmall/72.png?lm=1520611569,https://img.a.transfermarkt.technology/portrait/medium/1262696-1755502276.jpg?lm=1,2006-08-31,26,1
697,James Debayo,50000.0,31.0,Centre-Back,England,https://tmssl.akamaized.net//images/flagge/verysmall/189.png?lm=1520611569,https://img.a.transfermarkt.technology/portrait/medium/906891-1747592565.jpg?lm=1,2005-07-11,26,1
698,Ryan Giles,10000000.0,3.0,Left-Back,England,https://tmssl.akamaized.net//images/flagge/verysmall/189.png?lm=1520611569,https://img.a.transfermarkt.technology/portrait/medium/504581-1639140648.jpg?lm=1,2000-01-26,26,1
699,Matty Jacob,400000.0,16.0,Left-Back,England,https://tmssl.akamaized.net//images/flagge/verysmall/189.png?lm=1520611569,https://img.a.transfermarkt.technology/portrait/medium/729940-1738999404.jpg?lm=1,2001-06-03,26,1
700,Cody Drameh,3000000.0,18.0,Right-Back,England,https://tmssl.akamaized.net//images/flagge/verysmall/189.png?lm=1520611569,https://img.a.transfermarkt.technology/portrait/medium/531957-1633425778.png?lm=1,2001-12-08,26,1
701,Lewie Coyle,1300000.0,2.0,Right-Back,England,https://tmssl.akamaized.net//images/flagge/verysmall/189.png?lm=1520611569,https://img.a.transfermarkt.technology/portrait/medium/413402-1680276123.jpg?lm=1,1995-10-15,26,1
702,Toby Collyer,5000000.0,33.0,Defensive Midfield,England,https://tmssl.akamaized.net//images/flagge/verysmall/189.png?lm=1520611569,https://img.a.transfermarkt.technology/portrait/medium/654253-1709159230.jpg?lm=1,2004-01-03,26,1
703,Regan Slater,4500000.0,27.0,Defensive Midfield,England,https://tmssl.akamaized.net//images/flagge/verysmall/189.png?lm=1520611569,https://img.a.transfermarkt.technology/portrait/medium/473080-1643280542.jpg?lm=1,1999-09-11,26,1
704,Amir Hadziahmetovic,4200000.0,20.0,Defensive Midfield,Bosnia-Herzegovina,https://tmssl.akamaized.net//images/flagge/verysmall/24.png?lm=1569523290,https://img.a.transfermarkt.technology/portrait/medium/293213-1696075883.png?lm=1,1997-03-08,26,1
705,John Lundstram,2000000.0,5.0,Defensive Midfield,England,https://tmssl.akamaized.net//images/flagge/verysmall/189.png?lm=1520611569,https://img.a.transfermarkt.technology/portrait/medium/156941-1723801542.jpg?lm=1,1994-02-18,26,1
706,Eliot Matazo,2000000.0,8.0,Central Midfield,Belgium,https://tmssl.akamaized.net//images/flagge/verysmall/19.png?lm=1520611569,https://img.a.transfermarkt.technology/portrait/medium/535834-1706869303.jpg?lm=1,2002-02-15,26,1
707,Darko Gyabi,1800000.0,24.0,Central Midfield,England,https://tmssl.akamaized.net//images/flagge/verysmall/189.png?lm=1520611569,https://img.a.transfermarkt.technology/portrait/medium/663264-1656928941.jpg?lm=1,2004-02-18,26,1
708,Matt Crooks,700000.0,25.0,Central Midfield,England,https://tmssl.akamaized.net//images/flagge/verysmall/189.png?lm=1520611569,https://img.a.transfermarkt.technology/portrait/medium/169416-1711315979.jpg?lm=1,1994-01-20,26,1
709,Kieran Dowell,600000.0,26.0,Attacking Midfield,England,https://tmssl.akamaized.net//images/flagge/verysmall/189.png?lm=1520611569,https://img.a.transfermarkt.technology/portrait/medium/258916-1774470557.jpg?lm=1,1997-10-10,26,1
710,Lewis Koumas,3000000.0,36.0,Left Winger,Wales,https://tmssl.akamaized.net//images/flagge/verysmall/191.png?lm=1520611569,https://img.a.transfermarkt.technology/portrait/medium/922462-1708346761.jpg?lm=1,2005-09-19,26,1
711,Liam Millar,2800000.0,7.0,Left Winger,Canada,https://tmssl.akamaized.net//images/flagge/verysmall/80.png?lm=1520611569,https://img.a.transfermarkt.technology/portrait/medium/487417-1738999688.jpg?lm=1,1999-09-27,26,1
712,Mohamed Belloumi,4000000.0,10.0,Right Winger,Algeria,https://tmssl.akamaized.net//images/flagge/verysmall/4.png?lm=1520611569,https://img.a.transfermarkt.technology/portrait/medium/857079-1728290618.jpg?lm=1,2002-06-01,26,1
713,David Akintola,1200000.0,11.0,Right Winger,Nigeria,https://tmssl.akamaized.net//images/flagge/verysmall/124.png?lm=1520611569,https://img.a.transfermarkt.technology/portrait/medium/353775-1729515266.jpg?lm=1,1996-01-13,26,1
714,Yu Hirakawa,1000000.0,13.0,Right Winger,Japan,https://tmssl.akamaized.net//images/flagge/verysmall/77.png?lm=1520611569,https://img.a.transfermarkt.technology/portrait/medium/936237-1723238594.jpg?lm=1,2001-01-03,26,1
715,Joe Gelhardt,10000000.0,21.0,Centre-Forward,England,https://tmssl.akamaized.net//images/flagge/verysmall/189.png?lm=1520611569,https://img.a.transfermarkt.technology/portrait/medium/503980-1695109020.jpg?lm=1,2002-05-04,26,1
716,Oli McBurnie,4000000.0,9.0,Centre-Forward,Scotland,https://tmssl.akamaized.net//images/flagge/verysmall/190.png?lm=1520611569,https://img.a.transfermarkt.technology/portrait/medium/298477-1700672702.jpg?lm=1,1996-06-04,26,1
717,Kyle Joseph,2500000.0,22.0,Centre-Forward,Scotland,https://tmssl.akamaized.net//images/flagge/verysmall/190.png?lm=1520611569,https://img.a.transfermarkt.technology/portrait/medium/647395-1739000159.jpg?lm=1,2001-09-10,26,1
718,Christian Walton,1200000.0,28.0,Goalkeeper,England,https://tmssl.akamaized.net//images/flagge/verysmall/189.png?lm=1520611569,https://img.a.transfermarkt.technology/portrait/medium/208379-1720189930.jpg?lm=1,1995-11-09,27,1
719,Alex Palmer,1000000.0,1.0,Goalkeeper,England,https://tmssl.akamaized.net//images/flagge/verysmall/189.png?lm=1520611569,https://img.a.transfermarkt.technology/portrait/medium/245625-1632908899.jpg?lm=1,1996-08-10,27,1
720,David Button,50000.0,27.0,Goalkeeper,England,https://tmssl.akamaized.net//images/flagge/verysmall/189.png?lm=1520611569,https://img.a.transfermarkt.technology/portrait/medium/61814-1747404141.jpg?lm=1,1989-02-27,27,1
721,Dara O'Shea,15000000.0,26.0,Centre-Back,Ireland,https://tmssl.akamaized.net//images/flagge/verysmall/72.png?lm=1520611569,https://img.a.transfermarkt.technology/portrait/medium/401320-1632909442.jpg?lm=1,1999-03-04,27,1
722,Jacob Greaves,14000000.0,24.0,Centre-Back,England,https://tmssl.akamaized.net//images/flagge/verysmall/189.png?lm=1520611569,https://img.a.transfermarkt.technology/portrait/medium/693095-1727786112.jpg?lm=1,2000-09-12,27,1
723,Cédric Kipré,2000000.0,4.0,Centre-Back,Cote d'Ivoire,https://tmssl.akamaized.net//images/flagge/verysmall/38.png?lm=1520611569,https://img.a.transfermarkt.technology/portrait/medium/364827-1723832143.png?lm=1,1996-12-09,27,1
724,Elkan Baggott,200000.0,25.0,Centre-Back,Indonesia,https://tmssl.akamaized.net//images/flagge/verysmall/68.png?lm=1520611569,https://img.a.transfermarkt.technology/portrait/medium/758030-1668433994.jpg?lm=1,2002-10-23,27,1
725,Leif Davis,20000000.0,3.0,Left-Back,England,https://tmssl.akamaized.net//images/flagge/verysmall/189.png?lm=1520611569,https://img.a.transfermarkt.technology/portrait/medium/596446-1738823882.jpg?lm=1,1999-12-31,27,1
726,Conor Townsend,500000.0,22.0,Left-Back,England,https://tmssl.akamaized.net//images/flagge/verysmall/189.png?lm=1520611569,https://img.a.transfermarkt.technology/portrait/medium/146509-1738823694.jpg?lm=1,1993-03-04,27,1
727,Ben Johnson,7000000.0,18.0,Right-Back,England,https://tmssl.akamaized.net//images/flagge/verysmall/189.png?lm=1520611569,https://img.a.transfermarkt.technology/portrait/medium/468002-1694618190.jpg?lm=1,2000-01-24,27,1
728,Darnell Furlong,3000000.0,19.0,Right-Back,England,https://tmssl.akamaized.net//images/flagge/verysmall/189.png?lm=1520611569,https://img.a.transfermarkt.technology/portrait/medium/351755-1723554942.jpg?lm=1,1995-10-31,27,1
729,Ashley Young,400000.0,15.0,Right-Back,England,https://tmssl.akamaized.net//images/flagge/verysmall/189.png?lm=1520611569,https://img.a.transfermarkt.technology/portrait/medium/14086-1700736434.jpg?lm=1,1985-07-09,27,1
730,Azor Matusiwa,11000000.0,5.0,Defensive Midfield,Netherlands,https://tmssl.akamaized.net//images/flagge/verysmall/122.png?lm=1520611569,https://img.a.transfermarkt.technology/portrait/medium/315145-1639675049.png?lm=1,1998-04-28,27,1
731,Jens Cajuste,8000000.0,12.0,Defensive Midfield,Sweden,https://tmssl.akamaized.net//images/flagge/verysmall/147.png?lm=1520611569,https://img.a.transfermarkt.technology/portrait/medium/468066-1691568301.jpg?lm=1,1999-08-10,27,1
732,Marcelino Núñez,10000000.0,32.0,Central Midfield,Chile,https://tmssl.akamaized.net//images/flagge/verysmall/33.png?lm=1520611569,https://img.a.transfermarkt.technology/portrait/medium/715558-1718987243.jpg?lm=1,2000-03-01,27,1
733,Dan Neil,5500000.0,6.0,Central Midfield,England,https://tmssl.akamaized.net//images/flagge/verysmall/189.png?lm=1520611569,https://img.a.transfermarkt.technology/portrait/medium/570336-1748348348.jpg?lm=1,2001-12-13,27,1
734,Jack Taylor,3000000.0,14.0,Central Midfield,Ireland,https://tmssl.akamaized.net//images/flagge/verysmall/72.png?lm=1520611569,https://img.a.transfermarkt.technology/portrait/medium/458178-1706522764.jpg?lm=1,1998-06-23,27,1
735,Kasey McAteer,10000000.0,20.0,Right Midfield,Ireland,https://tmssl.akamaized.net//images/flagge/verysmall/72.png?lm=1520611569,https://img.a.transfermarkt.technology/portrait/medium/621193-1731659829.jpg?lm=1,2001-11-22,27,1
736,Wes Burns,1800000.0,7.0,Right Midfield,Wales,https://tmssl.akamaized.net//images/flagge/verysmall/191.png?lm=1520611569,https://img.a.transfermarkt.technology/portrait/medium/255731-1664179868.jpg?lm=1,1994-11-23,27,1
737,Anis Mehmeti,14000000.0,33.0,Attacking Midfield,Albania,https://tmssl.akamaized.net//images/flagge/verysmall/3.png?lm=1520611569,https://img.a.transfermarkt.technology/portrait/medium/530813-1680273487.jpg?lm=1,2001-01-09,27,1
738,Jaden Philogene,18000000.0,11.0,Left Winger,England,https://tmssl.akamaized.net//images/flagge/verysmall/189.png?lm=1520611569,https://img.a.transfermarkt.technology/portrait/medium/665390-1737014900.jpg?lm=1,2002-02-08,27,1
739,Jack Clarke,18000000.0,47.0,Left Winger,England,https://tmssl.akamaized.net//images/flagge/verysmall/189.png?lm=1520611569,https://img.a.transfermarkt.technology/portrait/medium/559794-1708003059.jpg?lm=1,2000-11-23,27,1
740,Sindre Walle Egeli,18000000.0,8.0,Right Winger,Norway,https://tmssl.akamaized.net//images/flagge/verysmall/125.png?lm=1520611569,https://img.a.transfermarkt.technology/portrait/medium/923504-1733310795.jpg?lm=1,2006-06-21,27,1
741,George Hirst,8000000.0,9.0,Centre-Forward,Scotland,https://tmssl.akamaized.net//images/flagge/verysmall/190.png?lm=1520611569,https://img.a.transfermarkt.technology/portrait/medium/420808-1738823357.jpg?lm=1,1999-02-15,27,1
742,Chuba Akpom,5000000.0,29.0,Centre-Forward,England,https://tmssl.akamaized.net//images/flagge/verysmall/189.png?lm=1520611569,https://img.a.transfermarkt.technology/portrait/medium/197642-1678463529.jpg?lm=1,1995-10-09,27,1
743,Iván Azón,4000000.0,31.0,Centre-Forward,Spain,https://tmssl.akamaized.net//images/flagge/verysmall/157.png?lm=1520611569,https://img.a.transfermarkt.technology/portrait/medium/633306-1732367699.jpg?lm=1,2002-12-24,27,1
744,Jakub Stolarczyk,1800000.0,1.0,Goalkeeper,Poland,https://tmssl.akamaized.net//images/flagge/verysmall/135.png?lm=1520611569,https://img.a.transfermarkt.technology/portrait/medium/486144-1692967745.jpg?lm=1,2000-12-19,28,1
745,Fran Vieites,1800000.0,13.0,Goalkeeper,Spain,https://tmssl.akamaized.net//images/flagge/verysmall/157.png?lm=1520611569,https://img.a.transfermarkt.technology/portrait/medium/551182-1701083106.jpg?lm=1,1999-05-07,28,1
746,Asmir Begovic,200000.0,31.0,Goalkeeper,Bosnia-Herzegovina,https://tmssl.akamaized.net//images/flagge/verysmall/24.png?lm=1569523290,https://img.a.transfermarkt.technology/portrait/medium/33873-1737919950.jpg?lm=1,1987-06-20,28,1
747,Caleb Okoli,12000000.0,5.0,Centre-Back,Italy,https://tmssl.akamaized.net//images/flagge/verysmall/75.png?lm=1520611569,https://img.a.transfermarkt.technology/portrait/medium/461833-1652094910.jpg?lm=1,2001-07-13,28,1
748,Harry Souttar,5000000.0,15.0,Centre-Back,Australia,https://tmssl.akamaized.net//images/flagge/verysmall/12.png?lm=1520611569,https://img.a.transfermarkt.technology/portrait/medium/298091-1669819322.jpg?lm=1,1998-10-22,28,1
749,Jannik Vestergaard,1800000.0,23.0,Centre-Back,Denmark,https://tmssl.akamaized.net//images/flagge/verysmall/39.png?lm=1520611569,https://img.a.transfermarkt.technology/portrait/medium/99331-1701083132.jpg?lm=1,1992-08-03,28,1
750,Ben Nelson,1200000.0,4.0,Centre-Back,England,https://tmssl.akamaized.net//images/flagge/verysmall/189.png?lm=1520611569,https://img.a.transfermarkt.technology/portrait/medium/714458-1709113735.jpg?lm=1,2004-03-18,28,1
751,Jamaal Lascelles,1200000.0,24.0,Centre-Back,England,https://tmssl.akamaized.net//images/flagge/verysmall/189.png?lm=1520611569,https://img.a.transfermarkt.technology/portrait/medium/183318-1696454186.jpg?lm=1,1993-11-11,28,1
752,Victor Kristiansen,12000000.0,16.0,Left-Back,Denmark,https://tmssl.akamaized.net//images/flagge/verysmall/39.png?lm=1520611569,https://img.a.transfermarkt.technology/portrait/medium/564529-1718628197.jpg?lm=1,2002-12-16,28,1
753,Luke Thomas,6000000.0,33.0,Left-Back,England,https://tmssl.akamaized.net//images/flagge/verysmall/189.png?lm=1520611569,https://img.a.transfermarkt.technology/portrait/medium/505194-1687975540.jpg?lm=1,2001-06-10,28,1
754,Ricardo Pereira,3000000.0,21.0,Right-Back,Portugal,https://tmssl.akamaized.net//images/flagge/verysmall/136.png?lm=1520611569,https://img.a.transfermarkt.technology/portrait/medium/215876-1720192308.jpg?lm=1,1993-10-06,28,1
755,Olabade Aluko,250000.0,56.0,Right-Back,England,https://tmssl.akamaized.net//images/flagge/verysmall/189.png?lm=1520611569,https://img.a.transfermarkt.technology/portrait/medium/1135364-1776278897.jpg?lm=1,2006-11-30,28,1
756,Oliver Skipp,7000000.0,22.0,Defensive Midfield,England,https://tmssl.akamaized.net//images/flagge/verysmall/189.png?lm=1520611569,https://img.a.transfermarkt.technology/portrait/medium/406638-1738824198.jpg?lm=1,2000-09-16,28,1
757,Harry Winks,5000000.0,8.0,Defensive Midfield,England,https://tmssl.akamaized.net//images/flagge/verysmall/189.png?lm=1520611569,https://img.a.transfermarkt.technology/portrait/medium/249126-1663679564.jpg?lm=1,1996-02-02,28,1
758,Hamza Choudhury,5000000.0,17.0,Defensive Midfield,Bangladesh,https://tmssl.akamaized.net//images/flagge/verysmall/16.png?lm=1520611569,https://img.a.transfermarkt.technology/portrait/medium/341501-1741026895.jpg?lm=1,1997-10-01,28,1
759,Jordan James,12000000.0,6.0,Central Midfield,Wales,https://tmssl.akamaized.net//images/flagge/verysmall/191.png?lm=1520611569,https://img.a.transfermarkt.technology/portrait/medium/667517-1675157129.png?lm=1,2004-07-02,28,1
760,Joe Aribo,2800000.0,18.0,Central Midfield,Nigeria,https://tmssl.akamaized.net//images/flagge/verysmall/124.png?lm=1520611569,https://img.a.transfermarkt.technology/portrait/medium/468198-1770053489.jpg?lm=1,1996-07-21,28,1
761,Louis Page,2000000.0,25.0,Central Midfield,England,https://tmssl.akamaized.net//images/flagge/verysmall/189.png?lm=1520611569,https://img.a.transfermarkt.technology/portrait/medium/1078155-1747680595.jpg?lm=1,2008-07-10,28,1
762,Michael Golding,1500000.0,34.0,Central Midfield,England,https://tmssl.akamaized.net//images/flagge/verysmall/189.png?lm=1520611569,https://img.a.transfermarkt.technology/portrait/medium/936842-1715156410.jpg?lm=1,2006-05-23,28,1
763,Aaron Ramsey,8000000.0,30.0,Attacking Midfield,England,https://tmssl.akamaized.net//images/flagge/verysmall/189.png?lm=1520611569,https://img.a.transfermarkt.technology/portrait/medium/646658-1650877403.jpg?lm=1,2003-01-21,28,1
764,Divine Mukasa,5000000.0,29.0,Attacking Midfield,England,https://tmssl.akamaized.net//images/flagge/verysmall/189.png?lm=1520611569,https://img.a.transfermarkt.technology/portrait/medium/1047280-1729774874.jpg?lm=1,2007-08-22,28,1
765,Bobby De Cordova-Reid,1000000.0,14.0,Attacking Midfield,Jamaica,https://tmssl.akamaized.net//images/flagge/verysmall/76.png?lm=1520611569,https://img.a.transfermarkt.technology/portrait/medium/186186-1657802404.jpg?lm=1,1993-02-02,28,1
766,Jeremy Monga,10000000.0,28.0,Left Winger,England,https://tmssl.akamaized.net//images/flagge/verysmall/189.png?lm=1520611569,https://img.a.transfermarkt.technology/portrait/medium/1245948-1744091689.jpg?lm=1,2009-07-10,28,1
767,Stephy Mavididi,8000000.0,10.0,Left Winger,England,https://tmssl.akamaized.net//images/flagge/verysmall/189.png?lm=1520611569,https://img.a.transfermarkt.technology/portrait/medium/340328-1707385825.jpg?lm=1,1998-05-31,28,1
768,Abdul Fatawu,24000000.0,7.0,Right Winger,Ghana,https://tmssl.akamaized.net//images/flagge/verysmall/54.png?lm=1520611569,https://img.a.transfermarkt.technology/portrait/medium/864121-1767011135.jpg?lm=1,2004-03-08,28,1
769,Wanya Marçal,300000.0,27.0,Right Winger,Portugal,https://tmssl.akamaized.net//images/flagge/verysmall/136.png?lm=1520611569,https://img.a.transfermarkt.technology/portrait/medium/670988-1692967829.jpg?lm=1,2002-10-19,28,1
770,Patson Daka,5000000.0,20.0,Centre-Forward,Zambia,https://tmssl.akamaized.net//images/flagge/verysmall/142.png?lm=1520611569,https://img.a.transfermarkt.technology/portrait/medium/365172-1638810490.jpg?lm=1,1998-10-09,28,1
771,Jordan Ayew,1800000.0,9.0,Centre-Forward,Ghana,https://tmssl.akamaized.net//images/flagge/verysmall/54.png?lm=1520611569,https://img.a.transfermarkt.technology/portrait/medium/108354-1668429913.jpg?lm=1,1991-09-11,28,1
772,Dujuan Richards,500000.0,12.0,Centre-Forward,Jamaica,https://tmssl.akamaized.net//images/flagge/verysmall/76.png?lm=1520611569,https://img.a.transfermarkt.technology/portrait/medium/1020267-1772131986.jpg?lm=1,2005-11-10,28,1
773,Sol Brynn,7000000.0,31.0,Goalkeeper,England,https://tmssl.akamaized.net//images/flagge/verysmall/189.png?lm=1520611569,https://img.a.transfermarkt.technology/portrait/medium/465952-1728392436.jpg?lm=1,2000-10-30,29,1
774,Seny Dieng,1200000.0,1.0,Goalkeeper,Senegal,https://tmssl.akamaized.net//images/flagge/verysmall/149.png?lm=1520611569,https://img.a.transfermarkt.technology/portrait/medium/250870-1668162880.jpg?lm=1,1994-11-23,29,1
775,Joe Wildsmith,350000.0,32.0,Goalkeeper,England,https://tmssl.akamaized.net//images/flagge/verysmall/189.png?lm=1520611569,https://img.a.transfermarkt.technology/portrait/medium/319851-1723554394.jpg?lm=1,1995-12-28,29,1
776,Jon McLaughlin,50000.0,33.0,Goalkeeper,Scotland,https://tmssl.akamaized.net//images/flagge/verysmall/190.png?lm=1520611569,https://img.a.transfermarkt.technology/portrait/medium/92983-1596698960.jpg?lm=1,1987-09-09,29,1
777,Alfie Jones,6000000.0,5.0,Centre-Back,Canada,https://tmssl.akamaized.net//images/flagge/verysmall/80.png?lm=1520611569,https://img.a.transfermarkt.technology/portrait/medium/340990-1642684544.jpg?lm=1,1997-10-07,29,1
778,Adilson Malanda,6000000.0,29.0,Centre-Back,France,https://tmssl.akamaized.net//images/flagge/verysmall/50.png?lm=1520611569,https://img.a.transfermarkt.technology/portrait/medium/847772-1740509726.jpg?lm=1,2001-10-29,29,1
779,Dael Fry,4000000.0,6.0,Centre-Back,England,https://tmssl.akamaized.net//images/flagge/verysmall/189.png?lm=1520611569,https://img.a.transfermarkt.technology/portrait/medium/314140-1728392522.jpg?lm=1,1997-08-30,29,1
780,Darragh Lenihan,800000.0,26.0,Centre-Back,Ireland,https://tmssl.akamaized.net//images/flagge/verysmall/72.png?lm=1520611569,https://img.a.transfermarkt.technology/portrait/medium/183167-1741274386.jpg?lm=1,1994-03-16,29,1
781,George Edmundson,750000.0,25.0,Centre-Back,England,https://tmssl.akamaized.net//images/flagge/verysmall/189.png?lm=1520611569,https://img.a.transfermarkt.technology/portrait/medium/385848-1596699073.jpg?lm=1,1997-08-15,29,1
782,Matt Targett,3500000.0,3.0,Left-Back,England,https://tmssl.akamaized.net//images/flagge/verysmall/189.png?lm=1520611569,https://img.a.transfermarkt.technology/portrait/medium/250478-1772541862.jpg?lm=1,1995-09-18,29,1
783,Alex Bangura,700000.0,24.0,Left-Back,Sierra Leone,https://tmssl.akamaized.net//images/flagge/verysmall/152.png?lm=1520611569,https://img.a.transfermarkt.technology/portrait/medium/435821-1605444747.jpg?lm=1,1999-07-13,29,1
784,Finley Munroe,250000.0,15.0,Left-Back,England,https://tmssl.akamaized.net//images/flagge/verysmall/189.png?lm=1520611569,https://img.a.transfermarkt.technology/portrait/medium/845723-1713472369.jpg?lm=1,2005-02-08,29,1
785,Callum Brittain,5000000.0,2.0,Right-Back,England,https://tmssl.akamaized.net//images/flagge/verysmall/189.png?lm=1520611569,https://img.a.transfermarkt.technology/portrait/medium/416368-1658396361.jpg?lm=1,1998-03-12,29,1
786,Luke Ayling,400000.0,12.0,Right-Back,England,https://tmssl.akamaized.net//images/flagge/verysmall/189.png?lm=1520611569,https://img.a.transfermarkt.technology/portrait/medium/67420-1728393020.jpg?lm=1,1991-08-25,29,1
787,Hayden Hackney,28000000.0,7.0,Defensive Midfield,England,https://tmssl.akamaized.net//images/flagge/verysmall/189.png?lm=1520611569,https://img.a.transfermarkt.technology/portrait/medium/538216-1679665183.jpg?lm=1,2002-06-26,29,1
788,Aidan Morris,9000000.0,18.0,Central Midfield,United States,https://tmssl.akamaized.net//images/flagge/verysmall/184.png?lm=1520611569,https://img.a.transfermarkt.technology/portrait/medium/513968-1709481996.jpg?lm=1,2001-11-16,29,1
789,Riley McGree,2800000.0,8.0,Central Midfield,Australia,https://tmssl.akamaized.net//images/flagge/verysmall/12.png?lm=1520611569,https://img.a.transfermarkt.technology/portrait/medium/428061-1642195656.jpg?lm=1,1998-11-02,29,1
790,Alan Browne,2000000.0,16.0,Central Midfield,Ireland,https://tmssl.akamaized.net//images/flagge/verysmall/72.png?lm=1520611569,https://img.a.transfermarkt.technology/portrait/medium/277697-1724771465.jpg?lm=1,1995-04-15,29,1
791,Law McCabe,100000.0,28.0,Central Midfield,England,https://tmssl.akamaized.net//images/flagge/verysmall/189.png?lm=1520611569,https://img.a.transfermarkt.technology/portrait/medium/981342-1755501196.jpg?lm=1,2006-01-16,29,1
792,Leo Castledine,2000000.0,23.0,Attacking Midfield,England,https://tmssl.akamaized.net//images/flagge/verysmall/189.png?lm=1520611569,https://img.a.transfermarkt.technology/portrait/medium/796303-1667402332.jpg?lm=1,2005-08-20,29,1
793,Alex Gilbert,800000.0,14.0,Attacking Midfield,Ireland,https://tmssl.akamaized.net//images/flagge/verysmall/72.png?lm=1520611569,https://img.a.transfermarkt.technology/portrait/medium/542884-1728393333.jpg?lm=1,2001-12-28,29,1
794,Jeremy Sarmiento,5000000.0,45.0,Left Winger,Ecuador,https://tmssl.akamaized.net//images/flagge/verysmall/44.png?lm=1520611569,https://img.a.transfermarkt.technology/portrait/medium/568005-1757604479.jpg?lm=1,2002-06-16,29,1
795,Micah Hamilton,2500000.0,17.0,Left Winger,England,https://tmssl.akamaized.net//images/flagge/verysmall/189.png?lm=1520611569,https://img.a.transfermarkt.technology/portrait/medium/652797-1698352662.jpg?lm=1,2003-11-13,29,1
796,Sam Silvera,1200000.0,22.0,Left Winger,Australia,https://tmssl.akamaized.net//images/flagge/verysmall/12.png?lm=1520611569,https://img.a.transfermarkt.technology/portrait/medium/680531-1703230531.jpg?lm=1,2000-10-25,29,1
797,Morgan Whittaker,16000000.0,11.0,Right Winger,England,https://tmssl.akamaized.net//images/flagge/verysmall/189.png?lm=1520611569,https://img.a.transfermarkt.technology/portrait/medium/502075-1709725767.jpg?lm=1,2001-01-07,29,1
798,Sontje Hansen,4000000.0,27.0,Right Winger,Curacao,https://tmssl.akamaized.net//images/flagge/verysmall/260.png?lm=1520611569,https://img.a.transfermarkt.technology/portrait/medium/485582-1723036386.jpg?lm=1,2002-05-18,29,1
799,Tommy Conway,10000000.0,9.0,Centre-Forward,Scotland,https://tmssl.akamaized.net//images/flagge/verysmall/190.png?lm=1520611569,https://img.a.transfermarkt.technology/portrait/medium/801426-1678973877.jpg?lm=1,2002-08-06,29,1
800,David Strelec,7500000.0,13.0,Centre-Forward,Slovakia,https://tmssl.akamaized.net//images/flagge/verysmall/154.png?lm=1520611569,https://img.a.transfermarkt.technology/portrait/medium/482836-1772542190.jpg?lm=1,2001-04-04,29,1
801,Kaly Sène,2000000.0,20.0,Centre-Forward,Senegal,https://tmssl.akamaized.net//images/flagge/verysmall/149.png?lm=1520611569,https://img.a.transfermarkt.technology/portrait/medium/625816-1756756311.jpg?lm=1,2001-05-28,29,1
802,Anthony Patterson,8000000.0,13.0,Goalkeeper,England,https://tmssl.akamaized.net//images/flagge/verysmall/189.png?lm=1520611569,https://img.a.transfermarkt.technology/portrait/medium/475946-1679678936.jpg?lm=1,2000-05-10,30,1
803,Max Crocombe,1000000.0,15.0,Goalkeeper,New Zealand,https://tmssl.akamaized.net//images/flagge/verysmall/120.png?lm=1520611569,https://img.a.transfermarkt.technology/portrait/medium/207843-1756666566.jpg?lm=1,1993-08-12,30,1
804,Lukas Jensen,900000.0,1.0,Goalkeeper,Denmark,https://tmssl.akamaized.net//images/flagge/verysmall/39.png?lm=1520611569,https://img.a.transfermarkt.technology/portrait/medium/581890-1732030485.jpg?lm=1,1999-03-18,30,1
805,George Evans,350000.0,41.0,Goalkeeper,England,https://tmssl.akamaized.net//images/flagge/verysmall/189.png?lm=1520611569,https://img.a.transfermarkt.technology/portrait/medium/967307-1747595502.jpg?lm=1,2005-05-16,30,1
806,Joel Coleman,75000.0,43.0,Goalkeeper,England,https://tmssl.akamaized.net//images/flagge/verysmall/189.png?lm=1520611569,https://img.a.transfermarkt.technology/portrait/medium/285551-1747459764.jpg?lm=1,1995-09-26,30,1
807,Tristan Crama,5000000.0,4.0,Centre-Back,France,https://tmssl.akamaized.net//images/flagge/verysmall/50.png?lm=1520611569,https://img.a.transfermarkt.technology/portrait/medium/732529-1712164044.jpg?lm=1,2001-11-08,30,1
808,Caleb Taylor,3500000.0,6.0,Centre-Back,England,https://tmssl.akamaized.net//images/flagge/verysmall/189.png?lm=1520611569,https://img.a.transfermarkt.technology/portrait/medium/671074-1632908950.jpg?lm=1,2003-01-14,30,1
809,Jake Cooper,1800000.0,5.0,Centre-Back,England,https://tmssl.akamaized.net//images/flagge/verysmall/189.png?lm=1520611569,https://img.a.transfermarkt.technology/portrait/medium/243603-1596803873.jpg?lm=1,1995-02-03,30,1
810,Zak Sturge,2000000.0,3.0,Left-Back,England,https://tmssl.akamaized.net//images/flagge/verysmall/189.png?lm=1520611569,https://img.a.transfermarkt.technology/portrait/medium/801472-1734218812.jpg?lm=1,2004-06-15,30,1
811,Joe Bryan,550000.0,23.0,Left-Back,England,https://tmssl.akamaized.net//images/flagge/verysmall/189.png?lm=1520611569,https://img.a.transfermarkt.technology/portrait/medium/194460-1651652799.jpg?lm=1,1993-09-17,30,1
812,Danny McNamara,1800000.0,2.0,Right-Back,Ireland,https://tmssl.akamaized.net//images/flagge/verysmall/72.png?lm=1520611569,https://img.a.transfermarkt.technology/portrait/medium/647138-1660142865.jpg?lm=1,1998-12-27,30,1
813,Ryan Leonard,250000.0,18.0,Right-Back,England,https://tmssl.akamaized.net//images/flagge/verysmall/189.png?lm=1520611569,https://img.a.transfermarkt.technology/portrait/medium/145843-1651652440.jpg?lm=1,1992-05-24,30,1
814,Billy Mitchell,3000000.0,8.0,Defensive Midfield,England,https://tmssl.akamaized.net//images/flagge/verysmall/189.png?lm=1520611569,https://img.a.transfermarkt.technology/portrait/medium/671821-1660143042.jpg?lm=1,2001-04-07,30,1
815,Casper De Norre,2500000.0,24.0,Defensive Midfield,Belgium,https://tmssl.akamaized.net//images/flagge/verysmall/19.png?lm=1520611569,https://img.a.transfermarkt.technology/portrait/medium/292806-1611942504.jpg?lm=1,1997-02-07,30,1
816,Will Smallbone,4000000.0,39.0,Central Midfield,Ireland,https://tmssl.akamaized.net//images/flagge/verysmall/72.png?lm=1520611569,https://img.a.transfermarkt.technology/portrait/medium/444211-1740298247.jpg?lm=1,2000-02-21,30,1
817,Luke Cundle,3200000.0,25.0,Central Midfield,England,https://tmssl.akamaized.net//images/flagge/verysmall/189.png?lm=1520611569,https://img.a.transfermarkt.technology/portrait/medium/532541-1661855778.jpg?lm=1,2002-04-26,30,1
818,Derek Mazou-Sacko,800000.0,49.0,Central Midfield,France,https://tmssl.akamaized.net//images/flagge/verysmall/50.png?lm=1520611569,https://img.a.transfermarkt.technology/portrait/medium/917104-1674926298.jpg?lm=1,2004-10-06,30,1
819,Daniel Kelly,700000.0,16.0,Central Midfield,Scotland,https://tmssl.akamaized.net//images/flagge/verysmall/190.png?lm=1520611569,https://img.a.transfermarkt.technology/portrait/medium/854633-1726163115.jpg?lm=1,2005-10-03,30,1
820,Massimo Luongo,350000.0,21.0,Central Midfield,Australia,https://tmssl.akamaized.net//images/flagge/verysmall/12.png?lm=1520611569,https://img.a.transfermarkt.technology/portrait/medium/181687-1720191232.jpg?lm=1,1992-09-25,30,1
821,Barry Bannan,200000.0,67.0,Central Midfield,Scotland,https://tmssl.akamaized.net//images/flagge/verysmall/190.png?lm=1520611569,https://img.a.transfermarkt.technology/portrait/medium/61561-1703846215.jpg?lm=1,1989-12-01,30,1
822,Femi Azeez,5000000.0,11.0,Right Midfield,England,https://tmssl.akamaized.net//images/flagge/verysmall/189.png?lm=1520611569,https://img.a.transfermarkt.technology/portrait/medium/703408-1732031406.jpg?lm=1,2001-06-05,30,1
823,Alfie Doughty,5500000.0,14.0,Left Midfield,England,https://tmssl.akamaized.net//images/flagge/verysmall/189.png?lm=1520611569,https://img.a.transfermarkt.technology/portrait/medium/608175-1738908723.jpg?lm=1,1999-12-21,30,1
824,Tom Watson,10000000.0,22.0,Left Winger,England,https://tmssl.akamaized.net//images/flagge/verysmall/189.png?lm=1520611569,https://img.a.transfermarkt.technology/portrait/medium/933018-1739871162.jpg?lm=1,2006-04-08,30,1
825,Thierno Ballo,6000000.0,7.0,Left Winger,Austria,https://tmssl.akamaized.net//images/flagge/verysmall/127.png?lm=1520611569,https://img.a.transfermarkt.technology/portrait/medium/406608-1753455260.png?lm=1,2002-01-02,30,1
826,Zak Lovelace,500000.0,29.0,Left Winger,England,https://tmssl.akamaized.net//images/flagge/verysmall/189.png?lm=1520611569,https://img.a.transfermarkt.technology/portrait/medium/913136-1727380772.jpg?lm=1,2006-01-23,30,1
827,Camiel Neghli,2500000.0,10.0,Right Winger,Algeria,https://tmssl.akamaized.net//images/flagge/verysmall/4.png?lm=1520611569,https://img.a.transfermarkt.technology/portrait/medium/587588-1723809790.jpg?lm=1,2001-11-06,30,1
828,Ra'ees Bangura-Williams,400000.0,31.0,Right Winger,England,https://tmssl.akamaized.net//images/flagge/verysmall/189.png?lm=1520611569,https://img.a.transfermarkt.technology/portrait/medium/1328422-1745646625.jpg?lm=1,2004-07-02,30,1
829,Benicio Baker,300000.0,26.0,Right Winger,England,https://tmssl.akamaized.net//images/flagge/verysmall/189.png?lm=1520611569,https://img.a.transfermarkt.technology/portrait/medium/657817-1709158667.jpg?lm=1,2004-01-09,30,1
830,Mihailo Ivanović,7000000.0,9.0,Centre-Forward,Serbia,https://tmssl.akamaized.net//images/flagge/verysmall/215.png?lm=1520611569,https://img.a.transfermarkt.technology/portrait/medium/849865-1716239491.jpg?lm=1,2004-11-29,30,1
831,Josh Coburn,5000000.0,19.0,Centre-Forward,England,https://tmssl.akamaized.net//images/flagge/verysmall/189.png?lm=1520611569,https://img.a.transfermarkt.technology/portrait/medium/646727-1646213227.jpg?lm=1,2002-12-06,30,1
832,Macaulay Langstaff,700000.0,17.0,Centre-Forward,England,https://tmssl.akamaized.net//images/flagge/verysmall/189.png?lm=1520611569,https://img.a.transfermarkt.technology/portrait/medium/526347-1712672940.jpg?lm=1,1997-02-03,30,1
833,Vladan Kovacevic,2500000.0,1.0,Goalkeeper,Bosnia-Herzegovina,https://tmssl.akamaized.net//images/flagge/verysmall/24.png?lm=1569523290,https://img.a.transfermarkt.technology/portrait/medium/429070-1758830375.jpg?lm=1,1998-04-11,31,1
834,Daniel Grimshaw,700000.0,32.0,Goalkeeper,England,https://tmssl.akamaized.net//images/flagge/verysmall/189.png?lm=1520611569,https://img.a.transfermarkt.technology/portrait/medium/339253-1605295505.jpg?lm=1,1998-01-16,31,1
835,Vicente Reyes,350000.0,34.0,Goalkeeper,Chile,https://tmssl.akamaized.net//images/flagge/verysmall/33.png?lm=1520611569,https://img.a.transfermarkt.technology/portrait/medium/662744-1647204511.jpg?lm=1,2003-11-19,31,1
836,Daniel Barden,100000.0,39.0,Goalkeeper,Wales,https://tmssl.akamaized.net//images/flagge/verysmall/191.png?lm=1520611569,https://img.a.transfermarkt.technology/portrait/medium/504042-1616661557.jpg?lm=1,2001-01-02,31,1
837,Louie Moulden,50000.0,31.0,Goalkeeper,England,https://tmssl.akamaized.net//images/flagge/verysmall/189.png?lm=1520611569,https://img.a.transfermarkt.technology/portrait/medium/444641-1756666916.jpg?lm=1,2002-01-06,31,1
838,José Córdoba,4500000.0,33.0,Centre-Back,Panama,https://tmssl.akamaized.net//images/flagge/verysmall/130.png?lm=1520611569,https://img.a.transfermarkt.technology/portrait/medium/698415-1720429585.jpg?lm=1,2001-06-03,31,1
839,Harry Darling,3500000.0,6.0,Centre-Back,England,https://tmssl.akamaized.net//images/flagge/verysmall/189.png?lm=1520611569,https://img.a.transfermarkt.technology/portrait/medium/475554-1676292655.jpg?lm=1,1999-08-08,31,1
840,Ruairi McConville,2400000.0,15.0,Centre-Back,Northern Ireland,https://tmssl.akamaized.net//images/flagge/verysmall/192.png?lm=1520611569,https://img.a.transfermarkt.technology/portrait/medium/701021-1741275150.jpg?lm=1,2005-05-01,31,1
841,Jakov Medic,2000000.0,5.0,Centre-Back,Croatia,https://tmssl.akamaized.net//images/flagge/verysmall/37.png?lm=1520611569,https://img.a.transfermarkt.technology/portrait/medium/488755-1689779607.jpg?lm=1,1998-09-07,31,1
842,Shane Duffy,500000.0,4.0,Centre-Back,Ireland,https://tmssl.akamaized.net//images/flagge/verysmall/72.png?lm=1520611569,https://img.a.transfermarkt.technology/portrait/medium/119269-1660565353.jpg?lm=1,1992-01-01,31,1
843,Harry Amass,5000000.0,2.0,Left-Back,England,https://tmssl.akamaized.net//images/flagge/verysmall/189.png?lm=1520611569,https://img.a.transfermarkt.technology/portrait/medium/1011738-1712585934.jpg?lm=1,2007-03-16,31,1
844,Ben Chrisene,1500000.0,14.0,Left-Back,England,https://tmssl.akamaized.net//images/flagge/verysmall/189.png?lm=1520611569,https://img.a.transfermarkt.technology/portrait/medium/670846-1664179713.jpg?lm=1,2004-01-12,31,1
845,Lucien Mahovo,400000.0,47.0,Left-Back,England,https://tmssl.akamaized.net//images/flagge/verysmall/189.png?lm=1520611569,https://img.a.transfermarkt.technology/portrait/medium/1052890-1741275227.jpg?lm=1,2005-06-07,31,1
846,Jack Stacey,2500000.0,3.0,Right-Back,England,https://tmssl.akamaized.net//images/flagge/verysmall/189.png?lm=1520611569,https://img.a.transfermarkt.technology/portrait/medium/249356-1730035474.jpg?lm=1,1996-04-06,31,1
847,Kellen Fisher,1800000.0,35.0,Right-Back,England,https://tmssl.akamaized.net//images/flagge/verysmall/189.png?lm=1520611569,https://img.a.transfermarkt.technology/portrait/medium/855298-1724792160.jpg?lm=1,2004-05-05,31,1
848,Mirko Topić,5000000.0,22.0,Defensive Midfield,Serbia,https://tmssl.akamaized.net//images/flagge/verysmall/215.png?lm=1520611569,https://img.a.transfermarkt.technology/portrait/medium/615302-1764055407.jpg?lm=1,2001-02-05,31,1
849,Sam Field,3000000.0,26.0,Defensive Midfield,England,https://tmssl.akamaized.net//images/flagge/verysmall/189.png?lm=1520611569,https://img.a.transfermarkt.technology/portrait/medium/387331-1701545435.jpg?lm=1,1998-05-08,31,1
850,Jacob Wright,2500000.0,16.0,Defensive Midfield,England,https://tmssl.akamaized.net//images/flagge/verysmall/189.png?lm=1520611569,https://img.a.transfermarkt.technology/portrait/medium/983702-1709112399.jpg?lm=1,2005-09-21,31,1
851,Amankwah Forson,4500000.0,18.0,Central Midfield,Ghana,https://tmssl.akamaized.net//images/flagge/verysmall/54.png?lm=1520611569,https://img.a.transfermarkt.technology/portrait/medium/650944-1722524103.png?lm=1,2002-12-31,31,1
852,Pelle Mattsson,3000000.0,7.0,Central Midfield,Denmark,https://tmssl.akamaized.net//images/flagge/verysmall/39.png?lm=1520611569,https://img.a.transfermarkt.technology/portrait/medium/587298-1735147554.JPG?lm=1,2001-08-04,31,1
853,Anis Ben Slimane,3000000.0,20.0,Central Midfield,Tunisia,https://tmssl.akamaized.net//images/flagge/verysmall/173.png?lm=1520611569,https://img.a.transfermarkt.technology/portrait/medium/546712-1668422834.jpg?lm=1,2001-03-16,31,1
854,Liam Gibbs,2000000.0,8.0,Central Midfield,England,https://tmssl.akamaized.net//images/flagge/verysmall/189.png?lm=1520611569,https://img.a.transfermarkt.technology/portrait/medium/724785-1661433968.jpg?lm=1,2002-12-16,31,1
855,Paris Maghoma,1500000.0,25.0,Central Midfield,England,https://tmssl.akamaized.net//images/flagge/verysmall/189.png?lm=1520611569,https://img.a.transfermarkt.technology/portrait/medium/470596-1738823220.jpg?lm=1,2001-05-08,31,1
856,Kenny McLean,500000.0,23.0,Central Midfield,Scotland,https://tmssl.akamaized.net//images/flagge/verysmall/190.png?lm=1520611569,https://img.a.transfermarkt.technology/portrait/medium/126600-1701543723.jpg?lm=1,1992-01-08,31,1
857,Gabe Forsyth,200000.0,41.0,Central Midfield,Scotland,https://tmssl.akamaized.net//images/flagge/verysmall/190.png?lm=1520611569,https://img.a.transfermarkt.technology/portrait/medium/948932-1671532235.png?lm=1,2006-08-04,31,1
858,Ali Ahmed,4000000.0,21.0,Left Midfield,Canada,https://tmssl.akamaized.net//images/flagge/verysmall/80.png?lm=1520611569,https://img.a.transfermarkt.technology/portrait/medium/995642-1740765149.jpg?lm=1,2000-10-10,31,1
859,Jeffrey Schlupp,1200000.0,27.0,Left Midfield,Ghana,https://tmssl.akamaized.net//images/flagge/verysmall/54.png?lm=1520611569,https://img.a.transfermarkt.technology/portrait/medium/157506-1700672108.jpg?lm=1,1992-12-23,31,1
860,Oscar Schwartau,5000000.0,29.0,Attacking Midfield,Denmark,https://tmssl.akamaized.net//images/flagge/verysmall/39.png?lm=1520611569,https://img.a.transfermarkt.technology/portrait/medium/800925-1750359851.jpg?lm=1,2006-05-17,31,1
861,Emiliano Marcondes,800000.0,11.0,Attacking Midfield,Denmark,https://tmssl.akamaized.net//images/flagge/verysmall/39.png?lm=1520611569,https://img.a.transfermarkt.technology/portrait/medium/232964-1700737815.jpg?lm=1,1995-03-09,31,1
862,Papa Amadou Diallo,5000000.0,19.0,Left Winger,Senegal,https://tmssl.akamaized.net//images/flagge/verysmall/149.png?lm=1520611569,https://img.a.transfermarkt.technology/portrait/medium/1099726-1697465303.png?lm=1,2004-06-25,31,1
863,Matěj Jurásek,5500000.0,10.0,Right Winger,Czech Republic,https://tmssl.akamaized.net//images/flagge/verysmall/172.png?lm=1520611569,https://img.a.transfermarkt.technology/portrait/medium/726714-1697832409.png?lm=1,2003-08-30,31,1
864,Tony Springett,500000.0,42.0,Right Winger,Ireland,https://tmssl.akamaized.net//images/flagge/verysmall/72.png?lm=1520611569,https://img.a.transfermarkt.technology/portrait/medium/570864-1724792011.jpg?lm=1,2002-09-22,31,1
865,Mathias Kvistgaarden,8000000.0,30.0,Centre-Forward,Denmark,https://tmssl.akamaized.net//images/flagge/verysmall/39.png?lm=1520611569,https://img.a.transfermarkt.technology/portrait/medium/569663-1624457803.jpg?lm=1,2002-04-15,31,1
866,Jovon Makama,6000000.0,24.0,Centre-Forward,England,https://tmssl.akamaized.net//images/flagge/verysmall/189.png?lm=1520611569,https://img.a.transfermarkt.technology/portrait/medium/854885-1748113449.jpg?lm=1,2004-02-02,31,1
867,Ante Crnac,5500000.0,17.0,Centre-Forward,Croatia,https://tmssl.akamaized.net//images/flagge/verysmall/37.png?lm=1520611569,https://img.a.transfermarkt.technology/portrait/medium/580635-1702833128.png?lm=1,2003-12-17,31,1
868,Mohamed Touré,4000000.0,37.0,Centre-Forward,Australia,https://tmssl.akamaized.net//images/flagge/verysmall/12.png?lm=1520611569,https://img.a.transfermarkt.technology/portrait/medium/742770-1747724540.jpg?lm=1,2004-03-26,31,1
869,Jamie Cumming,1200000.0,1.0,Goalkeeper,England,https://tmssl.akamaized.net//images/flagge/verysmall/189.png?lm=1520611569,https://img.a.transfermarkt.technology/portrait/medium/396859-1740578018.jpg?lm=1,1999-09-04,32,1
870,Matt Ingram,400000.0,21.0,Goalkeeper,England,https://tmssl.akamaized.net//images/flagge/verysmall/189.png?lm=1520611569,https://img.a.transfermarkt.technology/portrait/medium/164499-1723642646.jpg?lm=1,1993-12-18,32,1
871,Simon Eastwood,50000.0,13.0,Goalkeeper,England,https://tmssl.akamaized.net//images/flagge/verysmall/189.png?lm=1520611569,https://img.a.transfermarkt.technology/portrait/medium/49089-1723642762.jpg?lm=1,1989-06-26,32,1
872,Jacob Knightbridge,50000.0,31.0,Goalkeeper,England,https://tmssl.akamaized.net//images/flagge/verysmall/189.png?lm=1520611569,https://img.a.transfermarkt.technology/portrait/medium/670878-1713473026.jpg?lm=1,2004-01-25,32,1
873,Ciaron Brown,1500000.0,3.0,Centre-Back,Northern Ireland,https://tmssl.akamaized.net//images/flagge/verysmall/192.png?lm=1520611569,https://img.a.transfermarkt.technology/portrait/medium/611845-1712328683.jpg?lm=1,1998-01-14,32,1
874,Michal Helik,1200000.0,6.0,Centre-Back,Poland,https://tmssl.akamaized.net//images/flagge/verysmall/135.png?lm=1520611569,https://img.a.transfermarkt.technology/portrait/medium/255383-1713368951.png?lm=1,1995-09-09,32,1
875,Ben Davies,1200000.0,29.0,Centre-Back,England,https://tmssl.akamaized.net//images/flagge/verysmall/189.png?lm=1520611569,https://img.a.transfermarkt.technology/portrait/medium/257097-1725391927.jpg?lm=1,1995-08-11,32,1
876,Christ Makosso,850000.0,37.0,Centre-Back,Congo,https://tmssl.akamaized.net//images/flagge/verysmall/85.png?lm=1520611569,https://img.a.transfermarkt.technology/portrait/medium/1113528-1709886612.jpg?lm=1,2004-05-09,32,1
877,Ruben Roosken,700000.0,12.0,Left-Back,Netherlands,https://tmssl.akamaized.net//images/flagge/verysmall/122.png?lm=1520611569,https://img.a.transfermarkt.technology/portrait/medium/538963-1724752719.jpg?lm=1,2000-03-02,32,1
878,Jack Currie,700000.0,26.0,Left-Back,England,https://tmssl.akamaized.net//images/flagge/verysmall/189.png?lm=1520611569,https://img.a.transfermarkt.technology/portrait/medium/851972-1723643123.jpg?lm=1,2001-12-16,32,1
879,Greg Leigh,200000.0,22.0,Left-Back,Jamaica,https://tmssl.akamaized.net//images/flagge/verysmall/76.png?lm=1520611569,https://img.a.transfermarkt.technology/portrait/medium/201586-1663589570.png?lm=1,1994-09-30,32,1
880,Brodie Spencer,1200000.0,15.0,Right-Back,Northern Ireland,https://tmssl.akamaized.net//images/flagge/verysmall/192.png?lm=1520611569,https://img.a.transfermarkt.technology/portrait/medium/701011-1712328768.jpg?lm=1,2004-05-06,32,1
881,Hidde ter Avest,1000000.0,24.0,Right-Back,Netherlands,https://tmssl.akamaized.net//images/flagge/verysmall/122.png?lm=1520611569,https://img.a.transfermarkt.technology/portrait/medium/258519-1629451269.jpg?lm=1,1997-05-20,32,1
882,Sam Long,300000.0,2.0,Right-Back,England,https://tmssl.akamaized.net//images/flagge/verysmall/189.png?lm=1520611569,https://img.a.transfermarkt.technology/portrait/medium/238591-1723643414.jpg?lm=1,1995-01-16,32,1
883,Yunus Konak,4000000.0,5.0,Defensive Midfield,Türkiye,https://tmssl.akamaized.net//images/flagge/verysmall/174.png?lm=1520611569,https://img.a.transfermarkt.technology/portrait/medium/1141628-1746436952.jpg?lm=1,2006-01-10,32,1
884,Brian De Keersmaecker,3000000.0,14.0,Defensive Midfield,Belgium,https://tmssl.akamaized.net//images/flagge/verysmall/19.png?lm=1520611569,https://img.a.transfermarkt.technology/portrait/medium/429916-1724752603.jpg?lm=1,2000-05-06,32,1
885,Jamie McDonnell,1000000.0,38.0,Defensive Midfield,Northern Ireland,https://tmssl.akamaized.net//images/flagge/verysmall/192.png?lm=1520611569,https://img.a.transfermarkt.technology/portrait/medium/694901-1747915777.jpg?lm=1,2004-02-16,32,1
886,Will Vaulks,500000.0,4.0,Defensive Midfield,Wales,https://tmssl.akamaized.net//images/flagge/verysmall/191.png?lm=1520611569,https://img.a.transfermarkt.technology/portrait/medium/238427-1740578342.jpg?lm=1,1993-09-13,32,1
887,Cameron Brannagan,600000.0,8.0,Central Midfield,England,https://tmssl.akamaized.net//images/flagge/verysmall/189.png?lm=1520611569,https://img.a.transfermarkt.technology/portrait/medium/261357-1705419985.jpg?lm=1,1996-05-09,32,1
888,Joshua Johnson,50000.0,36.0,Central Midfield,England,https://tmssl.akamaized.net//images/flagge/verysmall/189.png?lm=1520611569,https://img.a.transfermarkt.technology/portrait/medium/881261-1723644136.jpg?lm=1,2004-09-26,32,1
889,Jamie Donley,1500000.0,33.0,Attacking Midfield,Northern Ireland,https://tmssl.akamaized.net//images/flagge/verysmall/192.png?lm=1520611569,https://img.a.transfermarkt.technology/portrait/medium/796305-1705304319.jpg?lm=1,2005-01-03,32,1
890,Myles Peart-Harris,900000.0,44.0,Attacking Midfield,Jamaica,https://tmssl.akamaized.net//images/flagge/verysmall/76.png?lm=1520611569,https://img.a.transfermarkt.technology/portrait/medium/587002-1720268527.jpg?lm=1,2002-09-18,32,1
891,Przemyslaw Placheta,1300000.0,7.0,Left Winger,Poland,https://tmssl.akamaized.net//images/flagge/verysmall/135.png?lm=1520611569,https://img.a.transfermarkt.technology/portrait/medium/383109-1723644410.jpg?lm=1,1998-03-23,32,1
892,Siriki Dembélé,1200000.0,23.0,Left Winger,Scotland,https://tmssl.akamaized.net//images/flagge/verysmall/190.png?lm=1520611569,https://img.a.transfermarkt.technology/portrait/medium/488656-1609851610.jpg?lm=1,1996-09-07,32,1
893,Aidomo Emakhu,900000.0,10.0,Left Winger,Ireland,https://tmssl.akamaized.net//images/flagge/verysmall/72.png?lm=1520611569,https://img.a.transfermarkt.technology/portrait/medium/746971-1662372930.png?lm=1,2003-10-26,32,1
894,Tyler Goodrham,2500000.0,19.0,Right Winger,Ireland,https://tmssl.akamaized.net//images/flagge/verysmall/72.png?lm=1520611569,https://img.a.transfermarkt.technology/portrait/medium/700441-1723644566.jpg?lm=1,2003-08-07,32,1
895,Jin-woo Jeon,900000.0,32.0,Right Winger,"Korea, South",https://tmssl.akamaized.net//images/flagge/verysmall/87.png?lm=1520611569,https://img.a.transfermarkt.technology/portrait/medium/560797-1774470720.jpg?lm=1,1999-09-09,32,1
896,Stanley Mills,800000.0,17.0,Right Winger,England,https://tmssl.akamaized.net//images/flagge/verysmall/189.png?lm=1520611569,https://img.a.transfermarkt.technology/portrait/medium/801005-1740578708.jpg?lm=1,2003-10-25,32,1
897,Will Lankshear,4500000.0,27.0,Centre-Forward,England,https://tmssl.akamaized.net//images/flagge/verysmall/189.png?lm=1520611569,https://img.a.transfermarkt.technology/portrait/medium/879768-1708346356.jpg?lm=1,2005-04-20,32,1
898,Nik Prelec,1500000.0,16.0,Centre-Forward,Slovenia,https://tmssl.akamaized.net//images/flagge/verysmall/155.png?lm=1520611569,https://img.a.transfermarkt.technology/portrait/medium/469690-1775589275.jpg?lm=1,2001-06-10,32,1
899,Ole Romeny,1000000.0,11.0,Centre-Forward,Indonesia,https://tmssl.akamaized.net//images/flagge/verysmall/68.png?lm=1520611569,https://img.a.transfermarkt.technology/portrait/medium/361070-1682331084.jpg?lm=1,2000-06-20,32,1
900,Mark Harris,800000.0,9.0,Centre-Forward,Wales,https://tmssl.akamaized.net//images/flagge/verysmall/191.png?lm=1520611569,https://img.a.transfermarkt.technology/portrait/medium/344012-1641224285.png?lm=1,1998-12-29,32,1
901,Gatlin O'Donkor,250000.0,39.0,Centre-Forward,England,https://tmssl.akamaized.net//images/flagge/verysmall/189.png?lm=1520611569,https://img.a.transfermarkt.technology/portrait/medium/843394-1723645291.jpg?lm=1,2004-10-14,32,1
902,Nicolas Schmid,2000000.0,1.0,Goalkeeper,Austria,https://tmssl.akamaized.net//images/flagge/verysmall/127.png?lm=1520611569,https://img.a.transfermarkt.technology/portrait/medium/291097-1726058161.jpg?lm=1,1997-02-22,33,1
903,Josef Bursik,800000.0,26.0,Goalkeeper,England,https://tmssl.akamaized.net//images/flagge/verysmall/189.png?lm=1520611569,https://img.a.transfermarkt.technology/portrait/medium/491737-1692525264.jpg?lm=1,2000-07-12,33,1
904,Ben Killip,150000.0,30.0,Goalkeeper,England,https://tmssl.akamaized.net//images/flagge/verysmall/189.png?lm=1520611569,https://img.a.transfermarkt.technology/portrait/medium/244970-1739781562.jpg?lm=1,1995-11-24,33,1
905,Jordan Archer,75000.0,31.0,Goalkeeper,Scotland,https://tmssl.akamaized.net//images/flagge/verysmall/190.png?lm=1520611569,https://img.a.transfermarkt.technology/portrait/medium/177952-1733427787.jpg?lm=1,1993-04-12,33,1
906,Hayden Matthews,1300000.0,14.0,Centre-Back,Australia,https://tmssl.akamaized.net//images/flagge/verysmall/12.png?lm=1520611569,https://img.a.transfermarkt.technology/portrait/medium/1109824-1706789990.png?lm=1,2004-06-19,33,1
907,Josh Knight,1000000.0,4.0,Centre-Back,England,https://tmssl.akamaized.net//images/flagge/verysmall/189.png?lm=1520611569,https://img.a.transfermarkt.technology/portrait/medium/425026-1727683231.jpg?lm=1,1997-09-07,33,1
908,Regan Poole,1000000.0,5.0,Centre-Back,Wales,https://tmssl.akamaized.net//images/flagge/verysmall/191.png?lm=1520611569,https://img.a.transfermarkt.technology/portrait/medium/340194-1733428008.jpg?lm=1,1998-06-18,33,1
909,Aji Alese,1000000.0,34.0,Centre-Back,England,https://tmssl.akamaized.net//images/flagge/verysmall/189.png?lm=1520611569,https://img.a.transfermarkt.technology/portrait/medium/502065-1724770712.jpg?lm=1,2001-01-17,33,1
910,Conor Shaughnessy,900000.0,6.0,Centre-Back,Ireland,https://tmssl.akamaized.net//images/flagge/verysmall/72.png?lm=1520611569,https://img.a.transfermarkt.technology/portrait/medium/255626-1713943907.jpg?lm=1,1996-06-30,33,1
911,Ibane Bowat,600000.0,17.0,Centre-Back,Scotland,https://tmssl.akamaized.net//images/flagge/verysmall/190.png?lm=1520611569,https://img.a.transfermarkt.technology/portrait/medium/696347-1692986743.png?lm=1,2002-09-15,33,1
912,Madiodio Dia,500000.0,55.0,Centre-Back,Senegal,https://tmssl.akamaized.net//images/flagge/verysmall/149.png?lm=1520611569,https://img.a.transfermarkt.technology/portrait/medium/1176365-1744109393.jpg?lm=1,2004-01-15,33,1
913,Connor Ogilvie,500000.0,3.0,Left-Back,England,https://tmssl.akamaized.net//images/flagge/verysmall/189.png?lm=1520611569,https://img.a.transfermarkt.technology/portrait/medium/236509-1733428155.jpg?lm=1,1996-02-14,33,1
914,Terry Devlin,2000000.0,24.0,Right-Back,Northern Ireland,https://tmssl.akamaized.net//images/flagge/verysmall/192.png?lm=1520611569,https://img.a.transfermarkt.technology/portrait/medium/693440-1733428861.jpg?lm=1,2003-11-06,33,1
915,Zak Swanson,1000000.0,22.0,Right-Back,England,https://tmssl.akamaized.net//images/flagge/verysmall/189.png?lm=1520611569,https://img.a.transfermarkt.technology/portrait/medium/540687-1599073721.jpg?lm=1,2000-09-28,33,1
916,Jordan Williams,800000.0,2.0,Right-Back,England,https://tmssl.akamaized.net//images/flagge/verysmall/189.png?lm=1520611569,https://img.a.transfermarkt.technology/portrait/medium/346468-1612349257.jpg?lm=1,1999-10-22,33,1
917,Andre Dozzell,2200000.0,21.0,Central Midfield,England,https://tmssl.akamaized.net//images/flagge/verysmall/189.png?lm=1520611569,https://img.a.transfermarkt.technology/portrait/medium/346467-1733428399.jpg?lm=1,1999-05-02,33,1
918,Márk Kosznovszky,1300000.0,18.0,Central Midfield,Hungary,https://tmssl.akamaized.net//images/flagge/verysmall/178.png?lm=1521635893,https://img.a.transfermarkt.technology/portrait/medium/543729-1611301595.jpg?lm=1,2002-04-17,33,1
919,Luke Le Roux,1000000.0,16.0,Central Midfield,South Africa,https://tmssl.akamaized.net//images/flagge/verysmall/159.png?lm=1520611569,https://img.a.transfermarkt.technology/portrait/medium/467616-1697908313.jpg?lm=1,2000-03-10,33,1
920,Ebou Adams,800000.0,38.0,Central Midfield,The Gambia,https://tmssl.akamaized.net//images/flagge/verysmall/52.png?lm=1520611569,https://img.a.transfermarkt.technology/portrait/medium/323652-1644930417.jpg?lm=1,1996-01-15,33,1
921,Marlon Pack,150000.0,7.0,Central Midfield,England,https://tmssl.akamaized.net//images/flagge/verysmall/189.png?lm=1520611569,https://img.a.transfermarkt.technology/portrait/medium/118779-1733428594.jpg?lm=1,1991-03-25,33,1
922,Reuben Swann,50000.0,28.0,Central Midfield,England,https://tmssl.akamaized.net//images/flagge/verysmall/189.png?lm=1520611569,https://img.a.transfermarkt.technology/portrait/medium/default.jpg?lm=1,2006-01-26,33,1
923,John Swift,1000000.0,8.0,Attacking Midfield,England,https://tmssl.akamaized.net//images/flagge/verysmall/189.png?lm=1520611569,https://img.a.transfermarkt.technology/portrait/medium/197693-1723555283.jpg?lm=1,1995-06-23,33,1
924,Harry Clout,50000.0,41.0,Attacking Midfield,England,https://tmssl.akamaized.net//images/flagge/verysmall/189.png?lm=1520611569,https://img.a.transfermarkt.technology/portrait/medium/default.jpg?lm=1,2006-08-30,33,1
925,Josh Murphy,1800000.0,23.0,Left Winger,England,https://tmssl.akamaized.net//images/flagge/verysmall/189.png?lm=1520611569,https://img.a.transfermarkt.technology/portrait/medium/199528-1740579091.jpg?lm=1,1995-02-24,33,1
926,Millenic Alli,1100000.0,27.0,Left Winger,Ireland,https://tmssl.akamaized.net//images/flagge/verysmall/72.png?lm=1520611569,https://img.a.transfermarkt.technology/portrait/medium/916542-1738909064.jpg?lm=1,2000-02-06,33,1
927,Gustavo Caballero,1000000.0,47.0,Left Winger,Paraguay,https://tmssl.akamaized.net//images/flagge/verysmall/132.png?lm=1520611569,https://img.a.transfermarkt.technology/portrait/medium/891672-1712762319.jpg?lm=1,2001-09-21,33,1
928,Keshi Anderson,600000.0,37.0,Left Winger,England,https://tmssl.akamaized.net//images/flagge/verysmall/189.png?lm=1520611569,https://img.a.transfermarkt.technology/portrait/medium/353674-1725392436.jpg?lm=1,1995-04-06,33,1
929,Adrian Segečić,2000000.0,10.0,Right Winger,Croatia,https://tmssl.akamaized.net//images/flagge/verysmall/37.png?lm=1520611569,https://img.a.transfermarkt.technology/portrait/medium/867760-1702904702.jpg?lm=1,2004-06-01,33,1
930,Florian Bianchini,1200000.0,11.0,Right Winger,France,https://tmssl.akamaized.net//images/flagge/verysmall/50.png?lm=1520611569,https://img.a.transfermarkt.technology/portrait/medium/715923-1669379997.png?lm=1,2001-06-25,33,1
931,Franco Umeh,500000.0,15.0,Right Winger,Ireland,https://tmssl.akamaized.net//images/flagge/verysmall/72.png?lm=1520611569,https://img.a.transfermarkt.technology/portrait/medium/943560-1708422716.jpg?lm=1,2005-01-26,33,1
932,Harvey Blair,300000.0,29.0,Right Winger,England,https://tmssl.akamaized.net//images/flagge/verysmall/189.png?lm=1520611569,https://img.a.transfermarkt.technology/portrait/medium/707164-1655974679.jpg?lm=1,2003-09-14,33,1
933,Conor Chaplin,3000000.0,36.0,Second Striker,England,https://tmssl.akamaized.net//images/flagge/verysmall/189.png?lm=1520611569,https://img.a.transfermarkt.technology/portrait/medium/349503-1612349000.jpg?lm=1,1997-02-16,33,1
934,Colby Bishop,1500000.0,9.0,Centre-Forward,England,https://tmssl.akamaized.net//images/flagge/verysmall/189.png?lm=1520611569,https://img.a.transfermarkt.technology/portrait/medium/307069-1705419573.jpg?lm=1,1996-11-04,33,1
935,Jacob Brown,1500000.0,40.0,Centre-Forward,Scotland,https://tmssl.akamaized.net//images/flagge/verysmall/190.png?lm=1520611569,https://img.a.transfermarkt.technology/portrait/medium/469958-1700638599.jpg?lm=1,1998-04-10,33,1
936,Thomas Waddingham,500000.0,20.0,Centre-Forward,Australia,https://tmssl.akamaized.net//images/flagge/verysmall/12.png?lm=1520611569,https://img.a.transfermarkt.technology/portrait/medium/1069559-1740579471.jpg?lm=1,2005-04-05,33,1
937,Makenzie Kirk,400000.0,25.0,Centre-Forward,Northern Ireland,https://tmssl.akamaized.net//images/flagge/verysmall/192.png?lm=1520611569,https://img.a.transfermarkt.technology/portrait/medium/700144-1756755072.jpg?lm=1,2004-02-06,33,1
938,Daniel Iversen,2500000.0,1.0,Goalkeeper,Denmark,https://tmssl.akamaized.net//images/flagge/verysmall/39.png?lm=1520611569,https://img.a.transfermarkt.technology/portrait/medium/260841-1683029575.jpg?lm=1,1997-07-19,34,1
939,Jack Walton,500000.0,12.0,Goalkeeper,England,https://tmssl.akamaized.net//images/flagge/verysmall/189.png?lm=1520611569,https://img.a.transfermarkt.technology/portrait/medium/368629-1612348716.jpg?lm=1,1998-04-23,34,1
940,David Cornell,75000.0,13.0,Goalkeeper,Wales,https://tmssl.akamaized.net//images/flagge/verysmall/191.png?lm=1520611569,https://img.a.transfermarkt.technology/portrait/medium/89648-1669625706.jpg?lm=1,1991-03-28,34,1
941,James Pradic,50000.0,,Goalkeeper,Wales,https://tmssl.akamaized.net//images/flagge/verysmall/191.png?lm=1520611569,https://img.a.transfermarkt.technology/portrait/medium/883541-1737883957.jpg?lm=1,2005-02-07,34,1
942,Jordan Storey,5000000.0,14.0,Centre-Back,England,https://tmssl.akamaized.net//images/flagge/verysmall/189.png?lm=1520611569,https://img.a.transfermarkt.technology/portrait/medium/435198-1669625668.png?lm=1,1997-09-02,34,1
943,Lewis Gibson,2500000.0,19.0,Centre-Back,England,https://tmssl.akamaized.net//images/flagge/verysmall/189.png?lm=1520611569,https://img.a.transfermarkt.technology/portrait/medium/419325-1737884167.jpg?lm=1,2000-07-19,34,1
944,Odeluga Offiah,1800000.0,42.0,Centre-Back,England,https://tmssl.akamaized.net//images/flagge/verysmall/189.png?lm=1520611569,https://img.a.transfermarkt.technology/portrait/medium/567597-1709158780.jpg?lm=1,2002-10-26,34,1
945,Liam Lindsay,1500000.0,6.0,Centre-Back,Scotland,https://tmssl.akamaized.net//images/flagge/verysmall/190.png?lm=1520611569,https://img.a.transfermarkt.technology/portrait/medium/228912-1737884053.jpg?lm=1,1995-10-12,34,1
946,Andrew Hughes,400000.0,16.0,Centre-Back,Wales,https://tmssl.akamaized.net//images/flagge/verysmall/191.png?lm=1520611569,https://img.a.transfermarkt.technology/portrait/medium/191865-1669625598.jpg?lm=1,1992-06-05,34,1
947,Thierry Small,5000000.0,26.0,Left-Back,England,https://tmssl.akamaized.net//images/flagge/verysmall/189.png?lm=1520611569,https://img.a.transfermarkt.technology/portrait/medium/746554-1617356313.jpg?lm=1,2004-08-01,34,1
948,Jamal Lewis,2000000.0,18.0,Left-Back,Northern Ireland,https://tmssl.akamaized.net//images/flagge/verysmall/192.png?lm=1520611569,https://img.a.transfermarkt.technology/portrait/medium/346018-1737920239.jpg?lm=1,1998-01-25,34,1
949,Andrija Vukcevic,500000.0,3.0,Left-Back,Montenegro,https://tmssl.akamaized.net//images/flagge/verysmall/216.png?lm=1520611569,https://img.a.transfermarkt.technology/portrait/medium/294987-1756666732.jpg?lm=1,1996-10-11,34,1
950,Kacper Pasiek,50000.0,,Left-Back,Poland,https://tmssl.akamaized.net//images/flagge/verysmall/135.png?lm=1520611569,https://img.a.transfermarkt.technology/portrait/medium/969560-1753737931.jpg?lm=1,2005-10-08,34,1
951,Brad Potts,800000.0,44.0,Right-Back,England,https://tmssl.akamaized.net//images/flagge/verysmall/189.png?lm=1520611569,https://img.a.transfermarkt.technology/portrait/medium/237013-1737884307.jpg?lm=1,1994-07-03,34,1
952,Pol Valentín,450000.0,2.0,Right-Back,Spain,https://tmssl.akamaized.net//images/flagge/verysmall/157.png?lm=1520611569,https://img.a.transfermarkt.technology/portrait/medium/380737-1664288072.jpg?lm=1,1997-02-21,34,1
953,Ben Whiteman,2500000.0,4.0,Central Midfield,England,https://tmssl.akamaized.net//images/flagge/verysmall/189.png?lm=1520611569,https://img.a.transfermarkt.technology/portrait/medium/347389-1632910235.png?lm=1,1996-06-17,34,1
954,Ali McCann,2200000.0,8.0,Central Midfield,Northern Ireland,https://tmssl.akamaized.net//images/flagge/verysmall/192.png?lm=1520611569,https://img.a.transfermarkt.technology/portrait/medium/450714-1621260797.jpg?lm=1,1999-12-04,34,1
955,Jordan Thompson,800000.0,15.0,Central Midfield,Northern Ireland,https://tmssl.akamaized.net//images/flagge/verysmall/192.png?lm=1520611569,https://img.a.transfermarkt.technology/portrait/medium/321169-1739780768.jpg?lm=1,1997-01-03,34,1
956,Robbie Brady,150000.0,11.0,Left Midfield,Ireland,https://tmssl.akamaized.net//images/flagge/verysmall/72.png?lm=1520611569,https://img.a.transfermarkt.technology/portrait/medium/128229-1737884959.jpg?lm=1,1992-01-14,34,1
957,Alfie Devine,6000000.0,21.0,Attacking Midfield,England,https://tmssl.akamaized.net//images/flagge/verysmall/189.png?lm=1520611569,https://img.a.transfermarkt.technology/portrait/medium/728734-1755501312.jpg?lm=1,2004-08-01,34,1
958,Andrew Moran,2000000.0,23.0,Attacking Midfield,Ireland,https://tmssl.akamaized.net//images/flagge/verysmall/72.png?lm=1520611569,https://img.a.transfermarkt.technology/portrait/medium/724537-1709113322.jpg?lm=1,2003-10-15,34,1
959,Kitt Nelson,150000.0,34.0,Attacking Midfield,England,https://tmssl.akamaized.net//images/flagge/verysmall/189.png?lm=1520611569,https://img.a.transfermarkt.technology/portrait/medium/969562-1737885046.jpg?lm=1,2005-01-12,34,1
960,Theo Carroll,50000.0,20.0,Attacking Midfield,England,https://tmssl.akamaized.net//images/flagge/verysmall/189.png?lm=1520611569,https://img.a.transfermarkt.technology/portrait/medium/1088577-1747518120.jpg?lm=1,2007-06-21,34,1
961,Lewis Dobbin,4000000.0,17.0,Left Winger,England,https://tmssl.akamaized.net//images/flagge/verysmall/189.png?lm=1520611569,https://img.a.transfermarkt.technology/portrait/medium/627248-1648482055.jpg?lm=1,2003-01-03,34,1
962,Callum Lang,3000000.0,10.0,Right Winger,England,https://tmssl.akamaized.net//images/flagge/verysmall/189.png?lm=1520611569,https://img.a.transfermarkt.technology/portrait/medium/425865-1740579201.jpg?lm=1,1998-09-08,34,1
963,Daniel Jebbison,6000000.0,9.0,Centre-Forward,Canada,https://tmssl.akamaized.net//images/flagge/verysmall/80.png?lm=1520611569,https://img.a.transfermarkt.technology/portrait/medium/746740-1743015657.jpg?lm=1,2003-08-13,34,1
964,Milos Lukovic,5000000.0,22.0,Centre-Forward,Serbia,https://tmssl.akamaized.net//images/flagge/verysmall/215.png?lm=1520611569,https://img.a.transfermarkt.technology/portrait/medium/845872-1732575357.png?lm=1,2005-11-18,34,1
965,Milutin Osmajic,3000000.0,28.0,Centre-Forward,Montenegro,https://tmssl.akamaized.net//images/flagge/verysmall/216.png?lm=1520611569,https://img.a.transfermarkt.technology/portrait/medium/542819-1636562366.jpg?lm=1,1999-07-25,34,1
966,Michael Smith,250000.0,24.0,Centre-Forward,England,https://tmssl.akamaized.net//images/flagge/verysmall/189.png?lm=1520611569,https://img.a.transfermarkt.technology/portrait/medium/96173-1645779433.jpg?lm=1,1991-10-17,34,1
967,Paul Nardi,1600000.0,1.0,Goalkeeper,France,https://tmssl.akamaized.net//images/flagge/verysmall/50.png?lm=1520611569,https://img.a.transfermarkt.technology/portrait/medium/189744-1695061969.jpg?lm=1,1994-05-18,35,1
968,Joe Walsh,500000.0,13.0,Goalkeeper,England,https://tmssl.akamaized.net//images/flagge/verysmall/189.png?lm=1520611569,https://img.a.transfermarkt.technology/portrait/medium/690548-1701545505.jpg?lm=1,2002-04-01,35,1
969,Ben Hamer,75000.0,29.0,Goalkeeper,England,https://tmssl.akamaized.net//images/flagge/verysmall/189.png?lm=1520611569,https://img.a.transfermarkt.technology/portrait/medium/67283-1723550949.jpg?lm=1,1987-11-20,35,1
970,Ronnie Edwards,5000000.0,37.0,Centre-Back,England,https://tmssl.akamaized.net//images/flagge/verysmall/189.png?lm=1520611569,https://img.a.transfermarkt.technology/portrait/medium/732165-1641462138.jpg?lm=1,2003-03-28,35,1
971,Amadou Mbengue,2000000.0,27.0,Centre-Back,Senegal,https://tmssl.akamaized.net//images/flagge/verysmall/149.png?lm=1520611569,https://img.a.transfermarkt.technology/portrait/medium/806310-1642780327.jpg?lm=1,2002-01-05,35,1
972,Jake Clarke-Salter,900000.0,6.0,Centre-Back,England,https://tmssl.akamaized.net//images/flagge/verysmall/189.png?lm=1520611569,https://img.a.transfermarkt.technology/portrait/medium/316551-1737713352.jpg?lm=1,1997-09-22,35,1
973,Steve Cook,300000.0,5.0,Centre-Back,England,https://tmssl.akamaized.net//images/flagge/verysmall/189.png?lm=1520611569,https://img.a.transfermarkt.technology/portrait/medium/90836-1737713456.jpg?lm=1,1991-04-19,35,1
974,Esquerdinha,3500000.0,28.0,Left-Back,Brazil,https://tmssl.akamaized.net//images/flagge/verysmall/26.png?lm=1520611569,https://img.a.transfermarkt.technology/portrait/medium/1004737-1733838574.jpg?lm=1,2006-02-28,35,1
975,Rhys Norrington-Davies,2200000.0,18.0,Left-Back,Wales,https://tmssl.akamaized.net//images/flagge/verysmall/191.png?lm=1520611569,https://img.a.transfermarkt.technology/portrait/medium/543164-1621516676.jpg?lm=1,1999-04-22,35,1
976,Ziyad Larkeche,800000.0,38.0,Left-Back,France,https://tmssl.akamaized.net//images/flagge/verysmall/50.png?lm=1520611569,https://img.a.transfermarkt.technology/portrait/medium/618402-1582283466.jpg?lm=1,2002-09-19,35,1
977,Jimmy Dunne,5000000.0,3.0,Right-Back,Ireland,https://tmssl.akamaized.net//images/flagge/verysmall/72.png?lm=1520611569,https://img.a.transfermarkt.technology/portrait/medium/396174-1679675984.jpg?lm=1,1997-10-19,35,1
978,Kealey Adamson,450000.0,2.0,Right-Back,Australia,https://tmssl.akamaized.net//images/flagge/verysmall/12.png?lm=1520611569,https://img.a.transfermarkt.technology/portrait/medium/1109828-1753737814.jpg?lm=1,2003-02-17,35,1
979,Jonathan Varane,2000000.0,40.0,Defensive Midfield,Martinique,https://tmssl.akamaized.net//images/flagge/verysmall/207.png?lm=1699285669,https://img.a.transfermarkt.technology/portrait/medium/812902-1756664831.jpg?lm=1,2001-09-09,35,1
980,Isaac Hayden,600000.0,15.0,Defensive Midfield,Jamaica,https://tmssl.akamaized.net//images/flagge/verysmall/76.png?lm=1520611569,https://img.a.transfermarkt.technology/portrait/medium/206225-1680273024.jpg?lm=1,1995-03-22,35,1
981,Nicolas Madsen,4500000.0,24.0,Central Midfield,Denmark,https://tmssl.akamaized.net//images/flagge/verysmall/39.png?lm=1520611569,https://img.a.transfermarkt.technology/portrait/medium/464599-1713449934.png?lm=1,2000-03-17,35,1
982,Kieran Morgan,1000000.0,21.0,Central Midfield,England,https://tmssl.akamaized.net//images/flagge/verysmall/189.png?lm=1520611569,https://img.a.transfermarkt.technology/portrait/medium/1047344-1737713189.jpg?lm=1,2006-03-17,35,1
983,Harvey Vale,1500000.0,20.0,Right Midfield,Ireland,https://tmssl.akamaized.net//images/flagge/verysmall/72.png?lm=1520611569,https://img.a.transfermarkt.technology/portrait/medium/581675-1650877370.jpg?lm=1,2003-09-11,35,1
984,Ilias Chair,5500000.0,10.0,Attacking Midfield,Morocco,https://tmssl.akamaized.net//images/flagge/verysmall/107.png?lm=1520611569,https://img.a.transfermarkt.technology/portrait/medium/380473-1666874703.jpg?lm=1,1997-10-30,35,1
985,Karamoko Dembélé,2000000.0,7.0,Attacking Midfield,England,https://tmssl.akamaized.net//images/flagge/verysmall/189.png?lm=1520611569,https://img.a.transfermarkt.technology/portrait/medium/466602-1737713944.jpg?lm=1,2003-02-22,35,1
986,Koki Saito,3200000.0,14.0,Left Winger,Japan,https://tmssl.akamaized.net//images/flagge/verysmall/77.png?lm=1520611569,https://img.a.transfermarkt.technology/portrait/medium/501743-1626772054.jpg?lm=1,2001-08-10,35,1
987,Daniel Bennie,250000.0,23.0,Left Winger,Australia,https://tmssl.akamaized.net//images/flagge/verysmall/12.png?lm=1520611569,https://img.a.transfermarkt.technology/portrait/medium/1104713-1737714068.jpg?lm=1,2006-04-13,35,1
988,Kwame Poku,1000000.0,17.0,Right Winger,Ghana,https://tmssl.akamaized.net//images/flagge/verysmall/54.png?lm=1520611569,https://img.a.transfermarkt.technology/portrait/medium/701062-1705419725.jpg?lm=1,2001-08-11,35,1
989,Paul Smyth,600000.0,11.0,Right Winger,Northern Ireland,https://tmssl.akamaized.net//images/flagge/verysmall/192.png?lm=1520611569,https://img.a.transfermarkt.technology/portrait/medium/408872-1615798482.jpg?lm=1,1997-09-10,35,1
990,Rumarn Burrell,5000000.0,16.0,Centre-Forward,Jamaica,https://tmssl.akamaized.net//images/flagge/verysmall/76.png?lm=1520611569,https://img.a.transfermarkt.technology/portrait/medium/624946-1749201118.jpg?lm=1,2000-12-16,35,1
991,Richard Kone,5000000.0,22.0,Centre-Forward,Cote d'Ivoire,https://tmssl.akamaized.net//images/flagge/verysmall/38.png?lm=1520611569,https://img.a.transfermarkt.technology/portrait/medium/1218761-1739357453.jpg?lm=1,2003-07-15,35,1
992,Rayan Kolli,1500000.0,26.0,Centre-Forward,Algeria,https://tmssl.akamaized.net//images/flagge/verysmall/4.png?lm=1520611569,https://img.a.transfermarkt.technology/portrait/medium/867699-1735918905.jpg?lm=1,2005-02-10,35,1
993,Justin Obikwu,125000.0,46.0,Centre-Forward,Trinidad and Tobago,https://tmssl.akamaized.net//images/flagge/verysmall/170.png?lm=1520611569,https://img.a.transfermarkt.technology/portrait/medium/873270-1758920872.jpg?lm=1,2004-05-06,35,1
994,Michael Cooper,10000000.0,1.0,Goalkeeper,England,https://tmssl.akamaized.net//images/flagge/verysmall/189.png?lm=1520611569,https://img.a.transfermarkt.technology/portrait/medium/533078-1649404935.jpg?lm=1,1999-10-08,36,1
995,Adam Davies,300000.0,17.0,Goalkeeper,Wales,https://tmssl.akamaized.net//images/flagge/verysmall/191.png?lm=1520611569,https://img.a.transfermarkt.technology/portrait/medium/121254-1668519546.jpg?lm=1,1992-07-17,36,1
996,Luke Faxon,50000.0,31.0,Goalkeeper,England,https://tmssl.akamaized.net//images/flagge/verysmall/189.png?lm=1520611569,https://img.a.transfermarkt.technology/portrait/medium/1072578-1747592894.jpg?lm=1,2005-02-15,36,1
997,Mark McGuinness,7000000.0,25.0,Centre-Back,Ireland,https://tmssl.akamaized.net//images/flagge/verysmall/72.png?lm=1520611569,https://img.a.transfermarkt.technology/portrait/medium/561454-1724180557.jpg?lm=1,2001-01-05,36,1
998,Japhet Tanganga,5000000.0,2.0,Centre-Back,England,https://tmssl.akamaized.net//images/flagge/verysmall/189.png?lm=1520611569,https://img.a.transfermarkt.technology/portrait/medium/346478-1694588455.jpg?lm=1,1999-03-31,36,1
999,Tyler Bindon,1500000.0,6.0,Centre-Back,New Zealand,https://tmssl.akamaized.net//images/flagge/verysmall/120.png?lm=1520611569,https://img.a.transfermarkt.technology/portrait/medium/1007720-1695905864.jpg?lm=1,2005-01-27,36,1
1000,Ben Mee,500000.0,15.0,Centre-Back,England,https://tmssl.akamaized.net//images/flagge/verysmall/189.png?lm=1520611569,https://img.a.transfermarkt.technology/portrait/medium/74810-1700647998.jpg?lm=1,1989-09-21,36,1
1001,Harrison Burrows,10000000.0,14.0,Left-Back,England,https://tmssl.akamaized.net//images/flagge/verysmall/189.png?lm=1520611569,https://img.a.transfermarkt.technology/portrait/medium/533980-1699341816.jpg?lm=1,2002-01-12,36,1
1002,Sam McCallum,2000000.0,3.0,Left-Back,England,https://tmssl.akamaized.net//images/flagge/verysmall/189.png?lm=1520611569,https://img.a.transfermarkt.technology/portrait/medium/618901-1727102677.jpg?lm=1,2000-09-02,36,1
1003,Leo Hjelde,2000000.0,5.0,Left-Back,Norway,https://tmssl.akamaized.net//images/flagge/verysmall/125.png?lm=1520611569,https://img.a.transfermarkt.technology/portrait/medium/661208-1648481718.jpg?lm=1,2003-08-26,36,1
1004,Ki-Jana Hoever,5000000.0,12.0,Right-Back,Netherlands,https://tmssl.akamaized.net//images/flagge/verysmall/122.png?lm=1520611569,https://img.a.transfermarkt.technology/portrait/medium/485583-1724259461.jpg?lm=1,2002-01-18,36,1
1005,Femi Seriki,4500000.0,38.0,Right-Back,England,https://tmssl.akamaized.net//images/flagge/verysmall/189.png?lm=1520611569,https://img.a.transfermarkt.technology/portrait/medium/638649-1727102863.jpg?lm=1,2002-04-28,36,1
1006,Jamie Shackleton,1300000.0,16.0,Right-Back,England,https://tmssl.akamaized.net//images/flagge/verysmall/189.png?lm=1520611569,https://img.a.transfermarkt.technology/portrait/medium/534700-1727102791.jpg?lm=1,1999-10-08,36,1
1007,Mihail Polendakov,600000.0,32.0,Right-Back,Bulgaria,https://tmssl.akamaized.net//images/flagge/verysmall/28.png?lm=1520611569,https://img.a.transfermarkt.technology/portrait/medium/1043508-1712515670.png?lm=1,2007-06-05,36,1
1008,Kalvin Phillips,5000000.0,27.0,Defensive Midfield,England,https://tmssl.akamaized.net//images/flagge/verysmall/189.png?lm=1520611569,https://img.a.transfermarkt.technology/portrait/medium/351749-1661978510.jpg?lm=1,1995-12-02,36,1
1009,Jaïro Riedewald,1800000.0,44.0,Defensive Midfield,Netherlands,https://tmssl.akamaized.net//images/flagge/verysmall/122.png?lm=1520611569,https://img.a.transfermarkt.technology/portrait/medium/241481-1759088105.png?lm=1,1996-09-09,36,1
1010,Djibril Soumaré,1500000.0,18.0,Defensive Midfield,Senegal,https://tmssl.akamaized.net//images/flagge/verysmall/149.png?lm=1520611569,https://img.a.transfermarkt.technology/portrait/medium/1041532-1743533608.jpg?lm=1,2003-01-07,36,1
1011,Gustavo Hamer,16000000.0,8.0,Central Midfield,Netherlands,https://tmssl.akamaized.net//images/flagge/verysmall/122.png?lm=1520611569,https://img.a.transfermarkt.technology/portrait/medium/322985-1682690179.jpg?lm=1,1997-06-24,36,1
1012,Sydie Peck,12000000.0,42.0,Central Midfield,England,https://tmssl.akamaized.net//images/flagge/verysmall/189.png?lm=1520611569,https://img.a.transfermarkt.technology/portrait/medium/745851-1709625549.jpg?lm=1,2004-09-13,36,1
1013,Andre Brooks,5000000.0,11.0,Central Midfield,Jamaica,https://tmssl.akamaized.net//images/flagge/verysmall/76.png?lm=1520611569,https://img.a.transfermarkt.technology/portrait/medium/746739-1693217657.jpg?lm=1,2003-08-20,36,1
1014,Tom Davies,3000000.0,22.0,Central Midfield,England,https://tmssl.akamaized.net//images/flagge/verysmall/189.png?lm=1520611569,https://img.a.transfermarkt.technology/portrait/medium/314210-1700672214.jpg?lm=1,1998-06-30,36,1
1015,Oliver Arblaster,1400000.0,4.0,Central Midfield,England,https://tmssl.akamaized.net//images/flagge/verysmall/189.png?lm=1520611569,https://img.a.transfermarkt.technology/portrait/medium/874066-1709625473.jpg?lm=1,2004-01-08,36,1
1016,Alex Matos,1000000.0,28.0,Central Midfield,England,https://tmssl.akamaized.net//images/flagge/verysmall/189.png?lm=1520611569,https://img.a.transfermarkt.technology/portrait/medium/670850-1708552371.jpg?lm=1,2004-10-03,36,1
1017,Joe Rothwell,900000.0,48.0,Central Midfield,England,https://tmssl.akamaized.net//images/flagge/verysmall/189.png?lm=1520611569,https://img.a.transfermarkt.technology/portrait/medium/183293-1770069593.jpg?lm=1,1995-01-11,36,1
1018,Callum O'Hare,5000000.0,10.0,Attacking Midfield,England,https://tmssl.akamaized.net//images/flagge/verysmall/189.png?lm=1520611569,https://img.a.transfermarkt.technology/portrait/medium/371262-1663853747.jpg?lm=1,1998-05-01,36,1
1019,Tahith Chong,4500000.0,24.0,Attacking Midfield,Curacao,https://tmssl.akamaized.net//images/flagge/verysmall/260.png?lm=1520611569,https://img.a.transfermarkt.technology/portrait/medium/344830-1616530468.jpg?lm=1,1999-12-04,36,1
1020,Chiedozie Ogbene,5000000.0,19.0,Right Winger,Ireland,https://tmssl.akamaized.net//images/flagge/verysmall/72.png?lm=1520611569,https://img.a.transfermarkt.technology/portrait/medium/392591-1700737518.jpg?lm=1,1997-05-01,36,1
1021,Tyrese Campbell,9000000.0,23.0,Centre-Forward,England,https://tmssl.akamaized.net//images/flagge/verysmall/189.png?lm=1520611569,https://img.a.transfermarkt.technology/portrait/medium/382554-1727104567.jpg?lm=1,1999-12-28,36,1
1022,Tom Cannon,8000000.0,7.0,Centre-Forward,Ireland,https://tmssl.akamaized.net//images/flagge/verysmall/72.png?lm=1520611569,https://img.a.transfermarkt.technology/portrait/medium/669366-1679679487.jpg?lm=1,2002-12-28,36,1
1023,Danny Ings,2500000.0,9.0,Centre-Forward,England,https://tmssl.akamaized.net//images/flagge/verysmall/189.png?lm=1520611569,https://img.a.transfermarkt.technology/portrait/medium/134294-1674218597.jpg?lm=1,1992-07-23,36,1
1024,Patrick Bamford,1200000.0,45.0,Centre-Forward,England,https://tmssl.akamaized.net//images/flagge/verysmall/189.png?lm=1520611569,https://img.a.transfermarkt.technology/portrait/medium/183334-1754901083.jpg?lm=1,1993-09-05,36,1
1025,Pierce Charles,500000.0,1.0,Goalkeeper,Northern Ireland,https://tmssl.akamaized.net//images/flagge/verysmall/192.png?lm=1520611569,https://img.a.transfermarkt.technology/portrait/medium/861600-1755687002.jpg?lm=1,2005-07-21,37,1
1026,Murphy Cooper,300000.0,13.0,Goalkeeper,England,https://tmssl.akamaized.net//images/flagge/verysmall/189.png?lm=1520611569,https://img.a.transfermarkt.technology/portrait/medium/921746-1748198691.jpg?lm=1,2001-12-27,37,1
1027,Logan Stretch,50000.0,25.0,Goalkeeper,Wales,https://tmssl.akamaized.net//images/flagge/verysmall/191.png?lm=1520611569,https://img.a.transfermarkt.technology/portrait/medium/1122667-1755156439.jpg?lm=1,2006-11-04,37,1
1028,Di'Shon Bernard,1500000.0,5.0,Centre-Back,Jamaica,https://tmssl.akamaized.net//images/flagge/verysmall/76.png?lm=1520611569,https://img.a.transfermarkt.technology/portrait/medium/531677-1741274747.jpg?lm=1,2000-10-14,37,1
1029,Gabriel Otegbayo,500000.0,22.0,Centre-Back,Ireland,https://tmssl.akamaized.net//images/flagge/verysmall/72.png?lm=1520611569,https://img.a.transfermarkt.technology/portrait/medium/1198023-1751921564.jpg?lm=1,2005-02-11,37,1
1030,Dominic Iorfa,300000.0,6.0,Centre-Back,England,https://tmssl.akamaized.net//images/flagge/verysmall/189.png?lm=1520611569,https://img.a.transfermarkt.technology/portrait/medium/213334-1723552727.jpg?lm=1,1995-06-24,37,1
1031,Liam Cooper,300000.0,16.0,Centre-Back,Scotland,https://tmssl.akamaized.net//images/flagge/verysmall/190.png?lm=1520611569,https://img.a.transfermarkt.technology/portrait/medium/75067-1754148867.png?lm=1,1991-08-30,37,1
1032,Cole McGhee,50000.0,28.0,Centre-Back,England,https://tmssl.akamaized.net//images/flagge/verysmall/189.png?lm=1520611569,https://img.a.transfermarkt.technology/portrait/medium/1088573-1762902777.jpg?lm=1,2006-01-28,37,1
1033,Max Lowe,2200000.0,3.0,Left-Back,England,https://tmssl.akamaized.net//images/flagge/verysmall/189.png?lm=1520611569,https://img.a.transfermarkt.technology/portrait/medium/258885-1700672586.jpg?lm=1,1997-05-11,37,1
1034,Tayo Adaramola,800000.0,45.0,Left-Back,Ireland,https://tmssl.akamaized.net//images/flagge/verysmall/72.png?lm=1520611569,https://img.a.transfermarkt.technology/portrait/medium/724529-1706085794.jpg?lm=1,2003-11-14,37,1
1035,Reece Johnson,200000.0,27.0,Left-Back,England,https://tmssl.akamaized.net//images/flagge/verysmall/189.png?lm=1520611569,https://img.a.transfermarkt.technology/portrait/medium/1099687-1755156560.jpg?lm=1,2006-01-31,37,1
1036,Sean Fusire,700000.0,4.0,Right-Back,Zimbabwe,https://tmssl.akamaized.net//images/flagge/verysmall/187.png?lm=1520611569,https://img.a.transfermarkt.technology/portrait/medium/969140-1751921691.jpg?lm=1,2005-05-31,37,1
1037,Liam Palmer,150000.0,2.0,Right-Back,Scotland,https://tmssl.akamaized.net//images/flagge/verysmall/190.png?lm=1520611569,https://img.a.transfermarkt.technology/portrait/medium/137149-1755156702.jpg?lm=1,1991-09-19,37,1
1038,Guilherme Siqueira,50000.0,23.0,Right-Back,Brazil,https://tmssl.akamaized.net//images/flagge/verysmall/26.png?lm=1520611569,https://img.a.transfermarkt.technology/portrait/medium/1089410-1755156792.jpg?lm=1,2004-12-06,37,1
1039,Marvelous Nakamba,1000000.0,18.0,Defensive Midfield,Zimbabwe,https://tmssl.akamaized.net//images/flagge/verysmall/187.png?lm=1520611569,https://img.a.transfermarkt.technology/portrait/medium/324882-1700736255.jpg?lm=1,1994-01-19,37,1
1040,Nathaniel Chalobah,700000.0,14.0,Defensive Midfield,England,https://tmssl.akamaized.net//images/flagge/verysmall/189.png?lm=1520611569,https://img.a.transfermarkt.technology/portrait/medium/128900-1651652768.jpg?lm=1,1994-12-12,37,1
1041,Jarvis Thornton,300000.0,37.0,Defensive Midfield,England,https://tmssl.akamaized.net//images/flagge/verysmall/189.png?lm=1520611569,https://img.a.transfermarkt.technology/portrait/medium/969142-1755156873.jpg?lm=1,2006-01-10,37,1
1042,Svante Ingelsson,1000000.0,8.0,Central Midfield,Sweden,https://tmssl.akamaized.net//images/flagge/verysmall/147.png?lm=1520611569,https://img.a.transfermarkt.technology/portrait/medium/321079-1657270400.jpg?lm=1,1998-06-14,37,1
1043,Jaden Heskey,200000.0,24.0,Central Midfield,England,https://tmssl.akamaized.net//images/flagge/verysmall/189.png?lm=1520611569,https://img.a.transfermarkt.technology/portrait/medium/961833-1699385159.jpg?lm=1,2005-12-17,37,1
1044,Rio Shipston,75000.0,20.0,Central Midfield,England,https://tmssl.akamaized.net//images/flagge/verysmall/189.png?lm=1520611569,https://img.a.transfermarkt.technology/portrait/medium/871160-1755156929.jpg?lm=1,2004-11-07,37,1
1045,Zain Silcott-Duberry,200000.0,43.0,Left Midfield,England,https://tmssl.akamaized.net//images/flagge/verysmall/189.png?lm=1520611569,https://img.a.transfermarkt.technology/portrait/medium/777308-1734219287.jpg?lm=1,2005-07-09,37,1
1046,Joel Ndala,4000000.0,21.0,Left Winger,England,https://tmssl.akamaized.net//images/flagge/verysmall/189.png?lm=1520611569,https://img.a.transfermarkt.technology/portrait/medium/921829-1700673911.jpg?lm=1,2006-05-31,37,1
1047,Olaf Kobacki,700000.0,19.0,Left Winger,Poland,https://tmssl.akamaized.net//images/flagge/verysmall/135.png?lm=1520611569,https://img.a.transfermarkt.technology/portrait/medium/407734-1668791494.png?lm=1,2001-07-10,37,1
1048,Iké Ugbo,2000000.0,11.0,Centre-Forward,Canada,https://tmssl.akamaized.net//images/flagge/verysmall/80.png?lm=1520611569,https://img.a.transfermarkt.technology/portrait/medium/339943-1667290121.jpg?lm=1,1998-09-21,37,1
1049,Jerry Yates,1800000.0,12.0,Centre-Forward,England,https://tmssl.akamaized.net//images/flagge/verysmall/189.png?lm=1520611569,https://img.a.transfermarkt.technology/portrait/medium/351261-1666598179.jpg?lm=1,1996-11-10,37,1
1050,Jamal Lowe,800000.0,9.0,Centre-Forward,Jamaica,https://tmssl.akamaized.net//images/flagge/verysmall/76.png?lm=1520611569,https://img.a.transfermarkt.technology/portrait/medium/239949-1596803924.jpg?lm=1,1994-07-21,37,1
1051,Charlie McNeill,400000.0,17.0,Centre-Forward,England,https://tmssl.akamaized.net//images/flagge/verysmall/189.png?lm=1520611569,https://img.a.transfermarkt.technology/portrait/medium/614262-1675172883.jpg?lm=1,2003-09-09,37,1
1052,Daniel Peretz,2000000.0,41.0,Goalkeeper,Israel,https://tmssl.akamaized.net//images/flagge/verysmall/74.png?lm=1520611569,https://img.a.transfermarkt.technology/portrait/medium/468539-1758188153.jpg?lm=1,2000-07-10,38,1
1053,Alex McCarthy,300000.0,1.0,Goalkeeper,England,https://tmssl.akamaized.net//images/flagge/verysmall/189.png?lm=1520611569,https://img.a.transfermarkt.technology/portrait/medium/95976-1737919833.jpg?lm=1,1989-12-03,38,1
1054,George Long,200000.0,25.0,Goalkeeper,England,https://tmssl.akamaized.net//images/flagge/verysmall/189.png?lm=1520611569,https://img.a.transfermarkt.technology/portrait/medium/151334-1740580443.jpg?lm=1,1993-11-05,38,1
1055,Jamie Jones,50000.0,32.0,Goalkeeper,England,https://tmssl.akamaized.net//images/flagge/verysmall/189.png?lm=1520611569,https://img.a.transfermarkt.technology/portrait/medium/57057-1772131859.jpg?lm=1,1989-02-18,38,1
1056,Taylor Harwood-Bellis,20000000.0,6.0,Centre-Back,England,https://tmssl.akamaized.net//images/flagge/verysmall/189.png?lm=1520611569,https://img.a.transfermarkt.technology/portrait/medium/503977-1687975943.jpg?lm=1,2002-01-30,38,1
1057,Nathan Wood,6000000.0,15.0,Centre-Back,England,https://tmssl.akamaized.net//images/flagge/verysmall/189.png?lm=1520611569,https://img.a.transfermarkt.technology/portrait/medium/503990-1720788273.jpg?lm=1,2002-05-31,38,1
1058,Joshua Quarshie,4000000.0,17.0,Centre-Back,Germany,https://tmssl.akamaized.net//images/flagge/verysmall/40.png?lm=1520612525,https://img.a.transfermarkt.technology/portrait/medium/790918-1701245108.jpg?lm=1,2004-07-26,38,1
1059,Jack Stephens,1200000.0,5.0,Centre-Back,England,https://tmssl.akamaized.net//images/flagge/verysmall/189.png?lm=1520611569,https://img.a.transfermarkt.technology/portrait/medium/163744-1720190433.jpg?lm=1,1994-01-27,38,1
1060,Joachim Kayi Sanda,1200000.0,39.0,Centre-Back,France,https://tmssl.akamaized.net//images/flagge/verysmall/50.png?lm=1520611569,https://img.a.transfermarkt.technology/portrait/medium/986298-1732104484.jpg?lm=1,2006-11-29,38,1
1061,Welington,3000000.0,34.0,Left-Back,Brazil,https://tmssl.akamaized.net//images/flagge/verysmall/26.png?lm=1520611569,https://img.a.transfermarkt.technology/portrait/medium/729264-1764146570.jpg?lm=1,2001-02-19,38,1
1062,Ryan Manning,2800000.0,3.0,Left-Back,Ireland,https://tmssl.akamaized.net//images/flagge/verysmall/72.png?lm=1520611569,https://img.a.transfermarkt.technology/portrait/medium/262300-1720192030.jpg?lm=1,1996-06-14,38,1
1063,Elias Jelert,7000000.0,38.0,Right-Back,Denmark,https://tmssl.akamaized.net//images/flagge/verysmall/39.png?lm=1520611569,https://img.a.transfermarkt.technology/portrait/medium/646478-1744295625.jpg?lm=1,2003-06-12,38,1
1064,Mads Roerslev,5000000.0,2.0,Right-Back,Denmark,https://tmssl.akamaized.net//images/flagge/verysmall/39.png?lm=1520611569,https://img.a.transfermarkt.technology/portrait/medium/391005-1684772936.jpg?lm=1,1999-06-24,38,1
1065,James Bree,2500000.0,14.0,Right-Back,England,https://tmssl.akamaized.net//images/flagge/verysmall/189.png?lm=1520611569,https://img.a.transfermarkt.technology/portrait/medium/324223-1720190887.jpg?lm=1,1997-12-11,38,1
1066,Flynn Downes,12000000.0,4.0,Defensive Midfield,England,https://tmssl.akamaized.net//images/flagge/verysmall/189.png?lm=1520611569,https://img.a.transfermarkt.technology/portrait/medium/506189-1659355597.jpg?lm=1,1999-01-20,38,1
1067,Shea Charles,12000000.0,24.0,Defensive Midfield,Northern Ireland,https://tmssl.akamaized.net//images/flagge/verysmall/192.png?lm=1520611569,https://img.a.transfermarkt.technology/portrait/medium/747951-1709112622.jpg?lm=1,2003-11-05,38,1
1068,Oriol Romeu,700000.0,28.0,Defensive Midfield,Spain,https://tmssl.akamaized.net//images/flagge/verysmall/157.png?lm=1520611569,https://img.a.transfermarkt.technology/portrait/medium/66100-1701118491.jpg?lm=1,1991-09-24,38,1
1069,Caspar Jander,12000000.0,20.0,Central Midfield,Germany,https://tmssl.akamaized.net//images/flagge/verysmall/40.png?lm=1520612525,https://img.a.transfermarkt.technology/portrait/medium/696116-1722955785.jpg?lm=1,2003-03-23,38,1
1070,Tom Fellows,8000000.0,18.0,Right Midfield,England,https://tmssl.akamaized.net//images/flagge/verysmall/189.png?lm=1520611569,https://img.a.transfermarkt.technology/portrait/medium/626319-1699982844.jpg?lm=1,2003-07-25,38,1
1071,Finn Azaz,18000000.0,10.0,Attacking Midfield,Ireland,https://tmssl.akamaized.net//images/flagge/verysmall/72.png?lm=1520611569,https://img.a.transfermarkt.technology/portrait/medium/480723-1683528696.jpg?lm=1,2000-09-07,38,1
1072,Léo Scienza,10000000.0,13.0,Attacking Midfield,Brazil,https://tmssl.akamaized.net//images/flagge/verysmall/26.png?lm=1520611569,https://img.a.transfermarkt.technology/portrait/medium/804219-1721852378.jpg?lm=1,1998-09-13,38,1
1073,Kuryu Matsuki,2400000.0,27.0,Attacking Midfield,Japan,https://tmssl.akamaized.net//images/flagge/verysmall/77.png?lm=1520611569,https://img.a.transfermarkt.technology/portrait/medium/902021-1727795832.png?lm=1,2003-04-30,38,1
1074,Jay Robinson,8000000.0,46.0,Left Winger,England,https://tmssl.akamaized.net//images/flagge/verysmall/189.png?lm=1520611569,https://img.a.transfermarkt.technology/portrait/medium/1045124-1755502092.jpg?lm=1,2007-03-15,38,1
1075,Samuel Edozie,5000000.0,23.0,Left Winger,England,https://tmssl.akamaized.net//images/flagge/verysmall/189.png?lm=1520611569,https://img.a.transfermarkt.technology/portrait/medium/680806-1726822183.jpg?lm=1,2003-01-28,38,1
1076,Cameron Archer,8000000.0,19.0,Centre-Forward,England,https://tmssl.akamaized.net//images/flagge/verysmall/189.png?lm=1520611569,https://img.a.transfermarkt.technology/portrait/medium/533662-1641461875.jpg?lm=1,2001-12-09,38,1
1077,Cyle Larin,3500000.0,9.0,Centre-Forward,Canada,https://tmssl.akamaized.net//images/flagge/verysmall/80.png?lm=1520611569,https://img.a.transfermarkt.technology/portrait/medium/343463-1720430112.jpg?lm=1,1995-04-17,38,1
1078,Ross Stewart,2800000.0,11.0,Centre-Forward,Scotland,https://tmssl.akamaized.net//images/flagge/verysmall/190.png?lm=1520611569,https://img.a.transfermarkt.technology/portrait/medium/447995-1645779367.jpg?lm=1,1996-07-11,38,1
1079,Viktor Johansson,12000000.0,1.0,Goalkeeper,Sweden,https://tmssl.akamaized.net//images/flagge/verysmall/147.png?lm=1520611569,https://img.a.transfermarkt.technology/portrait/medium/273742-1649405701.jpg?lm=1,1998-09-14,39,1
1080,Gavin Bazunu,9000000.0,31.0,Goalkeeper,Ireland,https://tmssl.akamaized.net//images/flagge/verysmall/72.png?lm=1520611569,https://img.a.transfermarkt.technology/portrait/medium/585550-1655476121.jpg?lm=1,2002-02-20,39,1
1081,Tommy Simkin,500000.0,25.0,Goalkeeper,England,https://tmssl.akamaized.net//images/flagge/verysmall/189.png?lm=1520611569,https://img.a.transfermarkt.technology/portrait/medium/720695-1748629308.jpg?lm=1,2004-12-08,39,1
1082,Frank Fielding,75000.0,34.0,Goalkeeper,England,https://tmssl.akamaized.net//images/flagge/verysmall/189.png?lm=1520611569,https://img.a.transfermarkt.technology/portrait/medium/57070-1739357936.jpg?lm=1,1988-04-04,39,1
1083,Ben Wilmot,5500000.0,16.0,Centre-Back,England,https://tmssl.akamaized.net//images/flagge/verysmall/189.png?lm=1520611569,https://img.a.transfermarkt.technology/portrait/medium/467599-1739358044.jpg?lm=1,1999-11-04,39,1
1084,Ashley Phillips,4500000.0,26.0,Centre-Back,England,https://tmssl.akamaized.net//images/flagge/verysmall/189.png?lm=1520611569,https://img.a.transfermarkt.technology/portrait/medium/859951-1666873624.jpg?lm=1,2005-06-26,39,1
1085,Bosun Lawal,2500000.0,18.0,Centre-Back,Ireland,https://tmssl.akamaized.net//images/flagge/verysmall/72.png?lm=1520611569,https://img.a.transfermarkt.technology/portrait/medium/724540-1739358124.jpg?lm=1,2003-05-30,39,1
1086,Maksym Taloverov,2000000.0,40.0,Centre-Back,Ukraine,https://tmssl.akamaized.net//images/flagge/verysmall/177.png?lm=1520611569,https://img.a.transfermarkt.technology/portrait/medium/668557-1722520666.jpg?lm=1,2000-06-28,39,1
1087,Ben Gibson,700000.0,23.0,Centre-Back,England,https://tmssl.akamaized.net//images/flagge/verysmall/189.png?lm=1520611569,https://img.a.transfermarkt.technology/portrait/medium/128904-1739358256.jpg?lm=1,1993-01-15,39,1
1088,Eric-Junior Bocat,2200000.0,17.0,Left-Back,France,https://tmssl.akamaized.net//images/flagge/verysmall/50.png?lm=1520611569,https://img.a.transfermarkt.technology/portrait/medium/740529-1713346266.png?lm=1,1999-07-16,39,1
1089,Aaron Cresswell,450000.0,3.0,Left-Back,England,https://tmssl.akamaized.net//images/flagge/verysmall/189.png?lm=1520611569,https://img.a.transfermarkt.technology/portrait/medium/92571-1700670925.jpg?lm=1,1989-12-15,39,1
1090,Junior Tchamadeu,2000000.0,22.0,Right-Back,Cameroon,https://tmssl.akamaized.net//images/flagge/verysmall/31.png?lm=1520611569,https://img.a.transfermarkt.technology/portrait/medium/851991-1703761590.jpg?lm=1,2003-12-22,39,1
1091,Ben Pearson,900000.0,4.0,Defensive Midfield,England,https://tmssl.akamaized.net//images/flagge/verysmall/189.png?lm=1520611569,https://img.a.transfermarkt.technology/portrait/medium/183302-1612033761.jpg?lm=1,1995-01-04,39,1
1092,Steven Nzonzi,500000.0,15.0,Defensive Midfield,France,https://tmssl.akamaized.net//images/flagge/verysmall/50.png?lm=1520611569,https://img.a.transfermarkt.technology/portrait/medium/73734-1696347061.png?lm=1,1988-12-15,39,1
1093,Tomas Rigo,4000000.0,19.0,Central Midfield,Slovakia,https://tmssl.akamaized.net//images/flagge/verysmall/154.png?lm=1520611569,https://img.a.transfermarkt.technology/portrait/medium/728679-1749740333.jpg?lm=1,2002-07-03,39,1
1094,Lewis Baker,1200000.0,8.0,Central Midfield,England,https://tmssl.akamaized.net//images/flagge/verysmall/189.png?lm=1520611569,https://img.a.transfermarkt.technology/portrait/medium/198589-1739358568.jpg?lm=1,1995-04-25,39,1
1095,Tatsuki Seko,900000.0,12.0,Central Midfield,Japan,https://tmssl.akamaized.net//images/flagge/verysmall/77.png?lm=1520611569,https://img.a.transfermarkt.technology/portrait/medium/683269-1739780896.jpg?lm=1,1997-12-22,39,1
1096,Jun-ho Bae,3000000.0,10.0,Attacking Midfield,"Korea, South",https://tmssl.akamaized.net//images/flagge/verysmall/87.png?lm=1520611569,https://img.a.transfermarkt.technology/portrait/medium/912081-1693354959.jpg?lm=1,2003-08-21,39,1
1097,Sorba Thomas,10000000.0,7.0,Left Winger,Wales,https://tmssl.akamaized.net//images/flagge/verysmall/191.png?lm=1520611569,https://img.a.transfermarkt.technology/portrait/medium/475416-1668520548.jpg?lm=1,1999-01-25,39,1
1098,Jesurun Rak-Sakyi,6000000.0,21.0,Right Winger,Ghana,https://tmssl.akamaized.net//images/flagge/verysmall/54.png?lm=1520611569,https://img.a.transfermarkt.technology/portrait/medium/586834-1758535649.jpg?lm=1,2002-10-05,39,1
1099,Million Manhoef,5000000.0,42.0,Right Winger,Netherlands,https://tmssl.akamaized.net//images/flagge/verysmall/122.png?lm=1520611569,https://img.a.transfermarkt.technology/portrait/medium/564449-1629617201.jpg?lm=1,2002-01-03,39,1
1100,Ato Ampah,3000000.0,,Right Winger,England,https://tmssl.akamaized.net//images/flagge/verysmall/189.png?lm=1520611569,https://img.a.transfermarkt.technology/portrait/medium/1016556-1734218385.jpg?lm=1,2006-04-22,39,1
1101,Lamine Cissé,2500000.0,29.0,Right Winger,France,https://tmssl.akamaized.net//images/flagge/verysmall/50.png?lm=1520611569,https://img.a.transfermarkt.technology/portrait/medium/627362-1737650878.png?lm=1,2003-02-15,39,1
1102,Divin Mubama,6000000.0,9.0,Centre-Forward,England,https://tmssl.akamaized.net//images/flagge/verysmall/189.png?lm=1520611569,https://img.a.transfermarkt.technology/portrait/medium/670848-1667548750.jpg?lm=1,2004-10-25,39,1
1103,Róbert Boženík,3500000.0,11.0,Centre-Forward,Slovakia,https://tmssl.akamaized.net//images/flagge/verysmall/154.png?lm=1520611569,https://img.a.transfermarkt.technology/portrait/medium/454576-1716968211.jpg?lm=1,1999-11-18,39,1
1104,Milan Smit,2000000.0,49.0,Centre-Forward,Netherlands,https://tmssl.akamaized.net//images/flagge/verysmall/122.png?lm=1520611569,https://img.a.transfermarkt.technology/portrait/medium/703772-1753438631.jpg?lm=1,2003-02-13,39,1
1105,Sam Gallagher,1200000.0,20.0,Centre-Forward,England,https://tmssl.akamaized.net//images/flagge/verysmall/189.png?lm=1520611569,https://img.a.transfermarkt.technology/portrait/medium/227183-1722353899.jpg?lm=1,1995-09-15,39,1
1106,Andy Fisher,600000.0,1.0,Goalkeeper,England,https://tmssl.akamaized.net//images/flagge/verysmall/189.png?lm=1520611569,https://img.a.transfermarkt.technology/portrait/medium/359199-1650391958.jpg?lm=1,1998-02-12,40,1
1107,Lawrence Vigouroux,450000.0,22.0,Goalkeeper,Chile,https://tmssl.akamaized.net//images/flagge/verysmall/33.png?lm=1520611569,https://img.a.transfermarkt.technology/portrait/medium/243591-1724941751.jpg?lm=1,1993-11-19,40,1
1108,Paul Farman,50000.0,29.0,Goalkeeper,England,https://tmssl.akamaized.net//images/flagge/verysmall/189.png?lm=1520611569,https://img.a.transfermarkt.technology/portrait/medium/97930-1727018681.jpg?lm=1,1989-11-02,40,1
1109,Ben Cabango,9000000.0,5.0,Centre-Back,Wales,https://tmssl.akamaized.net//images/flagge/verysmall/191.png?lm=1520611569,https://img.a.transfermarkt.technology/portrait/medium/496659-1668519719.jpg?lm=1,2000-05-30,40,1
1110,Cameron Burgess,1800000.0,15.0,Centre-Back,Australia,https://tmssl.akamaized.net//images/flagge/verysmall/12.png?lm=1520611569,https://img.a.transfermarkt.technology/portrait/medium/255788-1664180001.jpg?lm=1,1995-10-21,40,1
1111,Ricardo Santos,500000.0,23.0,Centre-Back,Cape Verde,https://tmssl.akamaized.net//images/flagge/verysmall/32.png?lm=1520611569,https://img.a.transfermarkt.technology/portrait/medium/247666-1643292691.jpg?lm=1,1995-06-18,40,1
1112,Josh Tymon,5000000.0,14.0,Left-Back,England,https://tmssl.akamaized.net//images/flagge/verysmall/189.png?lm=1520611569,https://img.a.transfermarkt.technology/portrait/medium/419929-1724941937.jpg?lm=1,1999-05-22,40,1
1113,Ishé Samuels-Smith,700000.0,16.0,Left-Back,England,https://tmssl.akamaized.net//images/flagge/verysmall/189.png?lm=1520611569,https://img.a.transfermarkt.technology/portrait/medium/922698-1688829684.jpg?lm=1,2006-06-05,40,1
1114,Josh Key,1000000.0,2.0,Right-Back,England,https://tmssl.akamaized.net//images/flagge/verysmall/189.png?lm=1520611569,https://img.a.transfermarkt.technology/portrait/medium/533912-1669124675.jpg?lm=1,1999-11-19,40,1
1115,Joel Ward,300000.0,25.0,Right-Back,England,https://tmssl.akamaized.net//images/flagge/verysmall/189.png?lm=1520611569,https://img.a.transfermarkt.technology/portrait/medium/92572-1760435739.jpeg?lm=1,1989-10-29,40,1
1116,Sam Parker,150000.0,41.0,Right-Back,Wales,https://tmssl.akamaized.net//images/flagge/verysmall/191.png?lm=1520611569,https://img.a.transfermarkt.technology/portrait/medium/1028959-1740579832.jpg?lm=1,2006-07-07,40,1
1117,Malick Yalcouyé,12000000.0,8.0,Central Midfield,Cote d'Ivoire,https://tmssl.akamaized.net//images/flagge/verysmall/38.png?lm=1520611569,https://img.a.transfermarkt.technology/portrait/medium/1178758-1736777511.jpg?lm=1,2005-11-18,40,1
1118,Gonçalo Franco,3500000.0,17.0,Central Midfield,Portugal,https://tmssl.akamaized.net//images/flagge/verysmall/136.png?lm=1520611569,https://img.a.transfermarkt.technology/portrait/medium/674798-1705663756.png?lm=1,2000-11-17,40,1
1119,Marko Stamenić,3000000.0,6.0,Central Midfield,New Zealand,https://tmssl.akamaized.net//images/flagge/verysmall/120.png?lm=1520611569,https://img.a.transfermarkt.technology/portrait/medium/617018-1728417778.png?lm=1,2002-02-19,40,1
1120,Melker Widell,1500000.0,7.0,Central Midfield,Sweden,https://tmssl.akamaized.net//images/flagge/verysmall/147.png?lm=1520611569,https://img.a.transfermarkt.technology/portrait/medium/579295-1704806053.jpg?lm=1,2002-04-19,40,1
1121,Ethan Galbraith,1500000.0,30.0,Central Midfield,Northern Ireland,https://tmssl.akamaized.net//images/flagge/verysmall/192.png?lm=1520611569,https://img.a.transfermarkt.technology/portrait/medium/433991-1629189986.jpg?lm=1,2001-05-11,40,1
1122,Jay Fulton,600000.0,4.0,Central Midfield,Scotland,https://tmssl.akamaized.net//images/flagge/verysmall/190.png?lm=1520611569,https://img.a.transfermarkt.technology/portrait/medium/171260-1724942430.jpg?lm=1,1994-04-01,40,1
1123,Leo Walta,3500000.0,21.0,Attacking Midfield,Finland,https://tmssl.akamaized.net//images/flagge/verysmall/49.png?lm=1520611569,https://img.a.transfermarkt.technology/portrait/medium/674054-1743175488.jpg?lm=1,2003-06-24,40,1
1124,Liam Cullen,2800000.0,20.0,Attacking Midfield,Wales,https://tmssl.akamaized.net//images/flagge/verysmall/191.png?lm=1520611569,https://img.a.transfermarkt.technology/portrait/medium/296978-1679675846.jpg?lm=1,1999-04-23,40,1
1125,Oliver Cooper,2000000.0,31.0,Attacking Midfield,Wales,https://tmssl.akamaized.net//images/flagge/verysmall/191.png?lm=1520611569,https://img.a.transfermarkt.technology/portrait/medium/504617-1679669220.png?lm=1,1999-12-14,40,1
1126,Gustavo Nunes,10000000.0,18.0,Left Winger,Brazil,https://tmssl.akamaized.net//images/flagge/verysmall/26.png?lm=1520611569,https://img.a.transfermarkt.technology/portrait/medium/1086375-1717523011.jpg?lm=1,2005-11-20,40,1
1127,Zeidane Inoussa,5500000.0,27.0,Left Winger,Sweden,https://tmssl.akamaized.net//images/flagge/verysmall/147.png?lm=1520611569,https://img.a.transfermarkt.technology/portrait/medium/579291-1721935785.jpg?lm=1,2002-05-13,40,1
1128,Ji-sung Eom,1400000.0,10.0,Left Winger,"Korea, South",https://tmssl.akamaized.net//images/flagge/verysmall/87.png?lm=1520611569,https://img.a.transfermarkt.technology/portrait/medium/706968-1615445061.jpg?lm=1,2002-05-09,40,1
1129,Ronald,2500000.0,35.0,Right Winger,Brazil,https://tmssl.akamaized.net//images/flagge/verysmall/26.png?lm=1520611569,https://img.a.transfermarkt.technology/portrait/medium/862554-1668162521.png?lm=1,2001-06-14,40,1
1130,Žan Vipotnik,15000000.0,9.0,Centre-Forward,Slovenia,https://tmssl.akamaized.net//images/flagge/verysmall/155.png?lm=1520611569,https://img.a.transfermarkt.technology/portrait/medium/506942-1716317342.jpg?lm=1,2002-03-18,40,1
1131,Adam Idah,5500000.0,33.0,Centre-Forward,Ireland,https://tmssl.akamaized.net//images/flagge/verysmall/72.png?lm=1520611569,https://img.a.transfermarkt.technology/portrait/medium/434223-1706829362.jpg?lm=1,2001-02-11,40,1
1132,Egil Selvik,1300000.0,1.0,Goalkeeper,Norway,https://tmssl.akamaized.net//images/flagge/verysmall/125.png?lm=1520611569,https://img.a.transfermarkt.technology/portrait/medium/380744-1671209334.jpg?lm=1,1997-07-30,41,1
1133,Nathan Baxter,650000.0,12.0,Goalkeeper,England,https://tmssl.akamaized.net//images/flagge/verysmall/189.png?lm=1520611569,https://img.a.transfermarkt.technology/portrait/medium/342050-1642684021.jpg?lm=1,1998-11-08,41,1
1134,Alfie Marriott,50000.0,41.0,Goalkeeper,England,https://tmssl.akamaized.net//images/flagge/verysmall/189.png?lm=1520611569,https://img.a.transfermarkt.technology/portrait/medium/795831-1730035241.jpg?lm=1,2004-03-26,41,1
1135,Saba Goglichidze,4500000.0,3.0,Centre-Back,Georgia,https://tmssl.akamaized.net//images/flagge/verysmall/53.png?lm=1520611569,https://img.a.transfermarkt.technology/portrait/medium/906160-1732017345.jpg?lm=1,2004-06-25,41,1
1136,Formose Mendy,2200000.0,27.0,Centre-Back,Senegal,https://tmssl.akamaized.net//images/flagge/verysmall/149.png?lm=1520611569,https://img.a.transfermarkt.technology/portrait/medium/649023-1656082248.jpg?lm=1,2001-01-02,41,1
1137,Kévin Keben,1600000.0,4.0,Centre-Back,Cameroon,https://tmssl.akamaized.net//images/flagge/verysmall/31.png?lm=1520611569,https://img.a.transfermarkt.technology/portrait/medium/855014-1676656253.jpg?lm=1,2004-01-26,41,1
1138,Mattie Pollock,1500000.0,6.0,Centre-Back,England,https://tmssl.akamaized.net//images/flagge/verysmall/189.png?lm=1520611569,https://img.a.transfermarkt.technology/portrait/medium/624948-1724773799.jpg?lm=1,2001-09-28,41,1
1139,James Abankwah,1500000.0,25.0,Centre-Back,Ireland,https://tmssl.akamaized.net//images/flagge/verysmall/72.png?lm=1520611569,https://img.a.transfermarkt.technology/portrait/medium/648032-1730125344.jpg?lm=1,2004-01-16,41,1
1140,Stephen Mfuni,1000000.0,21.0,Centre-Back,England,https://tmssl.akamaized.net//images/flagge/verysmall/189.png?lm=1520611569,https://img.a.transfermarkt.technology/portrait/medium/1049020-1729774935.jpg?lm=1,2008-02-12,41,1
1141,Marc Bola,1500000.0,16.0,Left-Back,England,https://tmssl.akamaized.net//images/flagge/verysmall/189.png?lm=1520611569,https://img.a.transfermarkt.technology/portrait/medium/340310-1730125191.JPG?lm=1,1997-12-09,41,1
1142,Jeremy Ngakia,2000000.0,2.0,Right-Back,DR Congo,https://tmssl.akamaized.net//images/flagge/verysmall/193.png?lm=1520611569,https://img.a.transfermarkt.technology/portrait/medium/503795-1741274481.jpg?lm=1,2000-09-07,41,1
1143,Jérémy Petris,2000000.0,29.0,Right-Back,Martinique,https://tmssl.akamaized.net//images/flagge/verysmall/207.png?lm=1699285669,https://img.a.transfermarkt.technology/portrait/medium/532858-1688876742.png?lm=1,1998-01-28,41,1
1144,Pierre Ekwah,3000000.0,17.0,Defensive Midfield,France,https://tmssl.akamaized.net//images/flagge/verysmall/50.png?lm=1520611569,https://img.a.transfermarkt.technology/portrait/medium/538994-1727722378.jpg?lm=1,2002-01-15,41,1
1145,Nampalys Mendy,1200000.0,23.0,Defensive Midfield,Senegal,https://tmssl.akamaized.net//images/flagge/verysmall/149.png?lm=1520611569,https://img.a.transfermarkt.technology/portrait/medium/111051-1756666510.jpg?lm=1,1992-06-23,41,1
1146,Hector Kyprianou,1000000.0,5.0,Defensive Midfield,Cyprus,https://tmssl.akamaized.net//images/flagge/verysmall/188.png?lm=1520611569,https://img.a.transfermarkt.technology/portrait/medium/661253-1694292102.jpg?lm=1,2001-05-27,41,1
1147,Imrân Louza,14000000.0,10.0,Central Midfield,Morocco,https://tmssl.akamaized.net//images/flagge/verysmall/107.png?lm=1520611569,https://img.a.transfermarkt.technology/portrait/medium/635336-1724774262.jpg?lm=1,1999-05-01,41,1
1148,Edoardo Bove,5000000.0,15.0,Central Midfield,Italy,https://tmssl.akamaized.net//images/flagge/verysmall/75.png?lm=1520611569,https://img.a.transfermarkt.technology/portrait/medium/562049-1725532201.jpg?lm=1,2002-05-16,41,1
1149,Edo Kayembe,4000000.0,39.0,Central Midfield,DR Congo,https://tmssl.akamaized.net//images/flagge/verysmall/193.png?lm=1520611569,https://img.a.transfermarkt.technology/portrait/medium/486477-1724774156.jpg?lm=1,1998-06-03,41,1
1150,Pierre Dwomoh,2200000.0,14.0,Central Midfield,Belgium,https://tmssl.akamaized.net//images/flagge/verysmall/19.png?lm=1520611569,https://img.a.transfermarkt.technology/portrait/medium/652803-1709884161.png?lm=1,2004-06-21,41,1
1151,Giorgi Chakvetadze,4500000.0,8.0,Attacking Midfield,Georgia,https://tmssl.akamaized.net//images/flagge/verysmall/53.png?lm=1520611569,https://img.a.transfermarkt.technology/portrait/medium/412616-1716542553.jpg?lm=1,1999-08-29,41,1
1152,Kwadwo Baah,3000000.0,34.0,Left Winger,Germany,https://tmssl.akamaized.net//images/flagge/verysmall/40.png?lm=1520612525,https://img.a.transfermarkt.technology/portrait/medium/711247-1738612544.jpg?lm=1,2003-01-27,41,1
1153,Rocco Vata,1800000.0,11.0,Left Winger,Ireland,https://tmssl.akamaized.net//images/flagge/verysmall/72.png?lm=1520611569,https://img.a.transfermarkt.technology/portrait/medium/741229-1692197943.jpg?lm=1,2005-04-18,41,1
1154,Nestory Irankunda,6000000.0,66.0,Right Winger,Australia,https://tmssl.akamaized.net//images/flagge/verysmall/12.png?lm=1520611569,https://img.a.transfermarkt.technology/portrait/medium/956920-1739808530.jpg?lm=1,2006-02-09,41,1
1155,Othmane Maamma,5000000.0,42.0,Right Winger,Morocco,https://tmssl.akamaized.net//images/flagge/verysmall/107.png?lm=1520611569,https://img.a.transfermarkt.technology/portrait/medium/1081219-1726265183.jpg?lm=1,2005-10-06,41,1
1156,Tom Ince,400000.0,7.0,Right Winger,England,https://tmssl.akamaized.net//images/flagge/verysmall/189.png?lm=1520611569,https://img.a.transfermarkt.technology/portrait/medium/157368-1724938916.jpg?lm=1,1992-01-30,41,1
1157,Luca Kjerrumgaard,6000000.0,9.0,Centre-Forward,Denmark,https://tmssl.akamaized.net//images/flagge/verysmall/39.png?lm=1520611569,https://img.a.transfermarkt.technology/portrait/medium/668950-1737536587.jpg?lm=1,2003-02-09,41,1
1158,Mamadou Doumbia,2000000.0,20.0,Centre-Forward,Mali,https://tmssl.akamaized.net//images/flagge/verysmall/105.png?lm=1520611569,https://img.a.transfermarkt.technology/portrait/medium/1101539-1727450957.png?lm=1,2006-02-18,41,1
1159,Vivaldo Semedo,1000000.0,18.0,Centre-Forward,Portugal,https://tmssl.akamaized.net//images/flagge/verysmall/136.png?lm=1520611569,https://img.a.transfermarkt.technology/portrait/medium/1014243-1707472213.jpg?lm=1,2005-01-28,41,1
1160,Max O'Leary,2500000.0,1.0,Goalkeeper,Ireland,https://tmssl.akamaized.net//images/flagge/verysmall/72.png?lm=1520611569,https://img.a.transfermarkt.technology/portrait/medium/296582-1722354393.jpg?lm=1,1996-10-10,42,1
1161,Josh Griffiths,1500000.0,20.0,Goalkeeper,England,https://tmssl.akamaized.net//images/flagge/verysmall/189.png?lm=1520611569,https://img.a.transfermarkt.technology/portrait/medium/565979-1687976031.jpg?lm=1,2001-09-05,42,1
1162,Chris Mepham,3500000.0,2.0,Centre-Back,Wales,https://tmssl.akamaized.net//images/flagge/verysmall/191.png?lm=1520611569,https://img.a.transfermarkt.technology/portrait/medium/480987-1700737712.jpg?lm=1,1997-11-05,42,1
1163,Nat Phillips,3000000.0,3.0,Centre-Back,England,https://tmssl.akamaized.net//images/flagge/verysmall/189.png?lm=1520611569,https://img.a.transfermarkt.technology/portrait/medium/371814-1741273810.jpg?lm=1,1997-03-21,42,1
1164,Krystian Bielik,2800000.0,5.0,Centre-Back,Poland,https://tmssl.akamaized.net//images/flagge/verysmall/135.png?lm=1520611569,https://img.a.transfermarkt.technology/portrait/medium/287247-1668091947.jpg?lm=1,1998-01-04,42,1
1165,George Campbell,1500000.0,6.0,Centre-Back,United States,https://tmssl.akamaized.net//images/flagge/verysmall/184.png?lm=1520611569,https://img.a.transfermarkt.technology/portrait/medium/585769-1740596927.jpg?lm=1,2001-06-22,42,1
1166,Callum Styles,2500000.0,4.0,Left-Back,Hungary,https://tmssl.akamaized.net//images/flagge/verysmall/178.png?lm=1521635893,https://img.a.transfermarkt.technology/portrait/medium/435062-1612349230.jpg?lm=1,2000-03-27,42,1
1167,Charlie Taylor,2000000.0,29.0,Left-Back,England,https://tmssl.akamaized.net//images/flagge/verysmall/189.png?lm=1520611569,https://img.a.transfermarkt.technology/portrait/medium/195633-1700671881.jpg?lm=1,1993-09-18,42,1
1168,Alfie Gilchrist,4000000.0,14.0,Right-Back,England,https://tmssl.akamaized.net//images/flagge/verysmall/189.png?lm=1520611569,https://img.a.transfermarkt.technology/portrait/medium/790992-1687304493.jpg?lm=1,2003-11-28,42,1
1169,Danny Imray,275000.0,30.0,Right-Back,England,https://tmssl.akamaized.net//images/flagge/verysmall/189.png?lm=1520611569,https://img.a.transfermarkt.technology/portrait/medium/862109-1752910705.jpg?lm=1,2003-07-27,42,1
1170,Ousmane Diakité,800000.0,17.0,Defensive Midfield,Mali,https://tmssl.akamaized.net//images/flagge/verysmall/105.png?lm=1520611569,https://img.a.transfermarkt.technology/portrait/medium/402007-1692987624.png?lm=1,2000-07-25,42,1
1171,Isaac Price,10000000.0,21.0,Central Midfield,Northern Ireland,https://tmssl.akamaized.net//images/flagge/verysmall/192.png?lm=1520611569,https://img.a.transfermarkt.technology/portrait/medium/612749-1684327909.jpg?lm=1,2003-09-26,42,1
1172,Jayson Molumby,3000000.0,8.0,Central Midfield,Ireland,https://tmssl.akamaized.net//images/flagge/verysmall/72.png?lm=1520611569,https://img.a.transfermarkt.technology/portrait/medium/357656-1731660008.jpg?lm=1,1999-08-06,42,1
1173,Alex Mowatt,2500000.0,27.0,Central Midfield,England,https://tmssl.akamaized.net//images/flagge/verysmall/189.png?lm=1520611569,https://img.a.transfermarkt.technology/portrait/medium/283514-1723555099.jpg?lm=1,1995-02-13,42,1
1174,Jamaldeen Jimoh-Aloba,300000.0,18.0,Attacking Midfield,England,https://tmssl.akamaized.net//images/flagge/verysmall/189.png?lm=1520611569,https://img.a.transfermarkt.technology/portrait/medium/954105-1733858368.jpg?lm=1,2006-10-02,42,1
1175,Hindolo Mustapha,50000.0,25.0,Attacking Midfield,Sierra Leone,https://tmssl.akamaized.net//images/flagge/verysmall/152.png?lm=1520611569,https://img.a.transfermarkt.technology/portrait/medium/1047258-1758195776.jpg?lm=1,2006-07-29,42,1
1176,Ollie Bostock,50000.0,37.0,Attacking Midfield,Wales,https://tmssl.akamaized.net//images/flagge/verysmall/191.png?lm=1520611569,https://img.a.transfermarkt.technology/portrait/medium/1123098-1769195486.jpg?lm=1,2007-02-20,42,1
1177,Mikey Johnston,4000000.0,11.0,Left Winger,Ireland,https://tmssl.akamaized.net//images/flagge/verysmall/72.png?lm=1520611569,https://img.a.transfermarkt.technology/portrait/medium/297257-1741273695.jpg?lm=1,1999-04-19,42,1
1178,Jed Wallace,1600000.0,7.0,Right Winger,England,https://tmssl.akamaized.net//images/flagge/verysmall/189.png?lm=1520611569,https://img.a.transfermarkt.technology/portrait/medium/198358-1655976376.jpg?lm=1,1994-03-29,42,1
1179,Aune Heggebø,7000000.0,19.0,Centre-Forward,Norway,https://tmssl.akamaized.net//images/flagge/verysmall/125.png?lm=1520611569,https://img.a.transfermarkt.technology/portrait/medium/587222-1712101368.jpg?lm=1,2001-07-29,42,1
1180,Josh Maja,6000000.0,9.0,Centre-Forward,Nigeria,https://tmssl.akamaized.net//images/flagge/verysmall/124.png?lm=1520611569,https://img.a.transfermarkt.technology/portrait/medium/453824-1723562250.jpg?lm=1,1998-12-27,42,1
1181,Karlan Grant,2500000.0,10.0,Centre-Forward,England,https://tmssl.akamaized.net//images/flagge/verysmall/189.png?lm=1520611569,https://img.a.transfermarkt.technology/portrait/medium/314183-1723555635.jpg?lm=1,1997-09-18,42,1
1182,Daryl Dike,1500000.0,12.0,Centre-Forward,United States,https://tmssl.akamaized.net//images/flagge/verysmall/184.png?lm=1520611569,https://img.a.transfermarkt.technology/portrait/medium/638741-1723555937.jpg?lm=1,2000-06-03,42,1
1183,Tammer Bany,250000.0,26.0,Centre-Forward,Jordan,https://tmssl.akamaized.net//images/flagge/verysmall/78.png?lm=1520611569,https://img.a.transfermarkt.technology/portrait/medium/801989-1735077311.png?lm=1,2003-10-19,42,1
1184,Arthur Okonkwo,3000000.0,1.0,Goalkeeper,Nigeria,https://tmssl.akamaized.net//images/flagge/verysmall/124.png?lm=1520611569,https://img.a.transfermarkt.technology/portrait/medium/503769-1673651811.jpg?lm=1,2001-09-09,43,1
1185,Danny Ward,800000.0,21.0,Goalkeeper,Wales,https://tmssl.akamaized.net//images/flagge/verysmall/191.png?lm=1520611569,https://img.a.transfermarkt.technology/portrait/medium/203026-1668070552.jpg?lm=1,1993-06-22,43,1
1186,Callum Burton,150000.0,25.0,Goalkeeper,England,https://tmssl.akamaized.net//images/flagge/verysmall/189.png?lm=1520611569,https://img.a.transfermarkt.technology/portrait/medium/236495-1745731622.jpg?lm=1,1996-08-15,43,1
1187,Reuben Egan,50000.0,31.0,Goalkeeper,Ireland,https://tmssl.akamaized.net//images/flagge/verysmall/72.png?lm=1520611569,https://img.a.transfermarkt.technology/portrait/medium/default.jpg?lm=1,2005-07-27,43,1
1188,Callum Doyle,8000000.0,2.0,Centre-Back,England,https://tmssl.akamaized.net//images/flagge/verysmall/189.png?lm=1520611569,https://img.a.transfermarkt.technology/portrait/medium/817688-1684494758.jpg?lm=1,2003-10-03,43,1
1189,Max Cleworth,7000000.0,4.0,Centre-Back,England,https://tmssl.akamaized.net//images/flagge/verysmall/189.png?lm=1520611569,https://img.a.transfermarkt.technology/portrait/medium/705160-1681394924.jpg?lm=1,2002-08-09,43,1
1190,Zak Vyner,3500000.0,6.0,Centre-Back,Kenya,https://tmssl.akamaized.net//images/flagge/verysmall/82.png?lm=1520611569,https://img.a.transfermarkt.technology/portrait/medium/417955-1722354872.jpg?lm=1,1997-05-14,43,1
1191,Dominic Hyam,2500000.0,5.0,Centre-Back,Scotland,https://tmssl.akamaized.net//images/flagge/verysmall/190.png?lm=1520611569,https://img.a.transfermarkt.technology/portrait/medium/263268-1663853651.jpg?lm=1,1995-12-20,43,1
1192,Lewis Brunt,800000.0,3.0,Centre-Back,England,https://tmssl.akamaized.net//images/flagge/verysmall/189.png?lm=1520611569,https://img.a.transfermarkt.technology/portrait/medium/533657-1745739125.jpg?lm=1,2000-11-06,43,1
1193,Thomas O'Connor,500000.0,22.0,Centre-Back,Ireland,https://tmssl.akamaized.net//images/flagge/verysmall/72.png?lm=1520611569,https://img.a.transfermarkt.technology/portrait/medium/357661-1681395414.jpg?lm=1,1999-04-21,43,1
1194,Dan Scarr,350000.0,24.0,Centre-Back,England,https://tmssl.akamaized.net//images/flagge/verysmall/189.png?lm=1520611569,https://img.a.transfermarkt.technology/portrait/medium/407363-1656928266.jpg?lm=1,1994-12-24,43,1
1195,Liberato Cacace,3000000.0,13.0,Left-Back,New Zealand,https://tmssl.akamaized.net//images/flagge/verysmall/120.png?lm=1520611569,https://img.a.transfermarkt.technology/portrait/medium/469211-1730125371.jpg?lm=1,2000-09-27,43,1
1196,Issa Kaboré,4000000.0,12.0,Right-Back,Burkina Faso,https://tmssl.akamaized.net//images/flagge/verysmall/29.png?lm=1520611569,https://img.a.transfermarkt.technology/portrait/medium/649452-1724407648.jpg?lm=1,2001-05-12,43,1
1197,Ryan Barnett,700000.0,29.0,Right-Back,England,https://tmssl.akamaized.net//images/flagge/verysmall/189.png?lm=1520611569,https://img.a.transfermarkt.technology/portrait/medium/479203-1681395896.jpg?lm=1,1999-09-23,43,1
1198,Aaron James,50000.0,34.0,Right-Back,England,https://tmssl.akamaized.net//images/flagge/verysmall/189.png?lm=1520611569,https://img.a.transfermarkt.technology/portrait/medium/895724-1756667154.jpg?lm=1,2005-06-30,43,1
1199,Ben Sheaf,7500000.0,18.0,Defensive Midfield,England,https://tmssl.akamaized.net//images/flagge/verysmall/189.png?lm=1520611569,https://img.a.transfermarkt.technology/portrait/medium/314384-1663853801.jpg?lm=1,1998-02-05,43,1
1200,George Dobson,1000000.0,15.0,Defensive Midfield,England,https://tmssl.akamaized.net//images/flagge/verysmall/189.png?lm=1520611569,https://img.a.transfermarkt.technology/portrait/medium/292734-1600681123.jpg?lm=1,1997-11-15,43,1
1201,Lewis O'Brien,6000000.0,27.0,Central Midfield,England,https://tmssl.akamaized.net//images/flagge/verysmall/189.png?lm=1520611569,https://img.a.transfermarkt.technology/portrait/medium/560694-1725258669.jpg?lm=1,1998-10-14,43,1
1202,George Thomason,1000000.0,14.0,Central Midfield,England,https://tmssl.akamaized.net//images/flagge/verysmall/189.png?lm=1520611569,https://img.a.transfermarkt.technology/portrait/medium/735674-1660232553.jpg?lm=1,2001-01-12,43,1
1203,Oliver Rathbone,800000.0,20.0,Central Midfield,England,https://tmssl.akamaized.net//images/flagge/verysmall/189.png?lm=1520611569,https://img.a.transfermarkt.technology/portrait/medium/404553-1649405757.jpg?lm=1,1996-10-10,43,1
1204,Matty James,200000.0,37.0,Central Midfield,England,https://tmssl.akamaized.net//images/flagge/verysmall/189.png?lm=1520611569,https://img.a.transfermarkt.technology/portrait/medium/73522-1756666258.jpg?lm=1,1991-07-22,43,1
1205,Ryan Longman,2000000.0,47.0,Right Midfield,England,https://tmssl.akamaized.net//images/flagge/verysmall/189.png?lm=1520611569,https://img.a.transfermarkt.technology/portrait/medium/512175-1612878804.jpg?lm=1,2000-11-06,43,1
1206,Josh Windass,800000.0,10.0,Attacking Midfield,England,https://tmssl.akamaized.net//images/flagge/verysmall/189.png?lm=1520611569,https://img.a.transfermarkt.technology/portrait/medium/280813-1673166550.jpg?lm=1,1994-01-09,43,1
1207,Nathan Broadhead,7000000.0,33.0,Left Winger,Wales,https://tmssl.akamaized.net//images/flagge/verysmall/191.png?lm=1520611569,https://img.a.transfermarkt.technology/portrait/medium/344009-1629189855.jpg?lm=1,1998-04-05,43,1
1208,Callum Edwards,75000.0,42.0,Right Winger,England,https://tmssl.akamaized.net//images/flagge/verysmall/189.png?lm=1520611569,https://img.a.transfermarkt.technology/portrait/medium/1193461-1749242592.jpg?lm=1,2006-06-22,43,1
1209,Bailey Cadamarteri,1500000.0,11.0,Centre-Forward,Jamaica,https://tmssl.akamaized.net//images/flagge/verysmall/76.png?lm=1520611569,https://img.a.transfermarkt.technology/portrait/medium/871170-1723553737.jpg?lm=1,2005-05-09,43,1
1210,Kieffer Moore,1500000.0,19.0,Centre-Forward,Wales,https://tmssl.akamaized.net//images/flagge/verysmall/191.png?lm=1520611569,https://img.a.transfermarkt.technology/portrait/medium/275590-1668520871.jpg?lm=1,1992-08-08,43,1
1211,Davis Keillor-Dunn,1200000.0,7.0,Centre-Forward,England,https://tmssl.akamaized.net//images/flagge/verysmall/189.png?lm=1520611569,https://img.a.transfermarkt.technology/portrait/medium/448672-1712673098.jpg?lm=1,1997-11-02,43,1
1212,Sam Smith,900000.0,28.0,Centre-Forward,England,https://tmssl.akamaized.net//images/flagge/verysmall/189.png?lm=1520611569,https://img.a.transfermarkt.technology/portrait/medium/424885-1739870673.jpg?lm=1,1998-03-08,43,1
1213,Jay Rodríguez,300000.0,16.0,Centre-Forward,England,https://tmssl.akamaized.net//images/flagge/verysmall/189.png?lm=1520611569,https://img.a.transfermarkt.technology/portrait/medium/53360-1700672990.jpg?lm=1,1989-07-29,43,1
1214,Unai Simón,25000000.0,1.0,Goalkeeper,Spain,https://tmssl.akamaized.net//images/flagge/verysmall/157.png?lm=1520611569,https://img.a.transfermarkt.technology/portrait/medium/262396-1709674901.png?lm=1,1997-06-11,44,2
1215,Álex Padilla,3000000.0,27.0,Goalkeeper,Mexico,https://tmssl.akamaized.net//images/flagge/verysmall/110.png?lm=1520611569,https://img.a.transfermarkt.technology/portrait/medium/834483-1709676711.png?lm=1,2003-09-01,44,2
1216,Dani Vivian,25000000.0,3.0,Centre-Back,Spain,https://tmssl.akamaized.net//images/flagge/verysmall/157.png?lm=1520611569,https://img.a.transfermarkt.technology/portrait/medium/524000-1709674998.png?lm=1,1999-07-05,44,2
1217,Aitor Paredes,15000000.0,4.0,Centre-Back,Spain,https://tmssl.akamaized.net//images/flagge/verysmall/157.png?lm=1520611569,https://img.a.transfermarkt.technology/portrait/medium/591916-1709675052.png?lm=1,2000-04-29,44,2
1218,Aymeric Laporte,9000000.0,14.0,Centre-Back,Spain,https://tmssl.akamaized.net//images/flagge/verysmall/157.png?lm=1520611569,https://img.a.transfermarkt.technology/portrait/medium/176553-1685546335.jpg?lm=1,1994-05-27,44,2
1219,Yeray Álvarez,1000000.0,5.0,Centre-Back,Spain,https://tmssl.akamaized.net//images/flagge/verysmall/157.png?lm=1520611569,https://img.a.transfermarkt.technology/portrait/medium/255488-1709675129.png?lm=1,1995-01-24,44,2
1220,Unai Egiluz,600000.0,13.0,Centre-Back,Spain,https://tmssl.akamaized.net//images/flagge/verysmall/157.png?lm=1520611569,https://img.a.transfermarkt.technology/portrait/medium/834485-1709676798.png?lm=1,2002-03-19,44,2
1221,Adama Boiro,3000000.0,19.0,Left-Back,Spain,https://tmssl.akamaized.net//images/flagge/verysmall/157.png?lm=1520611569,https://img.a.transfermarkt.technology/portrait/medium/710671-1709677000.png?lm=1,2002-06-22,44,2
1222,Yuri Berchiche,1200000.0,17.0,Left-Back,Spain,https://tmssl.akamaized.net//images/flagge/verysmall/157.png?lm=1520611569,https://img.a.transfermarkt.technology/portrait/medium/61812-1709675167.png?lm=1,1990-02-10,44,2
1223,Jesús Areso,8000000.0,12.0,Right-Back,Spain,https://tmssl.akamaized.net//images/flagge/verysmall/157.png?lm=1520611569,https://img.a.transfermarkt.technology/portrait/medium/488626-1675800186.jpg?lm=1,1999-07-02,44,2
1224,Andoni Gorosabel,4000000.0,2.0,Right-Back,Spain,https://tmssl.akamaized.net//images/flagge/verysmall/157.png?lm=1520611569,https://img.a.transfermarkt.technology/portrait/medium/289255-1739190147.jpeg?lm=1,1996-08-04,44,2
1225,Iñigo Lekue,1200000.0,15.0,Right-Back,Spain,https://tmssl.akamaized.net//images/flagge/verysmall/157.png?lm=1520611569,https://img.a.transfermarkt.technology/portrait/medium/255501-1709675295.png?lm=1,1993-05-04,44,2
1226,Mikel Vesga,1500000.0,6.0,Defensive Midfield,Spain,https://tmssl.akamaized.net//images/flagge/verysmall/157.png?lm=1520611569,https://img.a.transfermarkt.technology/portrait/medium/300168-1709675412.png?lm=1,1993-04-08,44,2
1227,Mikel Jauregizar,35000000.0,18.0,Central Midfield,Spain,https://tmssl.akamaized.net//images/flagge/verysmall/157.png?lm=1520611569,https://img.a.transfermarkt.technology/portrait/medium/938729-1709675994.png?lm=1,2003-11-13,44,2
1228,Beñat Prados,18000000.0,24.0,Central Midfield,Spain,https://tmssl.akamaized.net//images/flagge/verysmall/157.png?lm=1520611569,https://img.a.transfermarkt.technology/portrait/medium/625047-1709675858.png?lm=1,2001-02-08,44,2
1229,Alejandro Rego,3000000.0,30.0,Central Midfield,Spain,https://tmssl.akamaized.net//images/flagge/verysmall/157.png?lm=1520611569,https://img.a.transfermarkt.technology/portrait/medium/834491-1709677367.png?lm=1,2003-06-11,44,2
1230,Selton Sánchez,3000000.0,44.0,Central Midfield,Spain,https://tmssl.akamaized.net//images/flagge/verysmall/157.png?lm=1520611569,https://img.a.transfermarkt.technology/portrait/medium/1312698-1731353776.png?lm=1,2007-02-20,44,2
1231,Iñigo Ruiz de Galarreta,2500000.0,16.0,Central Midfield,Spain,https://tmssl.akamaized.net//images/flagge/verysmall/157.png?lm=1520611569,https://img.a.transfermarkt.technology/portrait/medium/126751-1709675810.png?lm=1,1993-08-06,44,2
1232,Oihan Sancet,35000000.0,8.0,Attacking Midfield,Spain,https://tmssl.akamaized.net//images/flagge/verysmall/157.png?lm=1520611569,https://img.a.transfermarkt.technology/portrait/medium/571020-1709676037.png?lm=1,2000-04-25,44,2
1233,Unai Gómez,5000000.0,20.0,Attacking Midfield,Spain,https://tmssl.akamaized.net//images/flagge/verysmall/157.png?lm=1520611569,https://img.a.transfermarkt.technology/portrait/medium/834752-1709676122.png?lm=1,2003-05-25,44,2
1234,Nico Williams,50000000.0,10.0,Left Winger,Spain,https://tmssl.akamaized.net//images/flagge/verysmall/157.png?lm=1520611569,https://img.a.transfermarkt.technology/portrait/medium/709187-1709676169.png?lm=1,2002-07-12,44,2
1235,Álex Berenguer,5000000.0,7.0,Left Winger,Spain,https://tmssl.akamaized.net//images/flagge/verysmall/157.png?lm=1520611569,https://img.a.transfermarkt.technology/portrait/medium/338425-1709676212.png?lm=1,1995-07-04,44,2
1236,Nico Serrano,1500000.0,22.0,Left Winger,Spain,https://tmssl.akamaized.net//images/flagge/verysmall/157.png?lm=1520611569,https://img.a.transfermarkt.technology/portrait/medium/668183-1731352737.png?lm=1,2003-03-05,44,2
1237,Iñaki Williams,10000000.0,9.0,Right Winger,Ghana,https://tmssl.akamaized.net//images/flagge/verysmall/54.png?lm=1520611569,https://img.a.transfermarkt.technology/portrait/medium/255508-1709676323.png?lm=1,1994-06-15,44,2
1238,Robert Navarro,6000000.0,23.0,Right Winger,Spain,https://tmssl.akamaized.net//images/flagge/verysmall/157.png?lm=1520611569,https://img.a.transfermarkt.technology/portrait/medium/563137-1567246327.jpg?lm=1,2002-04-12,44,2
1239,Gorka Guruzeta,5000000.0,11.0,Centre-Forward,Spain,https://tmssl.akamaized.net//images/flagge/verysmall/157.png?lm=1520611569,https://img.a.transfermarkt.technology/portrait/medium/340205-1709676375.png?lm=1,1996-09-12,44,2
1240,Maroan Sannadi,5000000.0,21.0,Centre-Forward,Morocco,https://tmssl.akamaized.net//images/flagge/verysmall/107.png?lm=1520611569,https://img.a.transfermarkt.technology/portrait/medium/1054934-1736857054.jpg?lm=1,2001-02-01,44,2
1241,Urko Izeta,1500000.0,25.0,Centre-Forward,Spain,https://tmssl.akamaized.net//images/flagge/verysmall/157.png?lm=1520611569,https://img.a.transfermarkt.technology/portrait/medium/610622-1709678226.png?lm=1,1999-09-29,44,2
1242,Jan Oblak,17000000.0,13.0,Goalkeeper,Slovenia,https://tmssl.akamaized.net//images/flagge/verysmall/155.png?lm=1520611569,https://img.a.transfermarkt.technology/portrait/medium/121483-1719350076.jpg?lm=1,1993-01-07,45,2
1243,Juan Musso,3000000.0,1.0,Goalkeeper,Argentina,https://tmssl.akamaized.net//images/flagge/verysmall/9.png?lm=1520611569,https://img.a.transfermarkt.technology/portrait/medium/242359-1663583047.jpg?lm=1,1994-05-06,45,2
1244,Dávid Hancko,35000000.0,17.0,Centre-Back,Slovakia,https://tmssl.akamaized.net//images/flagge/verysmall/154.png?lm=1520611569,https://img.a.transfermarkt.technology/portrait/medium/404418-1722415670.jpg?lm=1,1997-12-13,45,2
1245,Marc Pubill,28000000.0,18.0,Centre-Back,Spain,https://tmssl.akamaized.net//images/flagge/verysmall/157.png?lm=1520611569,https://img.a.transfermarkt.technology/portrait/medium/844637-1732735045.jpg?lm=1,2003-06-20,45,2
1246,Robin Le Normand,25000000.0,24.0,Centre-Back,Spain,https://tmssl.akamaized.net//images/flagge/verysmall/157.png?lm=1520611569,https://img.a.transfermarkt.technology/portrait/medium/351809-1707948228.jpg?lm=1,1996-11-11,45,2
1247,José María Giménez,12000000.0,2.0,Centre-Back,Uruguay,https://tmssl.akamaized.net//images/flagge/verysmall/179.png?lm=1520611569,https://img.a.transfermarkt.technology/portrait/medium/250845-1664970029.jpg?lm=1,1995-01-20,45,2
1248,Clément Lenglet,5000000.0,15.0,Centre-Back,France,https://tmssl.akamaized.net//images/flagge/verysmall/50.png?lm=1520611569,https://img.a.transfermarkt.technology/portrait/medium/182904-1599988301.jpg?lm=1,1995-06-17,45,2
1249,Matteo Ruggeri,20000000.0,3.0,Left-Back,Italy,https://tmssl.akamaized.net//images/flagge/verysmall/75.png?lm=1520611569,https://img.a.transfermarkt.technology/portrait/medium/616631-1742497680.jpg?lm=1,2002-07-11,45,2
1250,Marcos Llorente,22000000.0,14.0,Right-Back,Spain,https://tmssl.akamaized.net//images/flagge/verysmall/157.png?lm=1520611569,https://img.a.transfermarkt.technology/portrait/medium/282411-1773182531.jpg?lm=1,1995-01-30,45,2
1251,Nahuel Molina,15000000.0,16.0,Right-Back,Argentina,https://tmssl.akamaized.net//images/flagge/verysmall/9.png?lm=1520611569,https://img.a.transfermarkt.technology/portrait/medium/424042-1697037362.jpg?lm=1,1998-04-06,45,2
1252,Pablo Barrios,60000000.0,8.0,Central Midfield,Spain,https://tmssl.akamaized.net//images/flagge/verysmall/157.png?lm=1520611569,https://img.a.transfermarkt.technology/portrait/medium/775605-1699431384.jpg?lm=1,2003-06-15,45,2
1253,Johnny Cardoso,22000000.0,5.0,Central Midfield,United States,https://tmssl.akamaized.net//images/flagge/verysmall/184.png?lm=1520611569,https://img.a.transfermarkt.technology/portrait/medium/689505-1742036970.jpg?lm=1,2001-09-20,45,2
1254,Rodrigo Mendoza,20000000.0,4.0,Central Midfield,Spain,https://tmssl.akamaized.net//images/flagge/verysmall/157.png?lm=1520611569,https://img.a.transfermarkt.technology/portrait/medium/961297-1765462791.jpg?lm=1,2005-03-15,45,2
1255,Obed Vargas,8000000.0,21.0,Central Midfield,Mexico,https://tmssl.akamaized.net//images/flagge/verysmall/110.png?lm=1520611569,https://img.a.transfermarkt.technology/portrait/medium/889435-1740863407.jpg?lm=1,2005-08-05,45,2
1256,Koke,6000000.0,6.0,Central Midfield,Spain,https://tmssl.akamaized.net//images/flagge/verysmall/157.png?lm=1520611569,https://img.a.transfermarkt.technology/portrait/medium/74229-1664970397.jpg?lm=1,1992-01-08,45,2
1257,Álex Baena,45000000.0,10.0,Left Winger,Spain,https://tmssl.akamaized.net//images/flagge/verysmall/157.png?lm=1520611569,https://img.a.transfermarkt.technology/portrait/medium/548111-1761821030.jpg?lm=1,2001-07-20,45,2
1258,Ademola Lookman,40000000.0,22.0,Left Winger,Nigeria,https://tmssl.akamaized.net//images/flagge/verysmall/124.png?lm=1520611569,https://img.a.transfermarkt.technology/portrait/medium/406040-1769763751.jpg?lm=1,1997-10-20,45,2
1259,Nico González,24000000.0,23.0,Left Winger,Argentina,https://tmssl.akamaized.net//images/flagge/verysmall/9.png?lm=1520611569,https://img.a.transfermarkt.technology/portrait/medium/486031-1673442459.jpg?lm=1,1998-04-06,45,2
1260,Thiago Almada,20000000.0,11.0,Left Winger,Argentina,https://tmssl.akamaized.net//images/flagge/verysmall/9.png?lm=1520611569,https://img.a.transfermarkt.technology/portrait/medium/576028-1773174386.jpg?lm=1,2001-04-26,45,2
1261,Giuliano Simeone,40000000.0,20.0,Right Winger,Argentina,https://tmssl.akamaized.net//images/flagge/verysmall/9.png?lm=1520611569,https://img.a.transfermarkt.technology/portrait/medium/742201-1741120599.jpg?lm=1,2002-12-18,45,2
1262,Antoine Griezmann,10000000.0,7.0,Second Striker,France,https://tmssl.akamaized.net//images/flagge/verysmall/50.png?lm=1520611569,https://img.a.transfermarkt.technology/portrait/medium/125781-1775233998.jpg?lm=1,1991-03-21,45,2
1263,Julián Alvarez,90000000.0,19.0,Centre-Forward,Argentina,https://tmssl.akamaized.net//images/flagge/verysmall/9.png?lm=1520611569,https://img.a.transfermarkt.technology/portrait/medium/576024-1684920938.jpg?lm=1,2000-01-31,45,2
1264,Alexander Sørloth,20000000.0,9.0,Centre-Forward,Norway,https://tmssl.akamaized.net//images/flagge/verysmall/125.png?lm=1520611569,https://img.a.transfermarkt.technology/portrait/medium/238407-1716403969.jpg?lm=1,1995-12-05,45,2
1265,Sergio Herrera,3000000.0,1.0,Goalkeeper,Spain,https://tmssl.akamaized.net//images/flagge/verysmall/157.png?lm=1520611569,https://img.a.transfermarkt.technology/portrait/medium/248738-1732220099.jpg?lm=1,1993-06-05,46,2
1266,Aitor Fernández,600000.0,13.0,Goalkeeper,Spain,https://tmssl.akamaized.net//images/flagge/verysmall/157.png?lm=1520611569,https://img.a.transfermarkt.technology/portrait/medium/118997-1683281584.jpg?lm=1,1991-05-03,46,2
1267,Enzo Boyomo,20000000.0,22.0,Centre-Back,Cameroon,https://tmssl.akamaized.net//images/flagge/verysmall/31.png?lm=1520611569,https://img.a.transfermarkt.technology/portrait/medium/541555-1728038860.jpg?lm=1,2001-10-07,46,2
1268,Jorge Herrando,4000000.0,5.0,Centre-Back,Spain,https://tmssl.akamaized.net//images/flagge/verysmall/157.png?lm=1520611569,https://img.a.transfermarkt.technology/portrait/medium/555500-1732219992.jpg?lm=1,2001-02-28,46,2
1269,Alejandro Catena,2800000.0,24.0,Centre-Back,Spain,https://tmssl.akamaized.net//images/flagge/verysmall/157.png?lm=1520611569,https://img.a.transfermarkt.technology/portrait/medium/449796-1732220159.jpg?lm=1,1994-10-28,46,2
1270,Abel Bretones,4000000.0,23.0,Left-Back,Spain,https://tmssl.akamaized.net//images/flagge/verysmall/157.png?lm=1520611569,https://img.a.transfermarkt.technology/portrait/medium/658115-1690301272.jpg?lm=1,2000-08-21,46,2
1271,Javi Galán,2000000.0,20.0,Left-Back,Spain,https://tmssl.akamaized.net//images/flagge/verysmall/157.png?lm=1520611569,https://img.a.transfermarkt.technology/portrait/medium/448628-1706112804.jpg?lm=1,1994-11-19,46,2
1272,Juan Cruz,1200000.0,3.0,Left-Back,Spain,https://tmssl.akamaized.net//images/flagge/verysmall/157.png?lm=1520611569,https://img.a.transfermarkt.technology/portrait/medium/169497-1732219962.jpg?lm=1,1992-07-28,46,2
1273,Valentin Rosier,3000000.0,19.0,Right-Back,France,https://tmssl.akamaized.net//images/flagge/verysmall/50.png?lm=1520611569,https://img.a.transfermarkt.technology/portrait/medium/441170-1666619891.png?lm=1,1996-08-19,46,2
1274,Iñigo Arguibide,800000.0,41.0,Right-Back,Spain,https://tmssl.akamaized.net//images/flagge/verysmall/157.png?lm=1520611569,https://img.a.transfermarkt.technology/portrait/medium/1065442-1700857321.png?lm=1,2005-04-19,46,2
1275,Lucas Torró,2800000.0,6.0,Defensive Midfield,Spain,https://tmssl.akamaized.net//images/flagge/verysmall/157.png?lm=1520611569,https://img.a.transfermarkt.technology/portrait/medium/213670-1732219931.jpg?lm=1,1994-07-19,46,2
1276,Iker Muñoz,2000000.0,8.0,Defensive Midfield,Spain,https://tmssl.akamaized.net//images/flagge/verysmall/157.png?lm=1520611569,https://img.a.transfermarkt.technology/portrait/medium/710677-1697557434.jpg?lm=1,2002-09-05,46,2
1277,Jon Moncayola,7000000.0,7.0,Central Midfield,Spain,https://tmssl.akamaized.net//images/flagge/verysmall/157.png?lm=1520611569,https://img.a.transfermarkt.technology/portrait/medium/552425-1583310847.jpg?lm=1,1998-05-13,46,2
1278,Asier Osambela,1000000.0,29.0,Central Midfield,Spain,https://tmssl.akamaized.net//images/flagge/verysmall/157.png?lm=1520611569,https://img.a.transfermarkt.technology/portrait/medium/1038512-1700857716.png?lm=1,2004-10-30,46,2
1279,Aimar Oroz,9000000.0,10.0,Attacking Midfield,Spain,https://tmssl.akamaized.net//images/flagge/verysmall/157.png?lm=1520611569,https://img.a.transfermarkt.technology/portrait/medium/634131-1732220023.jpg?lm=1,2001-11-27,46,2
1280,Moi Gómez,1800000.0,16.0,Attacking Midfield,Spain,https://tmssl.akamaized.net//images/flagge/verysmall/157.png?lm=1520611569,https://img.a.transfermarkt.technology/portrait/medium/175449-1664970613.jpg?lm=1,1994-06-23,46,2
1281,Víctor Muñoz,20000000.0,21.0,Left Winger,Spain,https://tmssl.akamaized.net//images/flagge/verysmall/157.png?lm=1520611569,https://img.a.transfermarkt.technology/portrait/medium/935231-1747037145.jpg?lm=1,2003-07-13,46,2
1282,Raúl Moro,5000000.0,15.0,Left Winger,Spain,https://tmssl.akamaized.net//images/flagge/verysmall/157.png?lm=1520611569,https://img.a.transfermarkt.technology/portrait/medium/624942-1750837010.jpg?lm=1,2002-12-05,46,2
1283,Rubén García,1800000.0,14.0,Right Winger,Spain,https://tmssl.akamaized.net//images/flagge/verysmall/157.png?lm=1520611569,https://img.a.transfermarkt.technology/portrait/medium/213260-1583310204.jpg?lm=1,1993-07-14,46,2
1284,Iker Benito,1500000.0,2.0,Right Winger,Spain,https://tmssl.akamaized.net//images/flagge/verysmall/157.png?lm=1520611569,https://img.a.transfermarkt.technology/portrait/medium/710679-1732219683.jpg?lm=1,2002-08-10,46,2
1285,Kike Barja,1500000.0,11.0,Right Winger,Spain,https://tmssl.akamaized.net//images/flagge/verysmall/157.png?lm=1520611569,https://img.a.transfermarkt.technology/portrait/medium/298575-1583310743.jpg?lm=1,1997-04-01,46,2
1286,Raúl García,3000000.0,9.0,Centre-Forward,Spain,https://tmssl.akamaized.net//images/flagge/verysmall/157.png?lm=1520611569,https://img.a.transfermarkt.technology/portrait/medium/631002-1614090749.jpg?lm=1,2000-11-03,46,2
1287,Ante Budimir,3000000.0,17.0,Centre-Forward,Croatia,https://tmssl.akamaized.net//images/flagge/verysmall/37.png?lm=1520611569,https://img.a.transfermarkt.technology/portrait/medium/46413-1732219707.jpg?lm=1,1991-07-22,46,2
1288,Ionuț Radu,8000000.0,13.0,Goalkeeper,Romania,https://tmssl.akamaized.net//images/flagge/verysmall/140.png?lm=1520611569,https://img.a.transfermarkt.technology/portrait/medium/303657-1699432718.jpg?lm=1,1997-05-28,47,2
1289,Iván Villar,900000.0,1.0,Goalkeeper,Spain,https://tmssl.akamaized.net//images/flagge/verysmall/157.png?lm=1520611569,https://img.a.transfermarkt.technology/portrait/medium/297194-1516876837.jpg?lm=1,1997-07-09,47,2
1290,Marc Vidal,300000.0,25.0,Goalkeeper,Spain,https://tmssl.akamaized.net//images/flagge/verysmall/157.png?lm=1520611569,https://img.a.transfermarkt.technology/portrait/medium/541621-1772461246.jpeg?lm=1,2000-02-14,47,2
1291,Javi Rodríguez,15000000.0,32.0,Centre-Back,Spain,https://tmssl.akamaized.net//images/flagge/verysmall/157.png?lm=1520611569,https://img.a.transfermarkt.technology/portrait/medium/1076815-1732611843.jpg?lm=1,2003-06-27,47,2
1292,Carl Starfelt,5000000.0,2.0,Centre-Back,Sweden,https://tmssl.akamaized.net//images/flagge/verysmall/147.png?lm=1520611569,https://img.a.transfermarkt.technology/portrait/medium/258987-1758827268.jpg?lm=1,1995-06-01,47,2
1293,Carlos Domínguez,3000000.0,24.0,Centre-Back,Spain,https://tmssl.akamaized.net//images/flagge/verysmall/157.png?lm=1520611569,https://img.a.transfermarkt.technology/portrait/medium/636093-1629886975.jpg?lm=1,2001-02-11,47,2
1294,Yoel Lago,2500000.0,29.0,Centre-Back,Spain,https://tmssl.akamaized.net//images/flagge/verysmall/157.png?lm=1520611569,https://img.a.transfermarkt.technology/portrait/medium/939374-1758827211.jpg?lm=1,2004-03-25,47,2
1295,Manu Fernández,1500000.0,12.0,Centre-Back,Spain,https://tmssl.akamaized.net//images/flagge/verysmall/157.png?lm=1520611569,https://img.a.transfermarkt.technology/portrait/medium/638124-1769759285.jpg?lm=1,2001-04-23,47,2
1296,Marcos Alonso,1400000.0,20.0,Centre-Back,Spain,https://tmssl.akamaized.net//images/flagge/verysmall/157.png?lm=1520611569,https://img.a.transfermarkt.technology/portrait/medium/112515-1694505734.jpg?lm=1,1990-12-28,47,2
1297,Joseph Aidoo,1000000.0,4.0,Centre-Back,Ghana,https://tmssl.akamaized.net//images/flagge/verysmall/54.png?lm=1520611569,https://img.a.transfermarkt.technology/portrait/medium/358250-1773950910.jpg?lm=1,1995-09-29,47,2
1298,Mihailo Ristic,800000.0,21.0,Left-Back,Serbia,https://tmssl.akamaized.net//images/flagge/verysmall/215.png?lm=1520611569,https://img.a.transfermarkt.technology/portrait/medium/271455-1769759453.jpg?lm=1,1995-10-31,47,2
1299,Óscar Mingueza,18000000.0,3.0,Right-Back,Spain,https://tmssl.akamaized.net//images/flagge/verysmall/157.png?lm=1520611569,https://img.a.transfermarkt.technology/portrait/medium/331505-1698852962.jpg?lm=1,1999-05-13,47,2
1300,Sergio Carreira,8000000.0,5.0,Right-Back,Spain,https://tmssl.akamaized.net//images/flagge/verysmall/157.png?lm=1520611569,https://img.a.transfermarkt.technology/portrait/medium/545647-1773950983.jpg?lm=1,2000-10-13,47,2
1301,Álvaro Núñez,6000000.0,14.0,Right-Back,Spain,https://tmssl.akamaized.net//images/flagge/verysmall/157.png?lm=1520611569,https://img.a.transfermarkt.technology/portrait/medium/626953-1752919393.jpg?lm=1,2000-07-07,47,2
1302,Javi Rueda,4000000.0,17.0,Right-Back,Spain,https://tmssl.akamaized.net//images/flagge/verysmall/157.png?lm=1520611569,https://img.a.transfermarkt.technology/portrait/medium/652331-1773949798.jpg?lm=1,2002-05-08,47,2
1303,Miguel Román,15000000.0,16.0,Central Midfield,Spain,https://tmssl.akamaized.net//images/flagge/verysmall/157.png?lm=1520611569,https://img.a.transfermarkt.technology/portrait/medium/892932-1769759183.jpg?lm=1,2002-12-26,47,2
1304,Ilaix Moriba,10000000.0,6.0,Central Midfield,Guinea,https://tmssl.akamaized.net//images/flagge/verysmall/59.png?lm=1520611569,https://img.a.transfermarkt.technology/portrait/medium/617074-1758827372.jpg?lm=1,2003-01-19,47,2
1305,Hugo Sotelo,7500000.0,22.0,Central Midfield,Spain,https://tmssl.akamaized.net//images/flagge/verysmall/157.png?lm=1520611569,https://img.a.transfermarkt.technology/portrait/medium/892221-1758827715.jpg?lm=1,2003-12-19,47,2
1306,Matías Vecino,1500000.0,15.0,Central Midfield,Uruguay,https://tmssl.akamaized.net//images/flagge/verysmall/179.png?lm=1520611569,https://img.a.transfermarkt.technology/portrait/medium/143812-1695026891.jpg?lm=1,1991-08-24,47,2
1307,Fer López,16000000.0,8.0,Attacking Midfield,Spain,https://tmssl.akamaized.net//images/flagge/verysmall/157.png?lm=1520611569,https://img.a.transfermarkt.technology/portrait/medium/1064471-1744632582.jpg?lm=1,2004-05-24,47,2
1308,Williot Swedberg,15000000.0,19.0,Left Winger,Sweden,https://tmssl.akamaized.net//images/flagge/verysmall/147.png?lm=1520611569,https://img.a.transfermarkt.technology/portrait/medium/764859-1765193019.jpg?lm=1,2004-02-01,47,2
1309,Hugo Álvarez,8000000.0,23.0,Left Winger,Spain,https://tmssl.akamaized.net//images/flagge/verysmall/157.png?lm=1520611569,https://img.a.transfermarkt.technology/portrait/medium/892929-1715867247.jpg?lm=1,2003-07-02,47,2
1310,Franco Cervi,700000.0,11.0,Left Winger,Argentina,https://tmssl.akamaized.net//images/flagge/verysmall/9.png?lm=1520611569,https://img.a.transfermarkt.technology/portrait/medium/341110-1603798993.jpg?lm=1,1994-05-26,47,2
1311,Jones El-Abdellaoui,8000000.0,39.0,Right Winger,Morocco,https://tmssl.akamaized.net//images/flagge/verysmall/107.png?lm=1520611569,https://img.a.transfermarkt.technology/portrait/medium/960571-1720825911.jpg?lm=1,2006-01-12,47,2
1312,Ferran Jutglà,7000000.0,9.0,Right Winger,Spain,https://tmssl.akamaized.net//images/flagge/verysmall/157.png?lm=1520611569,https://img.a.transfermarkt.technology/portrait/medium/599231-1666292299.jpg?lm=1,1999-02-01,47,2
1313,Pablo Durán,4000000.0,18.0,Centre-Forward,Spain,https://tmssl.akamaized.net//images/flagge/verysmall/157.png?lm=1520611569,https://img.a.transfermarkt.technology/portrait/medium/905997-1761577329.jpg?lm=1,2001-05-25,47,2
1314,Borja Iglesias,3000000.0,7.0,Centre-Forward,Spain,https://tmssl.akamaized.net//images/flagge/verysmall/157.png?lm=1520611569,https://img.a.transfermarkt.technology/portrait/medium/278359-1686661509.jpg?lm=1,1993-01-17,47,2
1315,Iago Aspas,1800000.0,10.0,Centre-Forward,Spain,https://tmssl.akamaized.net//images/flagge/verysmall/157.png?lm=1520611569,https://img.a.transfermarkt.technology/portrait/medium/72047-1758827533.jpg?lm=1,1987-08-01,47,2
1316,Antonio Sivera,6000000.0,1.0,Goalkeeper,Spain,https://tmssl.akamaized.net//images/flagge/verysmall/157.png?lm=1520611569,https://img.a.transfermarkt.technology/portrait/medium/298197-1713856039.jpg?lm=1,1996-08-11,48,2
1317,Raúl Fernández,200000.0,13.0,Goalkeeper,Spain,https://tmssl.akamaized.net//images/flagge/verysmall/157.png?lm=1520611569,https://img.a.transfermarkt.technology/portrait/medium/54217-1498749052.jpg?lm=1,1988-03-13,48,2
1318,Jon Pacheco,6000000.0,5.0,Centre-Back,Spain,https://tmssl.akamaized.net//images/flagge/verysmall/157.png?lm=1520611569,https://img.a.transfermarkt.technology/portrait/medium/580560-1631178086.jpg?lm=1,2001-01-08,48,2
1319,Ville Koski,1500000.0,16.0,Centre-Back,Finland,https://tmssl.akamaized.net//images/flagge/verysmall/49.png?lm=1520611569,https://img.a.transfermarkt.technology/portrait/medium/581326-1768659999.jpg?lm=1,2002-01-27,48,2
1320,Facundo Garcés,50000.0,2.0,Centre-Back,Malaysia,https://tmssl.akamaized.net//images/flagge/verysmall/103.png?lm=1520611569,https://img.a.transfermarkt.technology/portrait/medium/533354-1633539030.JPG?lm=1,1999-09-05,48,2
1321,Youssef Enríquez,5000000.0,3.0,Left-Back,Morocco,https://tmssl.akamaized.net//images/flagge/verysmall/107.png?lm=1520611569,https://img.a.transfermarkt.technology/portrait/medium/741289-1733863618.jpg?lm=1,2005-10-07,48,2
1322,Victor Parada,2000000.0,24.0,Left-Back,Spain,https://tmssl.akamaized.net//images/flagge/verysmall/157.png?lm=1520611569,https://img.a.transfermarkt.technology/portrait/medium/591957-1664570831.jpg?lm=1,2002-04-04,48,2
1323,Nahuel Tenaglia,3000000.0,14.0,Right-Back,Argentina,https://tmssl.akamaized.net//images/flagge/verysmall/9.png?lm=1520611569,https://img.a.transfermarkt.technology/portrait/medium/533568-1647530141.jpg?lm=1,1996-02-21,48,2
1324,Jonny Otto,2500000.0,17.0,Right-Back,Spain,https://tmssl.akamaized.net//images/flagge/verysmall/157.png?lm=1520611569,https://img.a.transfermarkt.technology/portrait/medium/175446-1727967204.png?lm=1,1994-03-03,48,2
1325,Antonio Blanco,10000000.0,8.0,Defensive Midfield,Spain,https://tmssl.akamaized.net//images/flagge/verysmall/157.png?lm=1520611569,https://img.a.transfermarkt.technology/portrait/medium/495621-1705337231.jpg?lm=1,2000-07-23,48,2
1326,Carlos Protesoni,1000000.0,23.0,Defensive Midfield,Uruguay,https://tmssl.akamaized.net//images/flagge/verysmall/179.png?lm=1520611569,https://img.a.transfermarkt.technology/portrait/medium/431190-1635923163.JPG?lm=1,1998-03-30,48,2
1327,Pablo Ibáñez,4000000.0,19.0,Central Midfield,Spain,https://tmssl.akamaized.net//images/flagge/verysmall/157.png?lm=1520611569,https://img.a.transfermarkt.technology/portrait/medium/785353-1680676751.jpg?lm=1,1998-09-20,48,2
1328,Carles Aleñá,3500000.0,10.0,Central Midfield,Spain,https://tmssl.akamaized.net//images/flagge/verysmall/157.png?lm=1520611569,https://img.a.transfermarkt.technology/portrait/medium/284854-1669364902.jpg?lm=1,1998-01-05,48,2
1329,Ander Guevara,3000000.0,6.0,Central Midfield,Spain,https://tmssl.akamaized.net//images/flagge/verysmall/157.png?lm=1520611569,https://img.a.transfermarkt.technology/portrait/medium/465967-1705338008.jpg?lm=1,1997-07-07,48,2
1330,Jon Guridi,2000000.0,18.0,Central Midfield,Spain,https://tmssl.akamaized.net//images/flagge/verysmall/157.png?lm=1520611569,https://img.a.transfermarkt.technology/portrait/medium/289257-1604301765.jpg?lm=1,1995-02-28,48,2
1331,Calebe,2000000.0,20.0,Attacking Midfield,Brazil,https://tmssl.akamaized.net//images/flagge/verysmall/26.png?lm=1520611569,https://img.a.transfermarkt.technology/portrait/medium/798114-1762367600.jpg?lm=1,2000-04-30,48,2
1332,Denis Suárez,1200000.0,4.0,Attacking Midfield,Spain,https://tmssl.akamaized.net//images/flagge/verysmall/157.png?lm=1520611569,https://img.a.transfermarkt.technology/portrait/medium/165007-1687272769.jpg?lm=1,1994-01-06,48,2
1333,Abde Rebbach,1500000.0,21.0,Left Winger,Algeria,https://tmssl.akamaized.net//images/flagge/verysmall/4.png?lm=1520611569,https://img.a.transfermarkt.technology/portrait/medium/718034-1705337308.jpg?lm=1,1998-08-11,48,2
1334,Ángel Pérez,1000000.0,7.0,Right Winger,Spain,https://tmssl.akamaized.net//images/flagge/verysmall/157.png?lm=1520611569,https://img.a.transfermarkt.technology/portrait/medium/1124136-1757571837.png?lm=1,2002-06-08,48,2
1335,Lucas Boyé,5000000.0,15.0,Centre-Forward,Argentina,https://tmssl.akamaized.net//images/flagge/verysmall/9.png?lm=1520611569,https://img.a.transfermarkt.technology/portrait/medium/334222-1734010923.jpg?lm=1,1996-02-28,48,2
1336,Toni Martínez,4000000.0,11.0,Centre-Forward,Spain,https://tmssl.akamaized.net//images/flagge/verysmall/157.png?lm=1520611569,https://img.a.transfermarkt.technology/portrait/medium/302371-1606396665.png?lm=1,1997-06-30,48,2
1337,Ibrahim Diabate,1500000.0,22.0,Centre-Forward,Cote d'Ivoire,https://tmssl.akamaized.net//images/flagge/verysmall/38.png?lm=1520611569,https://img.a.transfermarkt.technology/portrait/medium/620696-1755680442.jpg?lm=1,1999-11-17,48,2
1338,Aitor Mañas,600000.0,34.0,Centre-Forward,Spain,https://tmssl.akamaized.net//images/flagge/verysmall/157.png?lm=1520611569,https://img.a.transfermarkt.technology/portrait/medium/default.jpg?lm=1,2003-01-05,48,2
1339,Mariano Díaz,400000.0,9.0,Centre-Forward,Dominican Republic,https://tmssl.akamaized.net//images/flagge/verysmall/43.png?lm=1520611569,https://img.a.transfermarkt.technology/portrait/medium/225020-1684487196.jpg?lm=1,1993-08-01,48,2
1340,Iñaki Peña,5000000.0,13.0,Goalkeeper,Spain,https://tmssl.akamaized.net//images/flagge/verysmall/157.png?lm=1520611569,https://img.a.transfermarkt.technology/portrait/medium/283170-1702502364.jpg?lm=1,1999-03-02,49,2
1341,Alejandro Iturbe,1500000.0,45.0,Goalkeeper,Spain,https://tmssl.akamaized.net//images/flagge/verysmall/157.png?lm=1520611569,https://img.a.transfermarkt.technology/portrait/medium/618801-1731931020.jpg?lm=1,2003-09-02,49,2
1342,Matías Dituro,200000.0,1.0,Goalkeeper,Argentina,https://tmssl.akamaized.net//images/flagge/verysmall/9.png?lm=1520611569,https://img.a.transfermarkt.technology/portrait/medium/144128-1695219400.png?lm=1,1987-05-08,49,2
1343,David Affengruber,9000000.0,22.0,Centre-Back,Austria,https://tmssl.akamaized.net//images/flagge/verysmall/127.png?lm=1520611569,https://img.a.transfermarkt.technology/portrait/medium/452483-1694017545.jpg?lm=1,2001-03-19,49,2
1344,Víctor Chust,4000000.0,23.0,Centre-Back,Spain,https://tmssl.akamaized.net//images/flagge/verysmall/157.png?lm=1520611569,https://img.a.transfermarkt.technology/portrait/medium/495625-1725990797.jpg?lm=1,2000-03-05,49,2
1345,John Donald,1000000.0,18.0,Centre-Back,Spain,https://tmssl.akamaized.net//images/flagge/verysmall/157.png?lm=1520611569,https://img.a.transfermarkt.technology/portrait/medium/627290-1680535903.jpg?lm=1,2000-09-25,49,2
1346,Pedro Bigas,400000.0,6.0,Centre-Back,Spain,https://tmssl.akamaized.net//images/flagge/verysmall/157.png?lm=1520611569,https://img.a.transfermarkt.technology/portrait/medium/203043-1447321397.jpg?lm=1,1990-05-15,49,2
1347,Adrià Pedrosa,3000000.0,3.0,Left-Back,Spain,https://tmssl.akamaized.net//images/flagge/verysmall/157.png?lm=1520611569,https://img.a.transfermarkt.technology/portrait/medium/501418-1583506190.jpg?lm=1,1998-05-13,49,2
1348,Léo Pétrot,1500000.0,21.0,Left-Back,France,https://tmssl.akamaized.net//images/flagge/verysmall/50.png?lm=1520611569,https://img.a.transfermarkt.technology/portrait/medium/412829-1727723239.jpg?lm=1,1997-04-15,49,2
1349,Héctor Fort,12000000.0,39.0,Right-Back,Spain,https://tmssl.akamaized.net//images/flagge/verysmall/157.png?lm=1520611569,https://img.a.transfermarkt.technology/portrait/medium/937955-1702504973.jpg?lm=1,2006-08-02,49,2
1350,Buba Sangaré,1000000.0,42.0,Right-Back,Spain,https://tmssl.akamaized.net//images/flagge/verysmall/157.png?lm=1520611569,https://img.a.transfermarkt.technology/portrait/medium/962125-1739283835.jpg?lm=1,2007-08-06,49,2
1351,Federico Redondo,3500000.0,5.0,Defensive Midfield,Argentina,https://tmssl.akamaized.net//images/flagge/verysmall/9.png?lm=1520611569,https://img.a.transfermarkt.technology/portrait/medium/909758-1740775355.jpg?lm=1,2003-01-18,49,2
1352,Marc Aguado,3500000.0,8.0,Defensive Midfield,Spain,https://tmssl.akamaized.net//images/flagge/verysmall/157.png?lm=1520611569,https://img.a.transfermarkt.technology/portrait/medium/531404-1709050897.jpg?lm=1,2000-02-22,49,2
1353,Aleix Febas,5000000.0,14.0,Central Midfield,Spain,https://tmssl.akamaized.net//images/flagge/verysmall/157.png?lm=1520611569,https://img.a.transfermarkt.technology/portrait/medium/217144-1448531418.jpg?lm=1,1996-02-02,49,2
1354,Martim Neto,5000000.0,16.0,Central Midfield,Portugal,https://tmssl.akamaized.net//images/flagge/verysmall/136.png?lm=1520611569,https://img.a.transfermarkt.technology/portrait/medium/549027-1737124895.jpg?lm=1,2003-01-14,49,2
1355,Gonzalo Villar,1800000.0,12.0,Central Midfield,Spain,https://tmssl.akamaized.net//images/flagge/verysmall/157.png?lm=1520611569,https://img.a.transfermarkt.technology/portrait/medium/398163-1611584180.jpg?lm=1,1998-03-23,49,2
1356,Germán Valera,6000000.0,11.0,Left Winger,Spain,https://tmssl.akamaized.net//images/flagge/verysmall/157.png?lm=1520611569,https://img.a.transfermarkt.technology/portrait/medium/548188-1588605205.jpg?lm=1,2002-03-16,49,2
1357,Lucas Cepeda,3500000.0,24.0,Left Winger,Chile,https://tmssl.akamaized.net//images/flagge/verysmall/33.png?lm=1520611569,https://img.a.transfermarkt.technology/portrait/medium/912392-1707516783.jpg?lm=1,2002-10-31,49,2
1358,Tete Morente,1800000.0,15.0,Left Winger,Spain,https://tmssl.akamaized.net//images/flagge/verysmall/157.png?lm=1520611569,https://img.a.transfermarkt.technology/portrait/medium/339816-1730123532.jpg?lm=1,1996-12-04,49,2
1359,Yago Santiago,1000000.0,7.0,Left Winger,Spain,https://tmssl.akamaized.net//images/flagge/verysmall/157.png?lm=1520611569,https://img.a.transfermarkt.technology/portrait/medium/706947-1705304254.jpg?lm=1,2003-04-15,49,2
1360,Grady Diangana,2500000.0,19.0,Right Winger,DR Congo,https://tmssl.akamaized.net//images/flagge/verysmall/193.png?lm=1520611569,https://img.a.transfermarkt.technology/portrait/medium/342048-1723555515.jpg?lm=1,1998-04-19,49,2
1361,Josan,100000.0,17.0,Right Winger,Spain,https://tmssl.akamaized.net//images/flagge/verysmall/157.png?lm=1520611569,https://img.a.transfermarkt.technology/portrait/medium/277533-1601023578.jpg?lm=1,1989-12-03,49,2
1362,Adam Boayar,800000.0,32.0,Second Striker,Morocco,https://tmssl.akamaized.net//images/flagge/verysmall/107.png?lm=1520611569,https://img.a.transfermarkt.technology/portrait/medium/default.jpg?lm=1,2005-10-13,49,2
1363,Álvaro Rodríguez,5000000.0,20.0,Centre-Forward,Uruguay,https://tmssl.akamaized.net//images/flagge/verysmall/179.png?lm=1520611569,https://img.a.transfermarkt.technology/portrait/medium/948275-1660124773.jpg?lm=1,2004-07-14,49,2
1364,Rafa Mir,4000000.0,10.0,Centre-Forward,Spain,https://tmssl.akamaized.net//images/flagge/verysmall/157.png?lm=1520611569,https://img.a.transfermarkt.technology/portrait/medium/361254-1720020544.jpg?lm=1,1997-06-18,49,2
1365,André Silva,3000000.0,9.0,Centre-Forward,Portugal,https://tmssl.akamaized.net//images/flagge/verysmall/136.png?lm=1520611569,https://img.a.transfermarkt.technology/portrait/medium/198008-1724336978.jpg?lm=1,1995-11-06,49,2
1366,Joan García,40000000.0,13.0,Goalkeeper,Spain,https://tmssl.akamaized.net//images/flagge/verysmall/157.png?lm=1520611569,https://img.a.transfermarkt.technology/portrait/medium/561613-1747386081.jpg?lm=1,2001-05-04,50,2
1367,Wojciech Szczęsny,900000.0,25.0,Goalkeeper,Poland,https://tmssl.akamaized.net//images/flagge/verysmall/135.png?lm=1520611569,https://img.a.transfermarkt.technology/portrait/medium/44058-1744278078.jpg?lm=1,1990-04-18,50,2
1368,Diego Kochen,500000.0,31.0,Goalkeeper,United States,https://tmssl.akamaized.net//images/flagge/verysmall/184.png?lm=1520611569,https://img.a.transfermarkt.technology/portrait/medium/938144-1727891789.jpg?lm=1,2006-03-19,50,2
1369,Pau Cubarsí,80000000.0,5.0,Centre-Back,Spain,https://tmssl.akamaized.net//images/flagge/verysmall/157.png?lm=1520611569,https://img.a.transfermarkt.technology/portrait/medium/962110-1712779232.jpg?lm=1,2007-01-22,50,2
1370,Eric García,35000000.0,24.0,Centre-Back,Spain,https://tmssl.akamaized.net//images/flagge/verysmall/157.png?lm=1520611569,https://img.a.transfermarkt.technology/portrait/medium/466794-1693604801.jpg?lm=1,2001-01-09,50,2
1371,Ronald Araujo,20000000.0,4.0,Centre-Back,Uruguay,https://tmssl.akamaized.net//images/flagge/verysmall/179.png?lm=1520611569,https://img.a.transfermarkt.technology/portrait/medium/480267-1736431980.jpg?lm=1,1999-03-07,50,2
1372,Andreas Christensen,9000000.0,15.0,Centre-Back,Denmark,https://tmssl.akamaized.net//images/flagge/verysmall/39.png?lm=1520611569,https://img.a.transfermarkt.technology/portrait/medium/196948-1668183241.jpg?lm=1,1996-04-10,50,2
1373,Alejandro Balde,55000000.0,3.0,Left-Back,Spain,https://tmssl.akamaized.net//images/flagge/verysmall/157.png?lm=1520611569,https://img.a.transfermarkt.technology/portrait/medium/636688-1662836200.jpg?lm=1,2003-10-18,50,2
1374,Gerard Martín,25000000.0,18.0,Left-Back,Spain,https://tmssl.akamaized.net//images/flagge/verysmall/157.png?lm=1520611569,https://img.a.transfermarkt.technology/portrait/medium/705395-1730119053.jpg?lm=1,2002-02-26,50,2
1375,Jules Koundé,65000000.0,23.0,Right-Back,France,https://tmssl.akamaized.net//images/flagge/verysmall/50.png?lm=1520611569,https://img.a.transfermarkt.technology/portrait/medium/411975-1702502639.jpg?lm=1,1998-11-12,50,2
1376,João Cancelo,9000000.0,2.0,Right-Back,Portugal,https://tmssl.akamaized.net//images/flagge/verysmall/136.png?lm=1520611569,https://img.a.transfermarkt.technology/portrait/medium/182712-1675080937.jpg?lm=1,1994-05-27,50,2
1377,Marc Bernal,30000000.0,22.0,Defensive Midfield,Spain,https://tmssl.akamaized.net//images/flagge/verysmall/157.png?lm=1520611569,https://img.a.transfermarkt.technology/portrait/medium/1018920-1724052540.jpg?lm=1,2007-05-26,50,2
1378,Marc Casadó,20000000.0,17.0,Defensive Midfield,Spain,https://tmssl.akamaized.net//images/flagge/verysmall/157.png?lm=1520611569,https://img.a.transfermarkt.technology/portrait/medium/636695-1729771427.jpg?lm=1,2003-09-14,50,2
1379,Pedri,150000000.0,8.0,Central Midfield,Spain,https://tmssl.akamaized.net//images/flagge/verysmall/157.png?lm=1520611569,https://img.a.transfermarkt.technology/portrait/medium/683840-1744278342.jpg?lm=1,2002-11-25,50,2
1380,Frenkie de Jong,45000000.0,21.0,Central Midfield,Netherlands,https://tmssl.akamaized.net//images/flagge/verysmall/122.png?lm=1520611569,https://img.a.transfermarkt.technology/portrait/medium/326330-1746041680.jpg?lm=1,1997-05-12,50,2
1381,Gavi,30000000.0,6.0,Central Midfield,Spain,https://tmssl.akamaized.net//images/flagge/verysmall/157.png?lm=1520611569,https://img.a.transfermarkt.technology/portrait/medium/646740-1682685701.jpg?lm=1,2004-08-05,50,2
1382,Fermín López,100000000.0,16.0,Attacking Midfield,Spain,https://tmssl.akamaized.net//images/flagge/verysmall/157.png?lm=1520611569,https://img.a.transfermarkt.technology/portrait/medium/636703-1698086824.jpg?lm=1,2003-05-11,50,2
1383,Dani Olmo,60000000.0,20.0,Attacking Midfield,Spain,https://tmssl.akamaized.net//images/flagge/verysmall/157.png?lm=1520611569,https://img.a.transfermarkt.technology/portrait/medium/293385-1711546268.jpg?lm=1,1998-05-07,50,2
1384,Raphinha,80000000.0,11.0,Left Winger,Brazil,https://tmssl.akamaized.net//images/flagge/verysmall/26.png?lm=1520611569,https://img.a.transfermarkt.technology/portrait/medium/411295-1729754479.png?lm=1,1996-12-14,50,2
1385,Marcus Rashford,40000000.0,14.0,Left Winger,England,https://tmssl.akamaized.net//images/flagge/verysmall/189.png?lm=1520611569,https://img.a.transfermarkt.technology/portrait/medium/258923-1674473054.jpg?lm=1,1997-10-31,50,2
1386,Lamine Yamal,200000000.0,10.0,Right Winger,Spain,https://tmssl.akamaized.net//images/flagge/verysmall/157.png?lm=1520611569,https://img.a.transfermarkt.technology/portrait/medium/937958-1773173768.jpg?lm=1,2007-07-13,50,2
1387,Roony Bardghji,15000000.0,19.0,Right Winger,Sweden,https://tmssl.akamaized.net//images/flagge/verysmall/147.png?lm=1520611569,https://img.a.transfermarkt.technology/portrait/medium/792331-1667420074.jpg?lm=1,2005-11-15,50,2
1388,Ferran Torres,50000000.0,7.0,Centre-Forward,Spain,https://tmssl.akamaized.net//images/flagge/verysmall/157.png?lm=1520611569,https://img.a.transfermarkt.technology/portrait/medium/398184-1699383547.jpg?lm=1,2000-02-29,50,2
1389,Robert Lewandowski,8000000.0,9.0,Centre-Forward,Poland,https://tmssl.akamaized.net//images/flagge/verysmall/135.png?lm=1520611569,https://img.a.transfermarkt.technology/portrait/medium/38253-1760445524.jpg?lm=1,1988-08-21,50,2
1390,David Soria,3000000.0,13.0,Goalkeeper,Spain,https://tmssl.akamaized.net//images/flagge/verysmall/157.png?lm=1520611569,https://img.a.transfermarkt.technology/portrait/medium/226012-1696863038.jpg?lm=1,1993-04-04,51,2
1391,Jiri Letacek,2000000.0,1.0,Goalkeeper,Czech Republic,https://tmssl.akamaized.net//images/flagge/verysmall/172.png?lm=1520611569,https://img.a.transfermarkt.technology/portrait/medium/339079-1714922207.jpg?lm=1,1999-01-09,51,2
1392,Abdel Abqar,4000000.0,3.0,Centre-Back,Morocco,https://tmssl.akamaized.net//images/flagge/verysmall/107.png?lm=1520611569,https://img.a.transfermarkt.technology/portrait/medium/559979-1705337125.jpg?lm=1,1999-03-10,51,2
1393,Sebastián Boselli,2800000.0,15.0,Centre-Back,Uruguay,https://tmssl.akamaized.net//images/flagge/verysmall/179.png?lm=1520611569,https://img.a.transfermarkt.technology/portrait/medium/898352-1739826537.jpg?lm=1,2003-12-04,51,2
1394,Zaid Romero,2500000.0,24.0,Centre-Back,Argentina,https://tmssl.akamaized.net//images/flagge/verysmall/9.png?lm=1520611569,https://img.a.transfermarkt.technology/portrait/medium/741142-1753180256.jpg?lm=1,1999-12-15,51,2
1395,Dakonam Djené,1600000.0,2.0,Centre-Back,Togo,https://tmssl.akamaized.net//images/flagge/verysmall/168.png?lm=1520611569,https://img.a.transfermarkt.technology/portrait/medium/221150-1669364811.jpg?lm=1,1991-12-31,51,2
1396,Domingos Duarte,800000.0,22.0,Centre-Back,Portugal,https://tmssl.akamaized.net//images/flagge/verysmall/136.png?lm=1520611569,https://img.a.transfermarkt.technology/portrait/medium/257376-1583309064.jpg?lm=1,1995-03-10,51,2
1397,Diego Rico,1200000.0,16.0,Left-Back,Spain,https://tmssl.akamaized.net//images/flagge/verysmall/157.png?lm=1520611569,https://img.a.transfermarkt.technology/portrait/medium/249513-1697221474.jpg?lm=1,1993-02-23,51,2
1398,Davinchi,1000000.0,26.0,Left-Back,Spain,https://tmssl.akamaized.net//images/flagge/verysmall/157.png?lm=1520611569,https://img.a.transfermarkt.technology/portrait/medium/1268764-1732577167.jpg?lm=1,2007-10-16,51,2
1399,Juan Iglesias,5000000.0,21.0,Right-Back,Spain,https://tmssl.akamaized.net//images/flagge/verysmall/157.png?lm=1520611569,https://img.a.transfermarkt.technology/portrait/medium/390688-1632295269.jpg?lm=1,1998-07-03,51,2
1400,Kiko Femenía,800000.0,17.0,Right-Back,Spain,https://tmssl.akamaized.net//images/flagge/verysmall/157.png?lm=1520611569,https://img.a.transfermarkt.technology/portrait/medium/76467-1726231817.jpg?lm=1,1991-02-02,51,2
1401,Ismael Bekhoucha,300000.0,31.0,Right-Back,Morocco,https://tmssl.akamaized.net//images/flagge/verysmall/107.png?lm=1520611569,https://img.a.transfermarkt.technology/portrait/medium/1164331-1732134880.png?lm=1,2004-11-20,51,2
1402,Allan Nyom,200000.0,12.0,Right-Back,Cameroon,https://tmssl.akamaized.net//images/flagge/verysmall/31.png?lm=1520611569,https://img.a.transfermarkt.technology/portrait/medium/111508-1541162382.jpg?lm=1,1988-05-10,51,2
1403,Mario Martín,10000000.0,6.0,Defensive Midfield,Spain,https://tmssl.akamaized.net//images/flagge/verysmall/157.png?lm=1520611569,https://img.a.transfermarkt.technology/portrait/medium/948273-1707861820.jpg?lm=1,2004-03-05,51,2
1404,Mauro Arambarri,10000000.0,8.0,Central Midfield,Uruguay,https://tmssl.akamaized.net//images/flagge/verysmall/179.png?lm=1520611569,https://img.a.transfermarkt.technology/portrait/medium/290249-1669365106.jpg?lm=1,1995-09-30,51,2
1405,Luis Milla,3500000.0,5.0,Central Midfield,Spain,https://tmssl.akamaized.net//images/flagge/verysmall/157.png?lm=1520611569,https://img.a.transfermarkt.technology/portrait/medium/281989-1669364960.jpg?lm=1,1994-10-07,51,2
1406,Javi Muñoz,1500000.0,14.0,Central Midfield,Spain,https://tmssl.akamaized.net//images/flagge/verysmall/157.png?lm=1520611569,https://img.a.transfermarkt.technology/portrait/medium/282421-1698852390.jpg?lm=1,1995-02-28,51,2
1407,Adrián Liso,6000000.0,23.0,Left Winger,Spain,https://tmssl.akamaized.net//images/flagge/verysmall/157.png?lm=1520611569,https://img.a.transfermarkt.technology/portrait/medium/1061122-1732367169.jpg?lm=1,2005-04-02,51,2
1408,Veljko Birmancevic,4500000.0,20.0,Left Winger,Serbia,https://tmssl.akamaized.net//images/flagge/verysmall/215.png?lm=1520611569,https://img.a.transfermarkt.technology/portrait/medium/419648-1716239654.jpg?lm=1,1998-03-05,51,2
1409,Juanmi,1200000.0,7.0,Left Winger,Spain,https://tmssl.akamaized.net//images/flagge/verysmall/157.png?lm=1520611569,https://img.a.transfermarkt.technology/portrait/medium/126737-1653043231.jpg?lm=1,1993-05-20,51,2
1410,Abu Kamara,3000000.0,11.0,Right Winger,England,https://tmssl.akamaized.net//images/flagge/verysmall/189.png?lm=1520611569,https://img.a.transfermarkt.technology/portrait/medium/696764-1702280704.jpg?lm=1,2003-07-21,51,2
1411,Álex Sancris,2000000.0,18.0,Right Winger,Spain,https://tmssl.akamaized.net//images/flagge/verysmall/157.png?lm=1520611569,https://img.a.transfermarkt.technology/portrait/medium/560705-1712139769.jpg?lm=1,1997-01-18,51,2
1412,Borja Mayoral,7500000.0,9.0,Centre-Forward,Spain,https://tmssl.akamaized.net//images/flagge/verysmall/157.png?lm=1520611569,https://img.a.transfermarkt.technology/portrait/medium/298976-1669365430.jpg?lm=1,1997-04-05,51,2
1413,Martín Satriano,6000000.0,10.0,Centre-Forward,Uruguay,https://tmssl.akamaized.net//images/flagge/verysmall/179.png?lm=1520611569,https://img.a.transfermarkt.technology/portrait/medium/640109-1626685122.jpg?lm=1,2001-02-20,51,2
1414,Luis Vázquez,2500000.0,19.0,Centre-Forward,Argentina,https://tmssl.akamaized.net//images/flagge/verysmall/9.png?lm=1520611569,https://img.a.transfermarkt.technology/portrait/medium/844516-1699907027.jpg?lm=1,2001-04-24,51,2
1415,Marc-André ter Stegen,4000000.0,22.0,Goalkeeper,Germany,https://tmssl.akamaized.net//images/flagge/verysmall/40.png?lm=1520612525,https://img.a.transfermarkt.technology/portrait/medium/74857-1674465246.jpg?lm=1,1992-04-30,52,2
1416,Paulo Gazzaniga,2000000.0,13.0,Goalkeeper,Argentina,https://tmssl.akamaized.net//images/flagge/verysmall/9.png?lm=1520611569,https://img.a.transfermarkt.technology/portrait/medium/195488-1769783747.jpg?lm=1,1992-01-02,52,2
1417,Rubén Blanco,800000.0,1.0,Goalkeeper,Spain,https://tmssl.akamaized.net//images/flagge/verysmall/157.png?lm=1520611569,https://img.a.transfermarkt.technology/portrait/medium/199321-1676905860.jpg?lm=1,1995-07-25,52,2
1418,Vladyslav Krapyvtsov,400000.0,25.0,Goalkeeper,Ukraine,https://tmssl.akamaized.net//images/flagge/verysmall/177.png?lm=1520611569,https://img.a.transfermarkt.technology/portrait/medium/1169436-1692105603.png?lm=1,2005-06-25,52,2
1419,Juan Carlos,100000.0,,Goalkeeper,Spain,https://tmssl.akamaized.net//images/flagge/verysmall/157.png?lm=1520611569,https://img.a.transfermarkt.technology/portrait/medium/120705-1567159334.jpg?lm=1,1988-01-20,52,2
1420,Vitor Reis,30000000.0,12.0,Centre-Back,Brazil,https://tmssl.akamaized.net//images/flagge/verysmall/26.png?lm=1520611569,https://img.a.transfermarkt.technology/portrait/medium/1005575-1680449774.jpg?lm=1,2006-01-12,52,2
1421,Alejandro Francés,3000000.0,16.0,Centre-Back,Spain,https://tmssl.akamaized.net//images/flagge/verysmall/157.png?lm=1520611569,https://img.a.transfermarkt.technology/portrait/medium/632896-1697808516.jpg?lm=1,2002-08-01,52,2
1422,Daley Blind,1400000.0,17.0,Centre-Back,Netherlands,https://tmssl.akamaized.net//images/flagge/verysmall/122.png?lm=1520611569,https://img.a.transfermarkt.technology/portrait/medium/12282-1718096647.jpg?lm=1,1990-03-09,52,2
1423,David López,800000.0,5.0,Centre-Back,Spain,https://tmssl.akamaized.net//images/flagge/verysmall/157.png?lm=1520611569,https://img.a.transfermarkt.technology/portrait/medium/129444-1448529645.jpg?lm=1,1989-10-09,52,2
1424,Álex Moreno,3500000.0,24.0,Left-Back,Spain,https://tmssl.akamaized.net//images/flagge/verysmall/157.png?lm=1520611569,https://img.a.transfermarkt.technology/portrait/medium/193098-1667289023.jpg?lm=1,1993-06-08,52,2
1425,Arnau Martínez,10000000.0,4.0,Right-Back,Spain,https://tmssl.akamaized.net//images/flagge/verysmall/157.png?lm=1520611569,https://img.a.transfermarkt.technology/portrait/medium/826224-1701444094.jpg?lm=1,2003-04-25,52,2
1426,Hugo Rincón,3500000.0,2.0,Right-Back,Spain,https://tmssl.akamaized.net//images/flagge/verysmall/157.png?lm=1520611569,https://img.a.transfermarkt.technology/portrait/medium/834487-1709677097.png?lm=1,2003-01-27,52,2
1427,Axel Witsel,1400000.0,20.0,Defensive Midfield,Belgium,https://tmssl.akamaized.net//images/flagge/verysmall/19.png?lm=1520611569,https://img.a.transfermarkt.technology/portrait/medium/35047-1665067807.jpg?lm=1,1989-01-12,52,2
1428,Azzedine Ounahi,10000000.0,18.0,Central Midfield,Morocco,https://tmssl.akamaized.net//images/flagge/verysmall/107.png?lm=1520611569,https://img.a.transfermarkt.technology/portrait/medium/593482-1668080946.jpg?lm=1,2000-04-19,52,2
1429,Iván Martín,6000000.0,23.0,Central Midfield,Spain,https://tmssl.akamaized.net//images/flagge/verysmall/157.png?lm=1520611569,https://img.a.transfermarkt.technology/portrait/medium/341278-1703177977.jpg?lm=1,1999-02-14,52,2
1430,Fran Beltrán,5000000.0,8.0,Central Midfield,Spain,https://tmssl.akamaized.net//images/flagge/verysmall/157.png?lm=1520611569,https://img.a.transfermarkt.technology/portrait/medium/423444-1693921591.jpg?lm=1,1999-02-03,52,2
1431,Donny van de Beek,2000000.0,6.0,Central Midfield,Netherlands,https://tmssl.akamaized.net//images/flagge/verysmall/122.png?lm=1520611569,https://img.a.transfermarkt.technology/portrait/medium/288255-1642174403.jpg?lm=1,1997-04-18,52,2
1432,Lass Kourouma,500000.0,29.0,Central Midfield,Guinea,https://tmssl.akamaized.net//images/flagge/verysmall/59.png?lm=1520611569,https://img.a.transfermarkt.technology/portrait/medium/974251-1769783998.jpg?lm=1,2004-03-30,52,2
1433,Claudio Echeverri,15000000.0,14.0,Attacking Midfield,Argentina,https://tmssl.akamaized.net//images/flagge/verysmall/9.png?lm=1520611569,https://img.a.transfermarkt.technology/portrait/medium/994536-1758703571.jpg?lm=1,2006-01-02,52,2
1434,Thomas Lemar,2000000.0,11.0,Attacking Midfield,France,https://tmssl.akamaized.net//images/flagge/verysmall/50.png?lm=1520611569,https://img.a.transfermarkt.technology/portrait/medium/205562-1686662075.jpg?lm=1,1995-11-12,52,2
1435,Bryan Gil,12000000.0,21.0,Left Winger,Spain,https://tmssl.akamaized.net//images/flagge/verysmall/157.png?lm=1520611569,https://img.a.transfermarkt.technology/portrait/medium/537382-1769784260.jpg?lm=1,2001-02-11,52,2
1436,Joel Roca,5000000.0,3.0,Left Winger,Spain,https://tmssl.akamaized.net//images/flagge/verysmall/157.png?lm=1520611569,https://img.a.transfermarkt.technology/portrait/medium/895326-1727113258.jpg?lm=1,2005-06-07,52,2
1437,Viktor Tsygankov,15000000.0,15.0,Right Winger,Ukraine,https://tmssl.akamaized.net//images/flagge/verysmall/177.png?lm=1520611569,https://img.a.transfermarkt.technology/portrait/medium/264372-1715881945.jpg?lm=1,1997-11-15,52,2
1438,Portu,1500000.0,,Right Winger,Spain,https://tmssl.akamaized.net//images/flagge/verysmall/157.png?lm=1520611569,https://img.a.transfermarkt.technology/portrait/medium/99353-1669365520.jpg?lm=1,1992-05-21,52,2
1439,Vladyslav Vanat,15000000.0,19.0,Centre-Forward,Ukraine,https://tmssl.akamaized.net//images/flagge/verysmall/177.png?lm=1520611569,https://img.a.transfermarkt.technology/portrait/medium/631821-1769784171.jpg?lm=1,2002-01-04,52,2
1440,Abel Ruiz,2500000.0,9.0,Centre-Forward,Spain,https://tmssl.akamaized.net//images/flagge/verysmall/157.png?lm=1520611569,https://img.a.transfermarkt.technology/portrait/medium/340376-1694617385.jpg?lm=1,2000-01-28,52,2
1441,Cristhian Stuani,800000.0,7.0,Centre-Forward,Uruguay,https://tmssl.akamaized.net//images/flagge/verysmall/179.png?lm=1520611569,https://img.a.transfermarkt.technology/portrait/medium/59323-1726736068.jpg?lm=1,1986-10-12,52,2
1442,Mathew Ryan,2000000.0,13.0,Goalkeeper,Australia,https://tmssl.akamaized.net//images/flagge/verysmall/12.png?lm=1520611569,https://img.a.transfermarkt.technology/portrait/medium/128969-1668505563.jpg?lm=1,1992-04-08,53,2
1443,Pablo Campos,1500000.0,1.0,Goalkeeper,Spain,https://tmssl.akamaized.net//images/flagge/verysmall/157.png?lm=1520611569,https://img.a.transfermarkt.technology/portrait/medium/617059-1742981909.jpg?lm=1,2002-04-28,53,2
1444,Álex Primo,50000.0,32.0,Goalkeeper,Spain,https://tmssl.akamaized.net//images/flagge/verysmall/157.png?lm=1520611569,https://img.a.transfermarkt.technology/portrait/medium/default.jpg?lm=1,2004-07-10,53,2
1445,Matías Moreno,4000000.0,2.0,Centre-Back,Argentina,https://tmssl.akamaized.net//images/flagge/verysmall/9.png?lm=1520611569,https://img.a.transfermarkt.technology/portrait/medium/1144700-1730183072.jpg?lm=1,2003-09-24,53,2
1446,Alan Matturro,4000000.0,3.0,Centre-Back,Uruguay,https://tmssl.akamaized.net//images/flagge/verysmall/179.png?lm=1520611569,https://img.a.transfermarkt.technology/portrait/medium/861981-1692967519.jpg?lm=1,2004-10-11,53,2
1447,Adrián Dela,3000000.0,4.0,Centre-Back,Spain,https://tmssl.akamaized.net//images/flagge/verysmall/157.png?lm=1520611569,https://img.a.transfermarkt.technology/portrait/medium/341263-1698879765.jpg?lm=1,1999-02-26,53,2
1448,Unai Elgezabal,600000.0,5.0,Centre-Back,Spain,https://tmssl.akamaized.net//images/flagge/verysmall/157.png?lm=1520611569,https://img.a.transfermarkt.technology/portrait/medium/255495-1675799445.jpg?lm=1,1993-04-25,53,2
1449,Manu Sánchez,6000000.0,23.0,Left-Back,Spain,https://tmssl.akamaized.net//images/flagge/verysmall/157.png?lm=1520611569,https://img.a.transfermarkt.technology/portrait/medium/618809-1673281847.jpg?lm=1,2000-08-24,53,2
1450,Diego Pampín,1000000.0,6.0,Left-Back,Spain,https://tmssl.akamaized.net//images/flagge/verysmall/157.png?lm=1520611569,https://img.a.transfermarkt.technology/portrait/medium/505493-1698882821.jpg?lm=1,2000-03-15,53,2
1451,Jeremy Toljan,2200000.0,22.0,Right-Back,Germany,https://tmssl.akamaized.net//images/flagge/verysmall/40.png?lm=1520612525,https://img.a.transfermarkt.technology/portrait/medium/129674-1692277806.jpg?lm=1,1994-08-08,53,2
1452,Víctor García,1000000.0,17.0,Right-Back,Spain,https://tmssl.akamaized.net//images/flagge/verysmall/157.png?lm=1520611569,https://img.a.transfermarkt.technology/portrait/medium/590690-1702510605.png?lm=1,1997-09-16,53,2
1453,Ugo Raghouber,3000000.0,14.0,Defensive Midfield,France,https://tmssl.akamaized.net//images/flagge/verysmall/50.png?lm=1520611569,https://img.a.transfermarkt.technology/portrait/medium/707230-1678906674.jpg?lm=1,2003-07-13,53,2
1454,Oriol Rey,1800000.0,20.0,Defensive Midfield,Spain,https://tmssl.akamaized.net//images/flagge/verysmall/157.png?lm=1520611569,https://img.a.transfermarkt.technology/portrait/medium/293388-1726053851.jpg?lm=1,1998-02-25,53,2
1455,Kervin Arriaga,1500000.0,16.0,Defensive Midfield,Honduras,https://tmssl.akamaized.net//images/flagge/verysmall/66.png?lm=1699286249,https://img.a.transfermarkt.technology/portrait/medium/526050-1710094372.jpg?lm=1,1998-01-05,53,2
1456,Pablo Martínez,2000000.0,10.0,Central Midfield,Spain,https://tmssl.akamaized.net//images/flagge/verysmall/157.png?lm=1520611569,https://img.a.transfermarkt.technology/portrait/medium/568835-1632129599.jpg?lm=1,1998-02-22,53,2
1457,Jon Ander Olasagasti,1800000.0,8.0,Central Midfield,Spain,https://tmssl.akamaized.net//images/flagge/verysmall/157.png?lm=1520611569,https://img.a.transfermarkt.technology/portrait/medium/625660-1695238891.jpg?lm=1,2000-08-16,53,2
1458,Unai Vencedor,1800000.0,12.0,Central Midfield,Spain,https://tmssl.akamaized.net//images/flagge/verysmall/157.png?lm=1520611569,https://img.a.transfermarkt.technology/portrait/medium/610083-1671998817.png?lm=1,2000-11-15,53,2
1459,Carlos Álvarez,15000000.0,24.0,Attacking Midfield,Spain,https://tmssl.akamaized.net//images/flagge/verysmall/157.png?lm=1520611569,https://img.a.transfermarkt.technology/portrait/medium/668179-1726053882.jpg?lm=1,2003-08-06,53,2
1460,Roger Brugué,2000000.0,7.0,Left Winger,Spain,https://tmssl.akamaized.net//images/flagge/verysmall/157.png?lm=1520611569,https://img.a.transfermarkt.technology/portrait/medium/557057-1701787446.jpg?lm=1,1996-11-04,53,2
1461,Paco Cortés,1000000.0,27.0,Left Winger,Spain,https://tmssl.akamaized.net//images/flagge/verysmall/157.png?lm=1520611569,https://img.a.transfermarkt.technology/portrait/medium/1232057-1761232668.jpg?lm=1,2007-08-11,53,2
1462,Kareem Tunde,1000000.0,26.0,Right Winger,Spain,https://tmssl.akamaized.net//images/flagge/verysmall/157.png?lm=1520611569,https://img.a.transfermarkt.technology/portrait/medium/default.jpg?lm=1,2005-08-19,53,2
1463,Tay Abed,800000.0,55.0,Right Winger,Israel,https://tmssl.akamaized.net//images/flagge/verysmall/74.png?lm=1520611569,https://img.a.transfermarkt.technology/portrait/medium/921345-1752587415.jpg?lm=1,2004-08-03,53,2
1464,Iker Losada,1400000.0,18.0,Second Striker,Spain,https://tmssl.akamaized.net//images/flagge/verysmall/157.png?lm=1520611569,https://img.a.transfermarkt.technology/portrait/medium/632741-1569337955.jpg?lm=1,2001-08-01,53,2
1465,Karl Etta Eyong,18000000.0,21.0,Centre-Forward,Cameroon,https://tmssl.akamaized.net//images/flagge/verysmall/31.png?lm=1520611569,https://img.a.transfermarkt.technology/portrait/medium/1038950-1759409401.jpg?lm=1,2003-10-14,53,2
1466,Iván Romero,7500000.0,9.0,Centre-Forward,Spain,https://tmssl.akamaized.net//images/flagge/verysmall/157.png?lm=1520611569,https://img.a.transfermarkt.technology/portrait/medium/628886-1756192561.jpg?lm=1,2001-04-10,53,2
1467,Carlos Espí,2500000.0,19.0,Centre-Forward,Spain,https://tmssl.akamaized.net//images/flagge/verysmall/157.png?lm=1520611569,https://img.a.transfermarkt.technology/portrait/medium/1063338-1759409131.jpg?lm=1,2005-07-24,53,2
1468,José Luis Morales,300000.0,11.0,Centre-Forward,Spain,https://tmssl.akamaized.net//images/flagge/verysmall/157.png?lm=1520611569,https://img.a.transfermarkt.technology/portrait/medium/252677-1447315847.jpg?lm=1,1987-07-23,53,2
1469,Marko Dmitrovic,800000.0,13.0,Goalkeeper,Serbia,https://tmssl.akamaized.net//images/flagge/verysmall/215.png?lm=1520611569,https://img.a.transfermarkt.technology/portrait/medium/94308-1669364494.jpg?lm=1,1992-01-24,54,2
1470,Ángel Fortuño,300000.0,1.0,Goalkeeper,Spain,https://tmssl.akamaized.net//images/flagge/verysmall/157.png?lm=1520611569,https://img.a.transfermarkt.technology/portrait/medium/628487-1747339466.jpg?lm=1,2001-10-05,54,2
1471,Clemens Riedel,5000000.0,38.0,Centre-Back,Germany,https://tmssl.akamaized.net//images/flagge/verysmall/40.png?lm=1520612525,https://img.a.transfermarkt.technology/portrait/medium/692070-1752059844.jpg?lm=1,2003-07-19,54,2
1472,Fernando Calero,2000000.0,5.0,Centre-Back,Spain,https://tmssl.akamaized.net//images/flagge/verysmall/157.png?lm=1520611569,https://img.a.transfermarkt.technology/portrait/medium/357884-1447238696.jpg?lm=1,1995-09-14,54,2
1473,Miguel Rubio,2000000.0,15.0,Centre-Back,Spain,https://tmssl.akamaized.net//images/flagge/verysmall/157.png?lm=1520611569,https://img.a.transfermarkt.technology/portrait/medium/583510-1702390927.jpg?lm=1,1998-03-11,54,2
1474,Leandro Cabrera,1000000.0,6.0,Centre-Back,Uruguay,https://tmssl.akamaized.net//images/flagge/verysmall/179.png?lm=1520611569,https://img.a.transfermarkt.technology/portrait/medium/102423-1747343579.jpg?lm=1,1991-06-17,54,2
1475,Carlos Romero,25000000.0,22.0,Left-Back,Spain,https://tmssl.akamaized.net//images/flagge/verysmall/157.png?lm=1520611569,https://img.a.transfermarkt.technology/portrait/medium/709372-1747385379.jpg?lm=1,2001-10-29,54,2
1476,José Salinas,2800000.0,12.0,Left-Back,Spain,https://tmssl.akamaized.net//images/flagge/verysmall/157.png?lm=1520611569,https://img.a.transfermarkt.technology/portrait/medium/819590-1744371555.jpg?lm=1,2000-09-30,54,2
1477,Omar El Hilali,15000000.0,23.0,Right-Back,Morocco,https://tmssl.akamaized.net//images/flagge/verysmall/107.png?lm=1520611569,https://img.a.transfermarkt.technology/portrait/medium/822331-1683211692.jpg?lm=1,2003-09-12,54,2
1478,Rubén Sánchez,1500000.0,2.0,Right-Back,Spain,https://tmssl.akamaized.net//images/flagge/verysmall/157.png?lm=1520611569,https://img.a.transfermarkt.technology/portrait/medium/705813-1661765132.jpg?lm=1,2001-02-04,54,2
1479,Urko González de Zárate,10000000.0,4.0,Defensive Midfield,Spain,https://tmssl.akamaized.net//images/flagge/verysmall/157.png?lm=1520611569,https://img.a.transfermarkt.technology/portrait/medium/625651-1694171507.jpg?lm=1,2001-03-20,54,2
1480,Charles Pickel,2500000.0,18.0,Defensive Midfield,DR Congo,https://tmssl.akamaized.net//images/flagge/verysmall/193.png?lm=1520611569,https://img.a.transfermarkt.technology/portrait/medium/243879-1658483049.jpg?lm=1,1997-05-15,54,2
1481,Pol Lozano,6000000.0,10.0,Central Midfield,Spain,https://tmssl.akamaized.net//images/flagge/verysmall/157.png?lm=1520611569,https://img.a.transfermarkt.technology/portrait/medium/412045-1568028635.jpg?lm=1,1999-10-06,54,2
1482,Edu Expósito,5000000.0,8.0,Central Midfield,Spain,https://tmssl.akamaized.net//images/flagge/verysmall/157.png?lm=1520611569,https://img.a.transfermarkt.technology/portrait/medium/506248-1747385472.jpg?lm=1,1996-08-01,54,2
1483,Ramón Terrats,3000000.0,14.0,Central Midfield,Spain,https://tmssl.akamaized.net//images/flagge/verysmall/157.png?lm=1520611569,https://img.a.transfermarkt.technology/portrait/medium/783396-1726231968.jpg?lm=1,2000-10-18,54,2
1484,Javi Puado,7500000.0,7.0,Left Winger,Spain,https://tmssl.akamaized.net//images/flagge/verysmall/157.png?lm=1520611569,https://img.a.transfermarkt.technology/portrait/medium/408471-1698158226.jpg?lm=1,1998-05-25,54,2
1485,Pere Milla,1200000.0,11.0,Left Winger,Spain,https://tmssl.akamaized.net//images/flagge/verysmall/157.png?lm=1520611569,https://img.a.transfermarkt.technology/portrait/medium/225593-1541151194.jpg?lm=1,1992-09-23,54,2
1486,Tyrhys Dolan,10000000.0,24.0,Right Winger,England,https://tmssl.akamaized.net//images/flagge/verysmall/189.png?lm=1520611569,https://img.a.transfermarkt.technology/portrait/medium/647435-1679678061.jpg?lm=1,2001-12-28,54,2
1487,Cyril Ngonge,8000000.0,16.0,Right Winger,Belgium,https://tmssl.akamaized.net//images/flagge/verysmall/19.png?lm=1520611569,https://img.a.transfermarkt.technology/portrait/medium/358032-1674197416.jpg?lm=1,2000-05-26,54,2
1488,Jofre Carreras,3000000.0,17.0,Right Winger,Spain,https://tmssl.akamaized.net//images/flagge/verysmall/157.png?lm=1520611569,https://img.a.transfermarkt.technology/portrait/medium/628498-1747385604.jpg?lm=1,2001-06-17,54,2
1489,Antoniu Roca,1800000.0,20.0,Right Winger,Spain,https://tmssl.akamaized.net//images/flagge/verysmall/157.png?lm=1520611569,https://img.a.transfermarkt.technology/portrait/medium/834744-1734596565.jpg?lm=1,2002-09-05,54,2
1490,Roberto Fernández,10000000.0,9.0,Centre-Forward,Spain,https://tmssl.akamaized.net//images/flagge/verysmall/157.png?lm=1520611569,https://img.a.transfermarkt.technology/portrait/medium/720518-1732827310.jpg?lm=1,2002-07-03,54,2
1491,Kike García,800000.0,19.0,Centre-Forward,Spain,https://tmssl.akamaized.net//images/flagge/verysmall/157.png?lm=1520611569,https://img.a.transfermarkt.technology/portrait/medium/93936-1490620015.jpg?lm=1,1989-11-25,54,2
1492,Leo Román,6000000.0,1.0,Goalkeeper,Spain,https://tmssl.akamaized.net//images/flagge/verysmall/157.png?lm=1520611569,https://img.a.transfermarkt.technology/portrait/medium/562742-1745395600.jpg?lm=1,2000-07-06,55,2
1493,Lucas Bergström,1500000.0,13.0,Goalkeeper,Finland,https://tmssl.akamaized.net//images/flagge/verysmall/49.png?lm=1520611569,https://img.a.transfermarkt.technology/portrait/medium/490606-1639405918.jpg?lm=1,2002-09-05,55,2
1494,Iván Cuéllar,100000.0,25.0,Goalkeeper,Spain,https://tmssl.akamaized.net//images/flagge/verysmall/157.png?lm=1520611569,https://img.a.transfermarkt.technology/portrait/medium/27493-1664289273.jpg?lm=1,1984-05-27,55,2
1495,Martin Valjent,4500000.0,24.0,Centre-Back,Slovakia,https://tmssl.akamaized.net//images/flagge/verysmall/154.png?lm=1520611569,https://img.a.transfermarkt.technology/portrait/medium/277384-1738232660.jpg?lm=1,1995-12-11,55,2
1496,Marash Kumbulla,4000000.0,4.0,Centre-Back,Albania,https://tmssl.akamaized.net//images/flagge/verysmall/3.png?lm=1520611569,https://img.a.transfermarkt.technology/portrait/medium/371371-1716969202.jpg?lm=1,2000-02-08,55,2
1497,Antonio Raíllo,1500000.0,21.0,Centre-Back,Spain,https://tmssl.akamaized.net//images/flagge/verysmall/157.png?lm=1520611569,https://img.a.transfermarkt.technology/portrait/medium/278296-1447228780.jpg?lm=1,1991-10-08,55,2
1498,David López,1200000.0,27.0,Centre-Back,Spain,https://tmssl.akamaized.net//images/flagge/verysmall/157.png?lm=1520611569,https://img.a.transfermarkt.technology/portrait/medium/947431-1725880281.jpg?lm=1,2003-02-03,55,2
1499,Johan Mojica,1800000.0,22.0,Left-Back,Colombia,https://tmssl.akamaized.net//images/flagge/verysmall/83.png?lm=1520611569,https://img.a.transfermarkt.technology/portrait/medium/262939-1541161893.jpg?lm=1,1992-08-21,55,2
1500,Toni Lato,1500000.0,3.0,Left-Back,Spain,https://tmssl.akamaized.net//images/flagge/verysmall/157.png?lm=1520611569,https://img.a.transfermarkt.technology/portrait/medium/320271-1496906352.jpg?lm=1,1997-11-21,55,2
1501,Pablo Maffeo,5000000.0,23.0,Right-Back,Argentina,https://tmssl.akamaized.net//images/flagge/verysmall/9.png?lm=1520611569,https://img.a.transfermarkt.technology/portrait/medium/251876-1699449290.jpg?lm=1,1997-07-12,55,2
1502,Mateu Morey,1500000.0,2.0,Right-Back,Spain,https://tmssl.akamaized.net//images/flagge/verysmall/157.png?lm=1520611569,https://img.a.transfermarkt.technology/portrait/medium/388513-1661413734.jpg?lm=1,2000-03-02,55,2
1503,Samú Costa,15000000.0,12.0,Defensive Midfield,Portugal,https://tmssl.akamaized.net//images/flagge/verysmall/136.png?lm=1520611569,https://img.a.transfermarkt.technology/portrait/medium/657430-1753960841.jpg?lm=1,2000-11-27,55,2
1504,Omar Mascarell,800000.0,5.0,Defensive Midfield,Equatorial Guinea,https://tmssl.akamaized.net//images/flagge/verysmall/8.png?lm=1520611569,https://img.a.transfermarkt.technology/portrait/medium/142031-1531813358.jpg?lm=1,1993-02-02,55,2
1505,Sergi Darder,3500000.0,10.0,Central Midfield,Spain,https://tmssl.akamaized.net//images/flagge/verysmall/157.png?lm=1520611569,https://img.a.transfermarkt.technology/portrait/medium/142021-1664975574.jpg?lm=1,1993-12-22,55,2
1506,Antonio Sánchez,2400000.0,6.0,Central Midfield,Spain,https://tmssl.akamaized.net//images/flagge/verysmall/157.png?lm=1520611569,https://img.a.transfermarkt.technology/portrait/medium/513031-1576533215.jpg?lm=1,1997-04-22,55,2
1507,Manu Morlanes,2400000.0,8.0,Central Midfield,Spain,https://tmssl.akamaized.net//images/flagge/verysmall/157.png?lm=1520611569,https://img.a.transfermarkt.technology/portrait/medium/335225-1552044533.jpg?lm=1,1999-01-12,55,2
1508,Jan Salas,500000.0,41.0,Central Midfield,Spain,https://tmssl.akamaized.net//images/flagge/verysmall/157.png?lm=1520611569,https://img.a.transfermarkt.technology/portrait/medium/default.jpg?lm=1,2005-08-10,55,2
1509,Pablo Torre,5000000.0,20.0,Attacking Midfield,Spain,https://tmssl.akamaized.net//images/flagge/verysmall/157.png?lm=1520611569,https://img.a.transfermarkt.technology/portrait/medium/720038-1724406086.jpg?lm=1,2003-04-03,55,2
1510,Jan Virgili,15000000.0,17.0,Left Winger,Spain,https://tmssl.akamaized.net//images/flagge/verysmall/157.png?lm=1520611569,https://img.a.transfermarkt.technology/portrait/medium/1301775-1750759323.jpg?lm=1,2006-07-26,55,2
1511,Javi Llabrés,800000.0,19.0,Left Winger,Spain,https://tmssl.akamaized.net//images/flagge/verysmall/157.png?lm=1520611569,https://img.a.transfermarkt.technology/portrait/medium/706138-1702393291.jpg?lm=1,2002-09-11,55,2
1512,Zito Luvumbo,3500000.0,15.0,Right Winger,Angola,https://tmssl.akamaized.net//images/flagge/verysmall/6.png?lm=1520611569,https://img.a.transfermarkt.technology/portrait/medium/666547-1655123282.jpg?lm=1,2002-03-09,55,2
1513,Takuma Asano,1800000.0,11.0,Right Winger,Japan,https://tmssl.akamaized.net//images/flagge/verysmall/77.png?lm=1520611569,https://img.a.transfermarkt.technology/portrait/medium/245744-1657284052.jpg?lm=1,1994-11-10,55,2
1514,Justin Kalumba,800000.0,30.0,Right Winger,France,https://tmssl.akamaized.net//images/flagge/verysmall/50.png?lm=1520611569,https://img.a.transfermarkt.technology/portrait/medium/1101641-1750956932.png?lm=1,2004-12-25,55,2
1515,Vedat Muriqi,4500000.0,7.0,Centre-Forward,Kosovo,https://tmssl.akamaized.net//images/flagge/verysmall/244.png?lm=1520611569,https://img.a.transfermarkt.technology/portrait/medium/256267-1762866847.jpg?lm=1,1994-04-24,55,2
1516,Mateo Joseph,3500000.0,18.0,Centre-Forward,Spain,https://tmssl.akamaized.net//images/flagge/verysmall/157.png?lm=1520611569,https://img.a.transfermarkt.technology/portrait/medium/834742-1749739164.jpg?lm=1,2003-10-19,55,2
1517,Abdón Prats,900000.0,9.0,Centre-Forward,Spain,https://tmssl.akamaized.net//images/flagge/verysmall/157.png?lm=1520611569,https://img.a.transfermarkt.technology/portrait/medium/177452-1696950061.jpg?lm=1,1992-12-07,55,2
1518,Augusto Batalla,6000000.0,13.0,Goalkeeper,Argentina,https://tmssl.akamaized.net//images/flagge/verysmall/9.png?lm=1520611569,https://img.a.transfermarkt.technology/portrait/medium/275218-1775761484.jpg?lm=1,1996-04-30,56,2
1519,Dani Cárdenas,1800000.0,1.0,Goalkeeper,Spain,https://tmssl.akamaized.net//images/flagge/verysmall/157.png?lm=1520611569,https://img.a.transfermarkt.technology/portrait/medium/397676-1663571879.jpg?lm=1,1997-03-28,56,2
1520,Nobel Mendy,6000000.0,32.0,Centre-Back,Senegal,https://tmssl.akamaized.net//images/flagge/verysmall/149.png?lm=1520611569,https://img.a.transfermarkt.technology/portrait/medium/1034853-1736244947.jpg?lm=1,2004-09-03,56,2
1521,Abdul Mumin,4000000.0,16.0,Centre-Back,Ghana,https://tmssl.akamaized.net//images/flagge/verysmall/54.png?lm=1520611569,https://img.a.transfermarkt.technology/portrait/medium/451801-1776270192.jpg?lm=1,1998-06-06,56,2
1522,Luiz Felipe,3000000.0,5.0,Centre-Back,Italy,https://tmssl.akamaized.net//images/flagge/verysmall/75.png?lm=1520611569,https://img.a.transfermarkt.technology/portrait/medium/457931-1595857216.jpg?lm=1,1997-03-22,56,2
1523,Jozhua Vertrouwd,2500000.0,33.0,Centre-Back,Netherlands,https://tmssl.akamaized.net//images/flagge/verysmall/122.png?lm=1520611569,https://img.a.transfermarkt.technology/portrait/medium/765467-1691072211.jpg?lm=1,2004-08-21,56,2
1524,Florian Lejeune,2000000.0,24.0,Centre-Back,France,https://tmssl.akamaized.net//images/flagge/verysmall/50.png?lm=1520611569,https://img.a.transfermarkt.technology/portrait/medium/127108-1496825998.jpg?lm=1,1991-05-20,56,2
1525,Pep Chavarría,10000000.0,3.0,Left-Back,Spain,https://tmssl.akamaized.net//images/flagge/verysmall/157.png?lm=1520611569,https://img.a.transfermarkt.technology/portrait/medium/596122-1744713547.jpg?lm=1,1998-04-10,56,2
1526,Alfonso Espino,1000000.0,22.0,Left-Back,Uruguay,https://tmssl.akamaized.net//images/flagge/verysmall/179.png?lm=1520611569,https://img.a.transfermarkt.technology/portrait/medium/311044-1635328827.jpg?lm=1,1992-01-05,56,2
1527,Andrei Rațiu,18000000.0,2.0,Right-Back,Romania,https://tmssl.akamaized.net//images/flagge/verysmall/140.png?lm=1520611569,https://img.a.transfermarkt.technology/portrait/medium/527966-1765462531.jpg?lm=1,1998-06-20,56,2
1528,Iván Balliu,1200000.0,20.0,Right-Back,Albania,https://tmssl.akamaized.net//images/flagge/verysmall/3.png?lm=1520611569,https://img.a.transfermarkt.technology/portrait/medium/85295-1688119678.jpg?lm=1,1992-01-01,56,2
1529,Gerard Gumbau,1400000.0,15.0,Defensive Midfield,Spain,https://tmssl.akamaized.net//images/flagge/verysmall/157.png?lm=1520611569,https://img.a.transfermarkt.technology/portrait/medium/268670-1499871303.jpg?lm=1,1994-12-18,56,2
1530,Pedro Díaz,3000000.0,4.0,Central Midfield,Spain,https://tmssl.akamaized.net//images/flagge/verysmall/157.png?lm=1520611569,https://img.a.transfermarkt.technology/portrait/medium/363057-1664207844.jpg?lm=1,1998-06-05,56,2
1531,Unai López,2500000.0,17.0,Central Midfield,Spain,https://tmssl.akamaized.net//images/flagge/verysmall/157.png?lm=1520611569,https://img.a.transfermarkt.technology/portrait/medium/192009-1726662500.jpg?lm=1,1995-10-30,56,2
1532,Óscar Valentín,2200000.0,23.0,Central Midfield,Spain,https://tmssl.akamaized.net//images/flagge/verysmall/157.png?lm=1520611569,https://img.a.transfermarkt.technology/portrait/medium/517753-1765909833.jpg?lm=1,1994-08-20,56,2
1533,Pathé Ciss,2000000.0,6.0,Central Midfield,Senegal,https://tmssl.akamaized.net//images/flagge/verysmall/149.png?lm=1520611569,https://img.a.transfermarkt.technology/portrait/medium/525578-1775761248.jpg?lm=1,1994-03-16,56,2
1534,Samu Becerra,300000.0,28.0,Central Midfield,Spain,https://tmssl.akamaized.net//images/flagge/verysmall/157.png?lm=1520611569,https://img.a.transfermarkt.technology/portrait/medium/1384911-1773220130.jpg?lm=1,2006-06-01,56,2
1535,Randy Nteka,1200000.0,11.0,Attacking Midfield,Angola,https://tmssl.akamaized.net//images/flagge/verysmall/6.png?lm=1520611569,https://img.a.transfermarkt.technology/portrait/medium/560483-1600680162.jpg?lm=1,1997-12-06,56,2
1536,Óscar Trejo,400000.0,8.0,Attacking Midfield,Argentina,https://tmssl.akamaized.net//images/flagge/verysmall/9.png?lm=1520611569,https://img.a.transfermarkt.technology/portrait/medium/30321-1653039805.jpg?lm=1,1988-04-26,56,2
1537,Carlos Martín,2000000.0,14.0,Left Winger,Spain,https://tmssl.akamaized.net//images/flagge/verysmall/157.png?lm=1520611569,https://img.a.transfermarkt.technology/portrait/medium/618813-1707924109.jpg?lm=1,2002-04-22,56,2
1538,Álvaro García,1800000.0,18.0,Left Winger,Spain,https://tmssl.akamaized.net//images/flagge/verysmall/157.png?lm=1520611569,https://img.a.transfermarkt.technology/portrait/medium/257062-1762775114.jpg?lm=1,1992-10-27,56,2
1539,Ilias Akhomach,12000000.0,12.0,Right Winger,Morocco,https://tmssl.akamaized.net//images/flagge/verysmall/107.png?lm=1520611569,https://img.a.transfermarkt.technology/portrait/medium/709969-1636472170.jpg?lm=1,2004-04-16,56,2
1540,Jorge de Frutos,12000000.0,19.0,Right Winger,Spain,https://tmssl.akamaized.net//images/flagge/verysmall/157.png?lm=1520611569,https://img.a.transfermarkt.technology/portrait/medium/455181-1756820871.jpg?lm=1,1997-02-20,56,2
1541,Fran Pérez,3000000.0,21.0,Right Winger,Spain,https://tmssl.akamaized.net//images/flagge/verysmall/157.png?lm=1520611569,https://img.a.transfermarkt.technology/portrait/medium/622988-1683212780.jpg?lm=1,2002-09-09,56,2
1542,Isi Palazón,3000000.0,7.0,Second Striker,Spain,https://tmssl.akamaized.net//images/flagge/verysmall/157.png?lm=1520611569,https://img.a.transfermarkt.technology/portrait/medium/362086-1726662958.jpg?lm=1,1994-12-27,56,2
1543,Alemão,3000000.0,9.0,Centre-Forward,Brazil,https://tmssl.akamaized.net//images/flagge/verysmall/26.png?lm=1520611569,https://img.a.transfermarkt.technology/portrait/medium/560417-1775761327.jpg?lm=1,1998-04-01,56,2
1544,Sergio Camello,2000000.0,10.0,Centre-Forward,Spain,https://tmssl.akamaized.net//images/flagge/verysmall/157.png?lm=1520611569,https://img.a.transfermarkt.technology/portrait/medium/505674-1775761676.jpg?lm=1,2001-02-10,56,2
1545,Álvaro Valles,6000000.0,1.0,Goalkeeper,Spain,https://tmssl.akamaized.net//images/flagge/verysmall/157.png?lm=1520611569,https://img.a.transfermarkt.technology/portrait/medium/417913-1773343747.jpg?lm=1,1997-07-25,57,2
1546,Pau López,2500000.0,25.0,Goalkeeper,Spain,https://tmssl.akamaized.net//images/flagge/verysmall/157.png?lm=1520611569,https://img.a.transfermarkt.technology/portrait/medium/286415-1762266591.jpg?lm=1,1994-12-13,57,2
1547,Adrián San Miguel,400000.0,13.0,Goalkeeper,Spain,https://tmssl.akamaized.net//images/flagge/verysmall/157.png?lm=1520611569,https://img.a.transfermarkt.technology/portrait/medium/71271-1687166366.jpg?lm=1,1987-01-03,57,2
1548,Natan,25000000.0,4.0,Centre-Back,Brazil,https://tmssl.akamaized.net//images/flagge/verysmall/26.png?lm=1520611569,https://img.a.transfermarkt.technology/portrait/medium/735568-1708553167.jpg?lm=1,2001-02-06,57,2
1549,Valentín Gómez,12000000.0,16.0,Centre-Back,Argentina,https://tmssl.akamaized.net//images/flagge/verysmall/9.png?lm=1520611569,https://img.a.transfermarkt.technology/portrait/medium/985383-1758783099.jpg?lm=1,2003-06-26,57,2
1550,Diego Llorente,3000000.0,3.0,Centre-Back,Spain,https://tmssl.akamaized.net//images/flagge/verysmall/157.png?lm=1520611569,https://img.a.transfermarkt.technology/portrait/medium/246291-1675246130.jpg?lm=1,1993-08-16,57,2
1551,Marc Bartra,1000000.0,5.0,Centre-Back,Spain,https://tmssl.akamaized.net//images/flagge/verysmall/157.png?lm=1520611569,https://img.a.transfermarkt.technology/portrait/medium/99922-1724053472.jpg?lm=1,1991-01-15,57,2
1552,Junior Firpo,5000000.0,23.0,Left-Back,Dominican Republic,https://tmssl.akamaized.net//images/flagge/verysmall/43.png?lm=1520611569,https://img.a.transfermarkt.technology/portrait/medium/374139-1724939835.jpg?lm=1,1996-08-22,57,2
1553,Ricardo Rodríguez,1500000.0,12.0,Left-Back,Switzerland,https://tmssl.akamaized.net//images/flagge/verysmall/148.png?lm=1520611569,https://img.a.transfermarkt.technology/portrait/medium/86784-1718216908.jpg?lm=1,1992-08-25,57,2
1554,Ángel Ortiz,4000000.0,40.0,Right-Back,Spain,https://tmssl.akamaized.net//images/flagge/verysmall/157.png?lm=1520611569,https://img.a.transfermarkt.technology/portrait/medium/933908-1758782759.jpg?lm=1,2004-07-25,57,2
1555,Héctor Bellerín,2500000.0,2.0,Right-Back,Spain,https://tmssl.akamaized.net//images/flagge/verysmall/157.png?lm=1520611569,https://img.a.transfermarkt.technology/portrait/medium/191217-1773344002.jpg?lm=1,1995-03-19,57,2
1556,Sofyan Amrabat,12000000.0,14.0,Defensive Midfield,Morocco,https://tmssl.akamaized.net//images/flagge/verysmall/107.png?lm=1520611569,https://img.a.transfermarkt.technology/portrait/medium/287579-1764257147.jpg?lm=1,1996-08-21,57,2
1557,Marc Roca,4000000.0,21.0,Defensive Midfield,Spain,https://tmssl.akamaized.net//images/flagge/verysmall/157.png?lm=1520611569,https://img.a.transfermarkt.technology/portrait/medium/336869-1773344159.jpg?lm=1,1996-11-26,57,2
1558,Sergi Altimira,20000000.0,6.0,Central Midfield,Spain,https://tmssl.akamaized.net//images/flagge/verysmall/157.png?lm=1520611569,https://img.a.transfermarkt.technology/portrait/medium/466801-1744375696.jpg?lm=1,2001-08-25,57,2
1559,Álvaro Fidalgo,10000000.0,15.0,Central Midfield,Mexico,https://tmssl.akamaized.net//images/flagge/verysmall/110.png?lm=1520611569,https://img.a.transfermarkt.technology/portrait/medium/261503-1773343851.jpg?lm=1,1997-04-09,57,2
1560,Nelson Deossa,9000000.0,18.0,Central Midfield,Colombia,https://tmssl.akamaized.net//images/flagge/verysmall/83.png?lm=1520611569,https://img.a.transfermarkt.technology/portrait/medium/907559-1693600752.JPG?lm=1,2000-02-06,57,2
1561,Pablo Fornals,8000000.0,8.0,Central Midfield,Spain,https://tmssl.akamaized.net//images/flagge/verysmall/157.png?lm=1520611569,https://img.a.transfermarkt.technology/portrait/medium/357885-1773344365.jpg?lm=1,1996-02-22,57,2
1562,Giovani Lo Celso,10000000.0,20.0,Attacking Midfield,Argentina,https://tmssl.akamaized.net//images/flagge/verysmall/9.png?lm=1520611569,https://img.a.transfermarkt.technology/portrait/medium/348795-1726734706.jpg?lm=1,1996-04-09,57,2
1563,Isco,4000000.0,22.0,Attacking Midfield,Spain,https://tmssl.akamaized.net//images/flagge/verysmall/157.png?lm=1520611569,https://img.a.transfermarkt.technology/portrait/medium/85288-1744375744.jpg?lm=1,1992-04-21,57,2
1564,Abde Ezzalzouli,30000000.0,10.0,Left Winger,Morocco,https://tmssl.akamaized.net//images/flagge/verysmall/107.png?lm=1520611569,https://img.a.transfermarkt.technology/portrait/medium/724520-1758782814.jpg?lm=1,2001-12-17,57,2
1565,Rodrigo Riquelme,6000000.0,17.0,Left Winger,Spain,https://tmssl.akamaized.net//images/flagge/verysmall/157.png?lm=1520611569,https://img.a.transfermarkt.technology/portrait/medium/461617-1701212385.jpg?lm=1,2000-04-02,57,2
1566,Antony,40000000.0,7.0,Right Winger,Brazil,https://tmssl.akamaized.net//images/flagge/verysmall/26.png?lm=1520611569,https://img.a.transfermarkt.technology/portrait/medium/602105-1758783018.jpg?lm=1,2000-02-24,57,2
1567,Pablo García,8000000.0,52.0,Right Winger,Spain,https://tmssl.akamaized.net//images/flagge/verysmall/157.png?lm=1520611569,https://img.a.transfermarkt.technology/portrait/medium/961087-1750059859.jpg?lm=1,2006-06-13,57,2
1568,Aitor Ruibal,4000000.0,24.0,Right Winger,Spain,https://tmssl.akamaized.net//images/flagge/verysmall/157.png?lm=1520611569,https://img.a.transfermarkt.technology/portrait/medium/378139-1773344244.jpg?lm=1,1996-03-22,57,2
1569,Cucho Hernández,18000000.0,19.0,Centre-Forward,Colombia,https://tmssl.akamaized.net//images/flagge/verysmall/83.png?lm=1520611569,https://img.a.transfermarkt.technology/portrait/medium/459463-1773344529.jpg?lm=1,1999-04-20,57,2
1570,Chimy Ávila,1500000.0,9.0,Centre-Forward,Argentina,https://tmssl.akamaized.net//images/flagge/verysmall/9.png?lm=1520611569,https://img.a.transfermarkt.technology/portrait/medium/167721-1773344627.jpg?lm=1,1994-02-06,57,2
1571,Cédric Bakambu,1400000.0,11.0,Centre-Forward,DR Congo,https://tmssl.akamaized.net//images/flagge/verysmall/193.png?lm=1520611569,https://img.a.transfermarkt.technology/portrait/medium/127048-1766415258.jpg?lm=1,1991-04-11,57,2
1572,Thibaut Courtois,18000000.0,1.0,Goalkeeper,Belgium,https://tmssl.akamaized.net//images/flagge/verysmall/19.png?lm=1520611569,https://img.a.transfermarkt.technology/portrait/medium/108390-1717280733.jpg?lm=1,1992-05-11,58,2
1573,Andriy Lunin,15000000.0,13.0,Goalkeeper,Ukraine,https://tmssl.akamaized.net//images/flagge/verysmall/177.png?lm=1520611569,https://img.a.transfermarkt.technology/portrait/medium/404839-1701294131.jpg?lm=1,1999-02-11,58,2
1574,Fran González,3000000.0,26.0,Goalkeeper,Spain,https://tmssl.akamaized.net//images/flagge/verysmall/157.png?lm=1520611569,https://img.a.transfermarkt.technology/portrait/medium/1055220-1704358404.jpg?lm=1,2005-06-24,58,2
1575,Dean Huijsen,65000000.0,24.0,Centre-Back,Spain,https://tmssl.akamaized.net//images/flagge/verysmall/157.png?lm=1520611569,https://img.a.transfermarkt.technology/portrait/medium/890290-1750251451.jpg?lm=1,2005-04-14,58,2
1576,Éder Militão,25000000.0,3.0,Centre-Back,Brazil,https://tmssl.akamaized.net//images/flagge/verysmall/26.png?lm=1520611569,https://img.a.transfermarkt.technology/portrait/medium/401530-1719653438.jpg?lm=1,1998-01-18,58,2
1577,Raúl Asencio,25000000.0,17.0,Centre-Back,Spain,https://tmssl.akamaized.net//images/flagge/verysmall/157.png?lm=1520611569,https://img.a.transfermarkt.technology/portrait/medium/935245-1731168094.jpg?lm=1,2003-02-13,58,2
1578,Antonio Rüdiger,9000000.0,22.0,Centre-Back,Germany,https://tmssl.akamaized.net//images/flagge/verysmall/40.png?lm=1520612525,https://img.a.transfermarkt.technology/portrait/medium/86202-1684484602.jpg?lm=1,1993-03-03,58,2
1579,David Alaba,3500000.0,4.0,Centre-Back,Austria,https://tmssl.akamaized.net//images/flagge/verysmall/127.png?lm=1520611569,https://img.a.transfermarkt.technology/portrait/medium/59016-1684921582.jpeg?lm=1,1992-06-24,58,2
1580,Álvaro Carreras,60000000.0,18.0,Left-Back,Spain,https://tmssl.akamaized.net//images/flagge/verysmall/157.png?lm=1520611569,https://img.a.transfermarkt.technology/portrait/medium/811778-1737497415.jpg?lm=1,2003-03-23,58,2
1581,Fran García,12000000.0,20.0,Left-Back,Spain,https://tmssl.akamaized.net//images/flagge/verysmall/157.png?lm=1520611569,https://img.a.transfermarkt.technology/portrait/medium/341264-1688119965.jpg?lm=1,1999-08-14,58,2
1582,Ferland Mendy,6000000.0,23.0,Left-Back,France,https://tmssl.akamaized.net//images/flagge/verysmall/50.png?lm=1520611569,https://img.a.transfermarkt.technology/portrait/medium/291417-1701294025.jpg?lm=1,1995-06-08,58,2
1583,Trent Alexander-Arnold,65000000.0,12.0,Right-Back,England,https://tmssl.akamaized.net//images/flagge/verysmall/189.png?lm=1520611569,https://img.a.transfermarkt.technology/portrait/medium/314353-1701680958.jpg?lm=1,1998-10-07,58,2
1584,Daniel Carvajal,6000000.0,2.0,Right-Back,Spain,https://tmssl.akamaized.net//images/flagge/verysmall/157.png?lm=1520611569,https://img.a.transfermarkt.technology/portrait/medium/138927-1721026790.jpg?lm=1,1992-01-11,58,2
1585,Aurélien Tchouaméni,75000000.0,14.0,Defensive Midfield,France,https://tmssl.akamaized.net//images/flagge/verysmall/50.png?lm=1520611569,https://img.a.transfermarkt.technology/portrait/medium/413112-1668500754.jpg?lm=1,2000-01-27,58,2
1586,Federico Valverde,120000000.0,8.0,Central Midfield,Uruguay,https://tmssl.akamaized.net//images/flagge/verysmall/179.png?lm=1520611569,https://img.a.transfermarkt.technology/portrait/medium/369081-1731018042.jpg?lm=1,1998-07-22,58,2
1587,Eduardo Camavinga,50000000.0,6.0,Central Midfield,France,https://tmssl.akamaized.net//images/flagge/verysmall/50.png?lm=1520611569,https://img.a.transfermarkt.technology/portrait/medium/640428-1668500874.jpg?lm=1,2002-11-10,58,2
1588,Thiago Pitarch,20000000.0,45.0,Central Midfield,Spain,https://tmssl.akamaized.net//images/flagge/verysmall/157.png?lm=1520611569,https://img.a.transfermarkt.technology/portrait/medium/1375227-1755633821.jpg?lm=1,2007-08-03,58,2
1589,Dani Ceballos,8000000.0,19.0,Central Midfield,Spain,https://tmssl.akamaized.net//images/flagge/verysmall/157.png?lm=1520611569,https://img.a.transfermarkt.technology/portrait/medium/319745-1723666162.jpg?lm=1,1996-08-07,58,2
1590,Jorge Cestero,7500000.0,28.0,Central Midfield,Spain,https://tmssl.akamaized.net//images/flagge/verysmall/157.png?lm=1520611569,https://img.a.transfermarkt.technology/portrait/medium/1186235-1759738619.jpg?lm=1,2006-03-24,58,2
1591,Manuel Ángel,5000000.0,37.0,Central Midfield,Spain,https://tmssl.akamaized.net//images/flagge/verysmall/157.png?lm=1520611569,https://img.a.transfermarkt.technology/portrait/medium/646824-1696445512.jpg?lm=1,2004-03-15,58,2
1592,Jude Bellingham,140000000.0,5.0,Attacking Midfield,England,https://tmssl.akamaized.net//images/flagge/verysmall/189.png?lm=1520611569,https://img.a.transfermarkt.technology/portrait/medium/581678-1748102891.jpg?lm=1,2003-06-29,58,2
1593,Arda Güler,90000000.0,15.0,Attacking Midfield,Türkiye,https://tmssl.akamaized.net//images/flagge/verysmall/174.png?lm=1520611569,https://img.a.transfermarkt.technology/portrait/medium/861410-1699472585.jpg?lm=1,2005-02-25,58,2
1594,Vinicius Junior,150000000.0,7.0,Left Winger,Brazil,https://tmssl.akamaized.net//images/flagge/verysmall/26.png?lm=1520611569,https://img.a.transfermarkt.technology/portrait/medium/371998-1761575144.jpg?lm=1,2000-07-12,58,2
1595,Rodrygo,50000000.0,11.0,Right Winger,Brazil,https://tmssl.akamaized.net//images/flagge/verysmall/26.png?lm=1520611569,https://img.a.transfermarkt.technology/portrait/medium/412363-1763041611.jpg?lm=1,2001-01-09,58,2
1596,Franco Mastantuono,45000000.0,30.0,Right Winger,Argentina,https://tmssl.akamaized.net//images/flagge/verysmall/9.png?lm=1520611569,https://img.a.transfermarkt.technology/portrait/medium/1057316-1755702696.jpg?lm=1,2007-08-14,58,2
1597,Brahim Díaz,35000000.0,21.0,Right Winger,Morocco,https://tmssl.akamaized.net//images/flagge/verysmall/107.png?lm=1520611569,https://img.a.transfermarkt.technology/portrait/medium/314678-1744193327.jpg?lm=1,1999-08-03,58,2
1598,Kylian Mbappé,200000000.0,10.0,Centre-Forward,France,https://tmssl.akamaized.net//images/flagge/verysmall/50.png?lm=1520611569,https://img.a.transfermarkt.technology/portrait/medium/342229-1682683695.jpg?lm=1,1998-12-20,58,2
1599,Gonzalo García,30000000.0,16.0,Centre-Forward,Spain,https://tmssl.akamaized.net//images/flagge/verysmall/157.png?lm=1520611569,https://img.a.transfermarkt.technology/portrait/medium/935230-1765462047.jpg?lm=1,2004-03-24,58,2
1600,Aarón Escandell,3000000.0,13.0,Goalkeeper,Spain,https://tmssl.akamaized.net//images/flagge/verysmall/157.png?lm=1520611569,https://img.a.transfermarkt.technology/portrait/medium/284430-1583309348.jpg?lm=1,1995-09-27,59,2
1601,Horațiu Moldovan,2000000.0,1.0,Goalkeeper,Romania,https://tmssl.akamaized.net//images/flagge/verysmall/140.png?lm=1520611569,https://img.a.transfermarkt.technology/portrait/medium/525438-1718199207.jpg?lm=1,1998-01-20,59,2
1602,David Carmo,8000000.0,16.0,Centre-Back,Angola,https://tmssl.akamaized.net//images/flagge/verysmall/6.png?lm=1520611569,https://img.a.transfermarkt.technology/portrait/medium/498237-1717008625.jpg?lm=1,1999-07-19,59,2
1603,Eric Bailly,1500000.0,2.0,Centre-Back,Cote d'Ivoire,https://tmssl.akamaized.net//images/flagge/verysmall/38.png?lm=1520611569,https://img.a.transfermarkt.technology/portrait/medium/286384-1696075364.png?lm=1,1994-04-12,59,2
1604,David Costas,1400000.0,4.0,Centre-Back,Spain,https://tmssl.akamaized.net//images/flagge/verysmall/157.png?lm=1520611569,https://img.a.transfermarkt.technology/portrait/medium/276111-1447154112.jpg?lm=1,1995-03-26,59,2
1605,Dani Calvo,1000000.0,12.0,Centre-Back,Spain,https://tmssl.akamaized.net//images/flagge/verysmall/157.png?lm=1520611569,https://img.a.transfermarkt.technology/portrait/medium/326416-1600756477.jpg?lm=1,1994-04-01,59,2
1606,Javi López,5000000.0,25.0,Left-Back,Spain,https://tmssl.akamaized.net//images/flagge/verysmall/157.png?lm=1520611569,https://img.a.transfermarkt.technology/portrait/medium/568158-1647530894.jpg?lm=1,2002-03-25,59,2
1607,Rahim Alhassane,2000000.0,3.0,Left-Back,Niger,https://tmssl.akamaized.net//images/flagge/verysmall/123.png?lm=1520611569,https://img.a.transfermarkt.technology/portrait/medium/929899-1758832463.jpg?lm=1,2002-01-01,59,2
1608,Nacho Vidal,1600000.0,22.0,Right-Back,Spain,https://tmssl.akamaized.net//images/flagge/verysmall/157.png?lm=1520611569,https://img.a.transfermarkt.technology/portrait/medium/216870-1510233362.jpg?lm=1,1995-01-24,59,2
1609,Lucas Ahijado,700000.0,24.0,Right-Back,Spain,https://tmssl.akamaized.net//images/flagge/verysmall/157.png?lm=1520611569,https://img.a.transfermarkt.technology/portrait/medium/349884-1701786407.jpg?lm=1,1995-01-30,59,2
1610,Santiago Colombatto,3000000.0,11.0,Defensive Midfield,Argentina,https://tmssl.akamaized.net//images/flagge/verysmall/9.png?lm=1520611569,https://img.a.transfermarkt.technology/portrait/medium/395122-1698158499.jpg?lm=1,1997-01-17,59,2
1611,Leander Dendoncker,3000000.0,20.0,Defensive Midfield,Belgium,https://tmssl.akamaized.net//images/flagge/verysmall/19.png?lm=1520611569,https://img.a.transfermarkt.technology/portrait/medium/168157-1662059450.jpg?lm=1,1995-04-15,59,2
1612,Nicolás Fonseca,3000000.0,23.0,Defensive Midfield,Uruguay,https://tmssl.akamaized.net//images/flagge/verysmall/179.png?lm=1520611569,https://img.a.transfermarkt.technology/portrait/medium/462070-1721920695.png?lm=1,1998-10-19,59,2
1613,Alberto Reina,2000000.0,5.0,Central Midfield,Spain,https://tmssl.akamaized.net//images/flagge/verysmall/157.png?lm=1520611569,https://img.a.transfermarkt.technology/portrait/medium/603696-1712568514.jpg?lm=1,1997-11-19,59,2
1614,Kwasi Sibo,1500000.0,6.0,Central Midfield,Ghana,https://tmssl.akamaized.net//images/flagge/verysmall/54.png?lm=1520611569,https://img.a.transfermarkt.technology/portrait/medium/538006-1622087180.png?lm=1,1998-06-24,59,2
1615,Santi Cazorla,200000.0,8.0,Central Midfield,Spain,https://tmssl.akamaized.net//images/flagge/verysmall/157.png?lm=1520611569,https://img.a.transfermarkt.technology/portrait/medium/15799-1758548452.jpg?lm=1,1984-12-13,59,2
1616,Luka Ilic,1800000.0,21.0,Attacking Midfield,Serbia,https://tmssl.akamaized.net//images/flagge/verysmall/215.png?lm=1520611569,https://img.a.transfermarkt.technology/portrait/medium/429790-1725631828.JPG?lm=1,1999-07-02,59,2
1617,Pablo Agudín,800000.0,27.0,Attacking Midfield,Spain,https://tmssl.akamaized.net//images/flagge/verysmall/157.png?lm=1520611569,https://img.a.transfermarkt.technology/portrait/medium/default.jpg?lm=1,2007-11-08,59,2
1618,Thiago Fernández,4500000.0,15.0,Left Winger,Argentina,https://tmssl.akamaized.net//images/flagge/verysmall/9.png?lm=1520611569,https://img.a.transfermarkt.technology/portrait/medium/1127730-1720647640.jpg?lm=1,2004-04-03,59,2
1619,Ilyas Chaira,4000000.0,7.0,Left Winger,Morocco,https://tmssl.akamaized.net//images/flagge/verysmall/107.png?lm=1520611569,https://img.a.transfermarkt.technology/portrait/medium/593412-1712568424.jpg?lm=1,2001-02-02,59,2
1620,Brandon Dominguès,600000.0,,Left Winger,France,https://tmssl.akamaized.net//images/flagge/verysmall/50.png?lm=1520611569,https://img.a.transfermarkt.technology/portrait/medium/804708-1632762761.jpg?lm=1,2000-06-06,59,2
1621,Ovie Ejaria,500000.0,14.0,Left Winger,England,https://tmssl.akamaized.net//images/flagge/verysmall/189.png?lm=1520611569,https://img.a.transfermarkt.technology/portrait/medium/337284-1469781570.jpg?lm=1,1997-11-18,59,2
1622,Haissem Hassan,4000000.0,10.0,Right Winger,Egypt,https://tmssl.akamaized.net//images/flagge/verysmall/2.png?lm=1520611569,https://img.a.transfermarkt.technology/portrait/medium/620164-1765280596.jpg?lm=1,2002-02-08,59,2
1623,Federico Viñas,4000000.0,9.0,Centre-Forward,Uruguay,https://tmssl.akamaized.net//images/flagge/verysmall/179.png?lm=1520611569,https://img.a.transfermarkt.technology/portrait/medium/578419-1763542136.jpg?lm=1,1998-06-30,59,2
1624,Thiago Borbas,4000000.0,17.0,Centre-Forward,Uruguay,https://tmssl.akamaized.net//images/flagge/verysmall/179.png?lm=1520611569,https://img.a.transfermarkt.technology/portrait/medium/743951-1649428213.JPG?lm=1,2002-04-07,59,2
1625,Álex Forés,800000.0,19.0,Centre-Forward,Spain,https://tmssl.akamaized.net//images/flagge/verysmall/157.png?lm=1520611569,https://img.a.transfermarkt.technology/portrait/medium/709380-1715846218.jpg?lm=1,2001-04-12,59,2
1626,Álex Remiro,14000000.0,1.0,Goalkeeper,Spain,https://tmssl.akamaized.net//images/flagge/verysmall/157.png?lm=1520611569,https://img.a.transfermarkt.technology/portrait/medium/212862-1694594210.jpg?lm=1,1995-03-24,60,2
1627,Unai Marrero,600000.0,13.0,Goalkeeper,Spain,https://tmssl.akamaized.net//images/flagge/verysmall/157.png?lm=1520611569,https://img.a.transfermarkt.technology/portrait/medium/625657-1692370133.jpg?lm=1,2001-10-09,60,2
1628,Jon Martín,20000000.0,31.0,Centre-Back,Spain,https://tmssl.akamaized.net//images/flagge/verysmall/157.png?lm=1520611569,https://img.a.transfermarkt.technology/portrait/medium/1018938-1732794896.png?lm=1,2006-04-23,60,2
1629,Igor Zubeldia,9000000.0,5.0,Centre-Back,Spain,https://tmssl.akamaized.net//images/flagge/verysmall/157.png?lm=1520611569,https://img.a.transfermarkt.technology/portrait/medium/355628-1664974849.jpg?lm=1,1997-03-30,60,2
1630,Duje Caleta-Car,3000000.0,16.0,Centre-Back,Croatia,https://tmssl.akamaized.net//images/flagge/verysmall/37.png?lm=1520611569,https://img.a.transfermarkt.technology/portrait/medium/238266-1662069879.jpg?lm=1,1996-09-17,60,2
1631,Aritz Elustondo,1800000.0,6.0,Centre-Back,Spain,https://tmssl.akamaized.net//images/flagge/verysmall/157.png?lm=1520611569,https://img.a.transfermarkt.technology/portrait/medium/229804-1664970965.jpg?lm=1,1994-03-28,60,2
1632,Sergio Gómez,15000000.0,17.0,Left-Back,Spain,https://tmssl.akamaized.net//images/flagge/verysmall/157.png?lm=1520611569,https://img.a.transfermarkt.technology/portrait/medium/366930-1727678534.jpg?lm=1,2000-09-04,60,2
1633,Aihen Muñoz,3500000.0,3.0,Left-Back,Spain,https://tmssl.akamaized.net//images/flagge/verysmall/157.png?lm=1520611569,https://img.a.transfermarkt.technology/portrait/medium/517842-1699007158.jpg?lm=1,1997-08-16,60,2
1634,Jon Aramburu,15000000.0,2.0,Right-Back,Venezuela,https://tmssl.akamaized.net//images/flagge/verysmall/182.png?lm=1520611569,https://img.a.transfermarkt.technology/portrait/medium/661145-1719915615.jpg?lm=1,2002-07-23,60,2
1635,Álvaro Odriozola,800000.0,20.0,Right-Back,Spain,https://tmssl.akamaized.net//images/flagge/verysmall/157.png?lm=1520611569,https://img.a.transfermarkt.technology/portrait/medium/280730-1579598607.jpg?lm=1,1995-12-14,60,2
1636,Jon Gorrotxategi,25000000.0,4.0,Defensive Midfield,Spain,https://tmssl.akamaized.net//images/flagge/verysmall/157.png?lm=1520611569,https://img.a.transfermarkt.technology/portrait/medium/711374-1727113195.jpg?lm=1,2002-02-02,60,2
1637,Beñat Turrientes,10000000.0,8.0,Central Midfield,Spain,https://tmssl.akamaized.net//images/flagge/verysmall/157.png?lm=1520611569,https://img.a.transfermarkt.technology/portrait/medium/634431-1702416501.jpg?lm=1,2002-01-31,60,2
1638,Luka Sucic,10000000.0,24.0,Central Midfield,Croatia,https://tmssl.akamaized.net//images/flagge/verysmall/37.png?lm=1520611569,https://img.a.transfermarkt.technology/portrait/medium/502722-1692998699.png?lm=1,2002-09-08,60,2
1639,Yangel Herrera,9000000.0,12.0,Central Midfield,Venezuela,https://tmssl.akamaized.net//images/flagge/verysmall/182.png?lm=1520611569,https://img.a.transfermarkt.technology/portrait/medium/378293-1719230693.jpg?lm=1,1998-01-07,60,2
1640,Carlos Soler,8000000.0,18.0,Central Midfield,Spain,https://tmssl.akamaized.net//images/flagge/verysmall/157.png?lm=1520611569,https://img.a.transfermarkt.technology/portrait/medium/372246-1759159072.jpg?lm=1,1997-01-02,60,2
1641,Brais Méndez,12000000.0,23.0,Attacking Midfield,Spain,https://tmssl.akamaized.net//images/flagge/verysmall/157.png?lm=1520611569,https://img.a.transfermarkt.technology/portrait/medium/309110-1665057568.jpg?lm=1,1997-01-07,60,2
1642,Arsen Zakharyan,10000000.0,21.0,Attacking Midfield,Russia,https://tmssl.akamaized.net//images/flagge/verysmall/141.png?lm=1520611569,https://img.a.transfermarkt.technology/portrait/medium/555143-1683292149.jpg?lm=1,2003-05-26,60,2
1643,Pablo Marín,8000000.0,15.0,Attacking Midfield,Spain,https://tmssl.akamaized.net//images/flagge/verysmall/157.png?lm=1520611569,https://img.a.transfermarkt.technology/portrait/medium/907813-1683212131.jpg?lm=1,2003-07-03,60,2
1644,Ander Barrenetxea,18000000.0,7.0,Left Winger,Spain,https://tmssl.akamaized.net//images/flagge/verysmall/157.png?lm=1520611569,https://img.a.transfermarkt.technology/portrait/medium/616369-1699472801.jpg?lm=1,2001-12-27,60,2
1645,Gonçalo Guedes,6000000.0,11.0,Left Winger,Portugal,https://tmssl.akamaized.net//images/flagge/verysmall/136.png?lm=1520611569,https://img.a.transfermarkt.technology/portrait/medium/225122-1701334424.jpg?lm=1,1996-11-29,60,2
1646,Wesley,5000000.0,22.0,Left Winger,Brazil,https://tmssl.akamaized.net//images/flagge/verysmall/26.png?lm=1520611569,https://img.a.transfermarkt.technology/portrait/medium/1007378-1719453433.jpg?lm=1,2005-03-05,60,2
1647,Takefusa Kubo,30000000.0,14.0,Right Winger,Japan,https://tmssl.akamaized.net//images/flagge/verysmall/77.png?lm=1520611569,https://img.a.transfermarkt.technology/portrait/medium/405398-1697110254.jpg?lm=1,2001-06-04,60,2
1648,Mikel Oyarzabal,25000000.0,10.0,Centre-Forward,Spain,https://tmssl.akamaized.net//images/flagge/verysmall/157.png?lm=1520611569,https://img.a.transfermarkt.technology/portrait/medium/351478-1749415304.jpg?lm=1,1997-04-21,60,2
1649,Orri Óskarsson,12000000.0,9.0,Centre-Forward,Iceland,https://tmssl.akamaized.net//images/flagge/verysmall/73.png?lm=1520611569,https://img.a.transfermarkt.technology/portrait/medium/660438-1692090952.jpg?lm=1,2004-08-29,60,2
1650,Jon Karrikaburu,2000000.0,19.0,Centre-Forward,Spain,https://tmssl.akamaized.net//images/flagge/verysmall/157.png?lm=1520611569,https://img.a.transfermarkt.technology/portrait/medium/711382-1692368413.jpg?lm=1,2002-09-19,60,2
1651,Odysseas Vlachodimos,4000000.0,1.0,Goalkeeper,Greece,https://tmssl.akamaized.net//images/flagge/verysmall/56.png?lm=1520611569,https://img.a.transfermarkt.technology/portrait/medium/124419-1706829687.jpg?lm=1,1994-04-26,61,2
1652,Ørjan Nyland,900000.0,13.0,Goalkeeper,Norway,https://tmssl.akamaized.net//images/flagge/verysmall/125.png?lm=1520611569,https://img.a.transfermarkt.technology/portrait/medium/73517-1532082757.jpg?lm=1,1990-09-10,61,2
1653,Kike Salas,8000000.0,4.0,Centre-Back,Spain,https://tmssl.akamaized.net//images/flagge/verysmall/157.png?lm=1520611569,https://img.a.transfermarkt.technology/portrait/medium/766583-1736865960.jpg?lm=1,2002-04-23,61,2
1654,Marcão,2500000.0,23.0,Centre-Back,Brazil,https://tmssl.akamaized.net//images/flagge/verysmall/26.png?lm=1520611569,https://img.a.transfermarkt.technology/portrait/medium/439022-1681476532.jpg?lm=1,1996-06-05,61,2
1655,Fábio Cardoso,2000000.0,15.0,Centre-Back,Portugal,https://tmssl.akamaized.net//images/flagge/verysmall/136.png?lm=1520611569,https://img.a.transfermarkt.technology/portrait/medium/155025-1736318779.JPG?lm=1,1994-04-19,61,2
1656,Andrés Castrín,1500000.0,32.0,Centre-Back,Spain,https://tmssl.akamaized.net//images/flagge/verysmall/157.png?lm=1520611569,https://img.a.transfermarkt.technology/portrait/medium/default.jpg?lm=1,2003-05-26,61,2
1657,Tanguy Nianzou,1400000.0,5.0,Centre-Back,France,https://tmssl.akamaized.net//images/flagge/verysmall/50.png?lm=1520611569,https://img.a.transfermarkt.technology/portrait/medium/538996-1681463642.jpg?lm=1,2002-06-07,61,2
1658,César Azpilicueta,1200000.0,3.0,Centre-Back,Spain,https://tmssl.akamaized.net//images/flagge/verysmall/157.png?lm=1520611569,https://img.a.transfermarkt.technology/portrait/medium/57500-1668169250.jpg?lm=1,1989-08-28,61,2
1659,Federico Gattoni,1000000.0,22.0,Centre-Back,Argentina,https://tmssl.akamaized.net//images/flagge/verysmall/9.png?lm=1520611569,https://img.a.transfermarkt.technology/portrait/medium/660735-1721919385.png?lm=1,1999-02-16,61,2
1660,Gabriel Suazo,7000000.0,12.0,Left-Back,Chile,https://tmssl.akamaized.net//images/flagge/verysmall/33.png?lm=1520611569,https://img.a.transfermarkt.technology/portrait/medium/385105-1752224979.jpg?lm=1,1997-08-09,61,2
1661,Oso,5000000.0,36.0,Left-Back,Spain,https://tmssl.akamaized.net//images/flagge/verysmall/157.png?lm=1520611569,https://img.a.transfermarkt.technology/portrait/medium/1032280-1774905283.jpg?lm=1,2003-07-09,61,2
1662,Juanlu Sánchez,15000000.0,16.0,Right-Back,Spain,https://tmssl.akamaized.net//images/flagge/verysmall/157.png?lm=1520611569,https://img.a.transfermarkt.technology/portrait/medium/676042-1695240552.jpg?lm=1,2003-08-15,61,2
1663,José Ángel Carmona,12000000.0,2.0,Right-Back,Spain,https://tmssl.akamaized.net//images/flagge/verysmall/157.png?lm=1520611569,https://img.a.transfermarkt.technology/portrait/medium/711625-1696862897.jpg?lm=1,2002-01-29,61,2
1664,Lucien Agoumé,12000000.0,18.0,Defensive Midfield,France,https://tmssl.akamaized.net//images/flagge/verysmall/50.png?lm=1520611569,https://img.a.transfermarkt.technology/portrait/medium/569384-1656577561.jpg?lm=1,2002-02-09,61,2
1665,Batista Mendy,10000000.0,19.0,Defensive Midfield,France,https://tmssl.akamaized.net//images/flagge/verysmall/50.png?lm=1520611569,https://img.a.transfermarkt.technology/portrait/medium/395234-1756290427.png?lm=1,2000-01-12,61,2
1666,Nemanja Gudelj,2500000.0,6.0,Defensive Midfield,Serbia,https://tmssl.akamaized.net//images/flagge/verysmall/215.png?lm=1520611569,https://img.a.transfermarkt.technology/portrait/medium/74294-1718893660.jpg?lm=1,1991-11-16,61,2
1667,Djibril Sow,7500000.0,20.0,Central Midfield,Switzerland,https://tmssl.akamaized.net//images/flagge/verysmall/148.png?lm=1520611569,https://img.a.transfermarkt.technology/portrait/medium/212723-1663065652.jpg?lm=1,1997-02-06,61,2
1668,Joan Jordán,2000000.0,8.0,Central Midfield,Spain,https://tmssl.akamaized.net//images/flagge/verysmall/157.png?lm=1520611569,https://img.a.transfermarkt.technology/portrait/medium/263727-1620305031.jpg?lm=1,1994-07-06,61,2
1669,Manu Bueno,1500000.0,28.0,Central Midfield,Spain,https://tmssl.akamaized.net//images/flagge/verysmall/157.png?lm=1520611569,https://img.a.transfermarkt.technology/portrait/medium/766723-1702412015.jpg?lm=1,2004-07-27,61,2
1670,Rubén Vargas,12000000.0,11.0,Left Winger,Switzerland,https://tmssl.akamaized.net//images/flagge/verysmall/148.png?lm=1520611569,https://img.a.transfermarkt.technology/portrait/medium/345886-1722850174.jpg?lm=1,1998-08-05,61,2
1671,Chidera Ejuke,4000000.0,21.0,Left Winger,Nigeria,https://tmssl.akamaized.net//images/flagge/verysmall/124.png?lm=1520611569,https://img.a.transfermarkt.technology/portrait/medium/500067-1706264992.jpg?lm=1,1998-01-02,61,2
1672,Adnan Januzaj,1200000.0,24.0,Right Winger,Belgium,https://tmssl.akamaized.net//images/flagge/verysmall/19.png?lm=1520611569,https://img.a.transfermarkt.technology/portrait/medium/177847-1685115304.png?lm=1,1995-02-05,61,2
1673,Miguel Sierra,300000.0,29.0,Right Winger,Spain,https://tmssl.akamaized.net//images/flagge/verysmall/157.png?lm=1520611569,https://img.a.transfermarkt.technology/portrait/medium/1064105-1700522312.png?lm=1,2004-07-14,61,2
1674,Peque Fernández,3500000.0,14.0,Second Striker,Spain,https://tmssl.akamaized.net//images/flagge/verysmall/157.png?lm=1520611569,https://img.a.transfermarkt.technology/portrait/medium/639733-1615192753.jpg?lm=1,2002-10-04,61,2
1675,Alexis Sánchez,1400000.0,10.0,Second Striker,Chile,https://tmssl.akamaized.net//images/flagge/verysmall/33.png?lm=1520611569,https://img.a.transfermarkt.technology/portrait/medium/40433-1759840737.jpg?lm=1,1988-12-19,61,2
1676,Akor Adams,12000000.0,9.0,Centre-Forward,Nigeria,https://tmssl.akamaized.net//images/flagge/verysmall/124.png?lm=1520611569,https://img.a.transfermarkt.technology/portrait/medium/607034-1767008026.jpg?lm=1,2000-01-29,61,2
1677,Isaac Romero,5000000.0,7.0,Centre-Forward,Spain,https://tmssl.akamaized.net//images/flagge/verysmall/157.png?lm=1520611569,https://img.a.transfermarkt.technology/portrait/medium/687609-1762342231.jpg?lm=1,2000-05-18,61,2
1678,Neal Maupay,4000000.0,17.0,Centre-Forward,France,https://tmssl.akamaized.net//images/flagge/verysmall/50.png?lm=1520611569,https://img.a.transfermarkt.technology/portrait/medium/217115-1700737951.jpg?lm=1,1996-08-14,61,2
1679,Julen Agirrezabala,15000000.0,25.0,Goalkeeper,Spain,https://tmssl.akamaized.net//images/flagge/verysmall/157.png?lm=1520611569,https://img.a.transfermarkt.technology/portrait/medium/625014-1709674945.png?lm=1,2000-12-26,62,2
1680,Stole Dimitrievski,2000000.0,1.0,Goalkeeper,North Macedonia,https://tmssl.akamaized.net//images/flagge/verysmall/100.png?lm=1520611569,https://img.a.transfermarkt.technology/portrait/medium/165467-1541150592.jpg?lm=1,1993-12-25,62,2
1681,Cristian Rivero,100000.0,13.0,Goalkeeper,Spain,https://tmssl.akamaized.net//images/flagge/verysmall/157.png?lm=1520611569,https://img.a.transfermarkt.technology/portrait/medium/398131-1745337358.jpg?lm=1,1998-03-21,62,2
1682,César Tárrega,12000000.0,5.0,Centre-Back,Spain,https://tmssl.akamaized.net//images/flagge/verysmall/157.png?lm=1520611569,https://img.a.transfermarkt.technology/portrait/medium/707274-1698963222.jpg?lm=1,2002-02-26,62,2
1683,José Copete,5000000.0,3.0,Centre-Back,Spain,https://tmssl.akamaized.net//images/flagge/verysmall/157.png?lm=1520611569,https://img.a.transfermarkt.technology/portrait/medium/520840-1674915512.JPG?lm=1,1999-10-10,62,2
1684,Unai Núñez,3500000.0,4.0,Centre-Back,Spain,https://tmssl.akamaized.net//images/flagge/verysmall/157.png?lm=1520611569,https://img.a.transfermarkt.technology/portrait/medium/338285-1753679771.jpg?lm=1,1997-01-30,62,2
1685,Eray Cömert,2500000.0,24.0,Centre-Back,Switzerland,https://tmssl.akamaized.net//images/flagge/verysmall/148.png?lm=1520611569,https://img.a.transfermarkt.technology/portrait/medium/298583-1704213027.jpg?lm=1,1998-02-04,62,2
1686,Mouctar Diakhaby,2000000.0,,Centre-Back,Guinea,https://tmssl.akamaized.net//images/flagge/verysmall/59.png?lm=1520611569,https://img.a.transfermarkt.technology/portrait/medium/346289-1709636432.jpg?lm=1,1996-12-19,62,2
1687,José Gayà,5000000.0,14.0,Left-Back,Spain,https://tmssl.akamaized.net//images/flagge/verysmall/157.png?lm=1520611569,https://img.a.transfermarkt.technology/portrait/medium/221322-1605193468.jpg?lm=1,1995-05-25,62,2
1688,Jesús Vázquez,4000000.0,21.0,Left-Back,Spain,https://tmssl.akamaized.net//images/flagge/verysmall/157.png?lm=1520611569,https://img.a.transfermarkt.technology/portrait/medium/623024-1644238446.jpg?lm=1,2003-01-02,62,2
1689,Thierry Correia,3000000.0,12.0,Right-Back,Portugal,https://tmssl.akamaized.net//images/flagge/verysmall/136.png?lm=1520611569,https://img.a.transfermarkt.technology/portrait/medium/367466-1548510976.jpg?lm=1,1999-03-09,62,2
1690,Renzo Saravia,1500000.0,20.0,Right-Back,Argentina,https://tmssl.akamaized.net//images/flagge/verysmall/9.png?lm=1520611569,https://img.a.transfermarkt.technology/portrait/medium/268642-1744822164.JPG?lm=1,1993-06-16,62,2
1691,Dimitri Foulquier,1000000.0,,Right-Back,Guadeloupe,https://tmssl.akamaized.net//images/flagge/verysmall/251.png?lm=1520611569,https://img.a.transfermarkt.technology/portrait/medium/170472-1447230887.jpg?lm=1,1993-03-23,62,2
1692,Pepelu,9000000.0,18.0,Defensive Midfield,Spain,https://tmssl.akamaized.net//images/flagge/verysmall/157.png?lm=1520611569,https://img.a.transfermarkt.technology/portrait/medium/328480-1713971066.jpg?lm=1,1998-08-11,62,2
1693,Guido Rodríguez,5000000.0,2.0,Defensive Midfield,Argentina,https://tmssl.akamaized.net//images/flagge/verysmall/9.png?lm=1520611569,https://img.a.transfermarkt.technology/portrait/medium/342385-1668181269.jpg?lm=1,1994-04-12,62,2
1694,Baptiste Santamaria,3000000.0,22.0,Defensive Midfield,France,https://tmssl.akamaized.net//images/flagge/verysmall/50.png?lm=1520611569,https://img.a.transfermarkt.technology/portrait/medium/285323-1739972064.jpg?lm=1,1995-03-09,62,2
1695,Javi Guerra,25000000.0,8.0,Central Midfield,Spain,https://tmssl.akamaized.net//images/flagge/verysmall/157.png?lm=1520611569,https://img.a.transfermarkt.technology/portrait/medium/834764-1696188716.jpg?lm=1,2003-05-13,62,2
1696,Filip Ugrinic,6000000.0,23.0,Central Midfield,Switzerland,https://tmssl.akamaized.net//images/flagge/verysmall/148.png?lm=1520611569,https://img.a.transfermarkt.technology/portrait/medium/394236-1700817304.png?lm=1,1999-01-05,62,2
1697,André Almeida,7500000.0,10.0,Attacking Midfield,Portugal,https://tmssl.akamaized.net//images/flagge/verysmall/136.png?lm=1520611569,https://img.a.transfermarkt.technology/portrait/medium/375382-1547563680.png?lm=1,2000-05-30,62,2
1698,Largie Ramazani,8000000.0,17.0,Left Winger,Belgium,https://tmssl.akamaized.net//images/flagge/verysmall/19.png?lm=1520611569,https://img.a.transfermarkt.technology/portrait/medium/518644-1692367509.jpg?lm=1,2001-02-27,62,2
1699,Arnaut Danjuma,4000000.0,7.0,Left Winger,Netherlands,https://tmssl.akamaized.net//images/flagge/verysmall/122.png?lm=1520611569,https://img.a.transfermarkt.technology/portrait/medium/355861-1674657323.jpg?lm=1,1997-01-31,62,2
1700,Diego López,12000000.0,16.0,Right Winger,Spain,https://tmssl.akamaized.net//images/flagge/verysmall/157.png?lm=1520611569,https://img.a.transfermarkt.technology/portrait/medium/617081-1683211924.jpg?lm=1,2002-05-13,62,2
1701,Luis Rioja,2000000.0,11.0,Right Winger,Spain,https://tmssl.akamaized.net//images/flagge/verysmall/157.png?lm=1520611569,https://img.a.transfermarkt.technology/portrait/medium/278837-1647530464.jpg?lm=1,1993-10-16,62,2
1702,Dani Raba,1500000.0,19.0,Second Striker,Spain,https://tmssl.akamaized.net//images/flagge/verysmall/157.png?lm=1520611569,https://img.a.transfermarkt.technology/portrait/medium/413262-1743493611.jpg?lm=1,1995-10-29,62,2
1703,Hugo Duro,12000000.0,9.0,Centre-Forward,Spain,https://tmssl.akamaized.net//images/flagge/verysmall/157.png?lm=1520611569,https://img.a.transfermarkt.technology/portrait/medium/573775-1683213249.jpg?lm=1,1999-11-10,62,2
1704,Lucas Beltrán,8000000.0,15.0,Centre-Forward,Argentina,https://tmssl.akamaized.net//images/flagge/verysmall/9.png?lm=1520611569,https://img.a.transfermarkt.technology/portrait/medium/628366-1692881138.jpg?lm=1,2001-03-29,62,2
1705,Umar Sadiq,4000000.0,6.0,Centre-Forward,Nigeria,https://tmssl.akamaized.net//images/flagge/verysmall/124.png?lm=1520611569,https://img.a.transfermarkt.technology/portrait/medium/337715-1728040426.jpg?lm=1,1997-02-02,62,2
1706,Luiz Júnior,12000000.0,1.0,Goalkeeper,Brazil,https://tmssl.akamaized.net//images/flagge/verysmall/26.png?lm=1520611569,https://img.a.transfermarkt.technology/portrait/medium/712107-1758058969.jpg?lm=1,2001-01-14,63,2
1707,Diego Conde,4000000.0,13.0,Goalkeeper,Spain,https://tmssl.akamaized.net//images/flagge/verysmall/157.png?lm=1520611569,https://img.a.transfermarkt.technology/portrait/medium/341713-1669364743.jpg?lm=1,1998-10-28,63,2
1708,Arnau Tenas,4000000.0,25.0,Goalkeeper,Spain,https://tmssl.akamaized.net//images/flagge/verysmall/157.png?lm=1520611569,https://img.a.transfermarkt.technology/portrait/medium/466783-1701444229.jpg?lm=1,2001-05-30,63,2
1709,Renato Veiga,25000000.0,12.0,Centre-Back,Portugal,https://tmssl.akamaized.net//images/flagge/verysmall/136.png?lm=1520611569,https://img.a.transfermarkt.technology/portrait/medium/805714-1749414999.jpg?lm=1,2003-07-29,63,2
1710,Logan Costa,18000000.0,2.0,Centre-Back,Cape Verde,https://tmssl.akamaized.net//images/flagge/verysmall/32.png?lm=1520611569,https://img.a.transfermarkt.technology/portrait/medium/484988-1708555203.jpg?lm=1,2001-04-01,63,2
1711,Rafa Marín,12000000.0,4.0,Centre-Back,Spain,https://tmssl.akamaized.net//images/flagge/verysmall/157.png?lm=1520611569,https://img.a.transfermarkt.technology/portrait/medium/662261-1725529332.jpg?lm=1,2002-05-19,63,2
1712,Pau Navarro,10000000.0,6.0,Centre-Back,Spain,https://tmssl.akamaized.net//images/flagge/verysmall/157.png?lm=1520611569,https://img.a.transfermarkt.technology/portrait/medium/1061336-1734596703.jpg?lm=1,2005-04-25,63,2
1713,Juan Foyth,10000000.0,8.0,Centre-Back,Argentina,https://tmssl.akamaized.net//images/flagge/verysmall/9.png?lm=1520611569,https://img.a.transfermarkt.technology/portrait/medium/480763-1662668281.jpg?lm=1,1998-01-12,63,2
1714,Willy Kambwala,4000000.0,5.0,Centre-Back,France,https://tmssl.akamaized.net//images/flagge/verysmall/50.png?lm=1520611569,https://img.a.transfermarkt.technology/portrait/medium/780630-1743688107.jpg?lm=1,2004-08-25,63,2
1715,Sergi Cardona,9000000.0,23.0,Left-Back,Spain,https://tmssl.akamaized.net//images/flagge/verysmall/157.png?lm=1520611569,https://img.a.transfermarkt.technology/portrait/medium/678406-1697540707.jpg?lm=1,1999-07-08,63,2
1716,Alfonso Pedraza,2500000.0,24.0,Left-Back,Spain,https://tmssl.akamaized.net//images/flagge/verysmall/157.png?lm=1520611569,https://img.a.transfermarkt.technology/portrait/medium/356197-1620304916.jpg?lm=1,1996-04-09,63,2
1717,Santiago Mouriño,10000000.0,15.0,Right-Back,Uruguay,https://tmssl.akamaized.net//images/flagge/verysmall/179.png?lm=1520611569,https://img.a.transfermarkt.technology/portrait/medium/953901-1691396102.jpg?lm=1,2002-02-13,63,2
1718,Alex Freeman,3500000.0,3.0,Right-Back,United States,https://tmssl.akamaized.net//images/flagge/verysmall/184.png?lm=1520611569,https://img.a.transfermarkt.technology/portrait/medium/985806-1740780278.jpg?lm=1,2004-08-09,63,2
1719,Thomas Partey,2500000.0,16.0,Defensive Midfield,Ghana,https://tmssl.akamaized.net//images/flagge/verysmall/54.png?lm=1520611569,https://img.a.transfermarkt.technology/portrait/medium/230784-1668430877.jpg?lm=1,1993-06-13,63,2
1720,Pape Gueye,40000000.0,18.0,Central Midfield,Senegal,https://tmssl.akamaized.net//images/flagge/verysmall/149.png?lm=1520611569,https://img.a.transfermarkt.technology/portrait/medium/485963-1768814767.jpg?lm=1,1999-01-24,63,2
1721,Santi Comesaña,8000000.0,14.0,Central Midfield,Spain,https://tmssl.akamaized.net//images/flagge/verysmall/157.png?lm=1520611569,https://img.a.transfermarkt.technology/portrait/medium/380598-1726231263.jpg?lm=1,1996-10-05,63,2
1722,Carlos Macià,3000000.0,37.0,Central Midfield,Spain,https://tmssl.akamaized.net//images/flagge/verysmall/157.png?lm=1520611569,https://img.a.transfermarkt.technology/portrait/medium/1453066-1768693924.png?lm=1,2008-09-01,63,2
1723,Dani Parejo,1200000.0,10.0,Central Midfield,Spain,https://tmssl.akamaized.net//images/flagge/verysmall/157.png?lm=1520611569,https://img.a.transfermarkt.technology/portrait/medium/59561-1688725780.jpg?lm=1,1989-04-16,63,2
1724,Alberto Moleiro,40000000.0,20.0,Left Winger,Spain,https://tmssl.akamaized.net//images/flagge/verysmall/157.png?lm=1520611569,https://img.a.transfermarkt.technology/portrait/medium/733576-1737365948.jpg?lm=1,2003-09-30,63,2
1725,Alfon González,3000000.0,11.0,Left Winger,Spain,https://tmssl.akamaized.net//images/flagge/verysmall/157.png?lm=1520611569,https://img.a.transfermarkt.technology/portrait/medium/357628-1734950388.jpg?lm=1,1999-05-04,63,2
1726,Hugo López,1000000.0,32.0,Left Winger,Spain,https://tmssl.akamaized.net//images/flagge/verysmall/157.png?lm=1520611569,https://img.a.transfermarkt.technology/portrait/medium/default.jpg?lm=1,2007-03-04,63,2
1727,Tajon Buchanan,12000000.0,17.0,Right Winger,Canada,https://tmssl.akamaized.net//images/flagge/verysmall/80.png?lm=1520611569,https://img.a.transfermarkt.technology/portrait/medium/638793-1758059596.jpg?lm=1,1999-02-08,63,2
1728,Nicolas Pépé,6000000.0,19.0,Right Winger,Cote d'Ivoire,https://tmssl.akamaized.net//images/flagge/verysmall/38.png?lm=1520611569,https://img.a.transfermarkt.technology/portrait/medium/343052-1758059244.jpg?lm=1,1995-05-29,63,2
1729,Georges Mikautadze,28000000.0,9.0,Centre-Forward,Georgia,https://tmssl.akamaized.net//images/flagge/verysmall/53.png?lm=1520611569,https://img.a.transfermarkt.technology/portrait/medium/729814-1719222514.jpg?lm=1,2000-10-31,63,2
1730,Tani Oluwaseyi,8000000.0,21.0,Centre-Forward,Canada,https://tmssl.akamaized.net//images/flagge/verysmall/80.png?lm=1520611569,https://img.a.transfermarkt.technology/portrait/medium/972465-1758059359.jpg?lm=1,2000-05-15,63,2
1731,Ayoze Pérez,6000000.0,22.0,Centre-Forward,Spain,https://tmssl.akamaized.net//images/flagge/verysmall/157.png?lm=1520611569,https://img.a.transfermarkt.technology/portrait/medium/246968-1716803546.jpg?lm=1,1993-07-29,63,2
1732,Gerard Moreno,2800000.0,7.0,Centre-Forward,Spain,https://tmssl.akamaized.net//images/flagge/verysmall/157.png?lm=1520611569,https://img.a.transfermarkt.technology/portrait/medium/177467-1726231623.jpg?lm=1,1992-04-07,63,2
1733,Pau Cabanes,800000.0,33.0,Centre-Forward,Spain,https://tmssl.akamaized.net//images/flagge/verysmall/157.png?lm=1520611569,https://img.a.transfermarkt.technology/portrait/medium/1063553-1758059295.jpg?lm=1,2005-02-17,63,2
1734,Diant Ramaj,7000000.0,41.0,Goalkeeper,Germany,https://tmssl.akamaized.net//images/flagge/verysmall/40.png?lm=1520612525,https://img.a.transfermarkt.technology/portrait/medium/448705-1755088320.jpg?lm=1,2001-09-19,64,3
1735,Frank Feller,500000.0,40.0,Goalkeeper,Germany,https://tmssl.akamaized.net//images/flagge/verysmall/40.png?lm=1520612525,https://img.a.transfermarkt.technology/portrait/medium/806948-1690186659.jpg?lm=1,2004-01-07,64,3
1736,Paul Tschernuth,100000.0,34.0,Goalkeeper,Austria,https://tmssl.akamaized.net//images/flagge/verysmall/127.png?lm=1520611569,https://img.a.transfermarkt.technology/portrait/medium/519035-1657874664.jpg?lm=1,2002-01-20,64,3
1737,Tim Siersleben,2500000.0,4.0,Centre-Back,Germany,https://tmssl.akamaized.net//images/flagge/verysmall/40.png?lm=1520612525,https://img.a.transfermarkt.technology/portrait/medium/337092-1755087413.jpg?lm=1,2000-03-09,64,3
1738,Patrick Mainka,2500000.0,6.0,Centre-Back,Germany,https://tmssl.akamaized.net//images/flagge/verysmall/40.png?lm=1520612525,https://img.a.transfermarkt.technology/portrait/medium/133731-1755087959.jpg?lm=1,1994-11-06,64,3
1739,Benedikt Gimber,2000000.0,5.0,Centre-Back,Germany,https://tmssl.akamaized.net//images/flagge/verysmall/40.png?lm=1520612525,https://img.a.transfermarkt.technology/portrait/medium/227084-1755087520.jpg?lm=1,1997-02-19,64,3
1740,Adam Kölle,1000000.0,28.0,Centre-Back,Germany,https://tmssl.akamaized.net//images/flagge/verysmall/40.png?lm=1520612525,https://img.a.transfermarkt.technology/portrait/medium/921431-1755088906.jpg?lm=1,2006-04-28,64,3
1741,Hennes Behrens,2000000.0,26.0,Left-Back,Germany,https://tmssl.akamaized.net//images/flagge/verysmall/40.png?lm=1520612525,https://img.a.transfermarkt.technology/portrait/medium/829838-1755089974.jpg?lm=1,2005-01-19,64,3
1742,Jonas Föhrenbach,1200000.0,19.0,Left-Back,Germany,https://tmssl.akamaized.net//images/flagge/verysmall/40.png?lm=1520612525,https://img.a.transfermarkt.technology/portrait/medium/192169-1755087596.jpg?lm=1,1996-01-26,64,3
1743,Leart Paçarada,1000000.0,32.0,Left-Back,Kosovo,https://tmssl.akamaized.net//images/flagge/verysmall/244.png?lm=1520611569,https://img.a.transfermarkt.technology/portrait/medium/107219-1691252013.jpg?lm=1,1994-10-08,64,3
1744,Leonidas Stergiou,3000000.0,25.0,Right-Back,Switzerland,https://tmssl.akamaized.net//images/flagge/verysmall/148.png?lm=1520611569,https://img.a.transfermarkt.technology/portrait/medium/507345-1723707260.jpg?lm=1,2002-03-03,64,3
1745,Omar Traoré,2500000.0,23.0,Right-Back,Germany,https://tmssl.akamaized.net//images/flagge/verysmall/40.png?lm=1520612525,https://img.a.transfermarkt.technology/portrait/medium/388294-1690186175.jpg?lm=1,1998-02-04,64,3
1746,Marnon Busch,1200000.0,2.0,Right-Back,Germany,https://tmssl.akamaized.net//images/flagge/verysmall/40.png?lm=1520612525,https://img.a.transfermarkt.technology/portrait/medium/117478-1755087683.jpg?lm=1,1994-12-08,64,3
1747,Niklas Dorsch,3000000.0,30.0,Defensive Midfield,Germany,https://tmssl.akamaized.net//images/flagge/verysmall/40.png?lm=1520612525,https://img.a.transfermarkt.technology/portrait/medium/251302-1755087869.jpg?lm=1,1998-01-15,64,3
1748,Julian Niehues,1500000.0,16.0,Defensive Midfield,Germany,https://tmssl.akamaized.net//images/flagge/verysmall/40.png?lm=1520612525,https://img.a.transfermarkt.technology/portrait/medium/530173-1721852705.jpg?lm=1,2001-04-17,64,3
1749,Jan Schöppner,3500000.0,3.0,Central Midfield,Germany,https://tmssl.akamaized.net//images/flagge/verysmall/40.png?lm=1520612525,https://img.a.transfermarkt.technology/portrait/medium/581357-1721852254.jpg?lm=1,1999-06-12,64,3
1750,Luca Kerber,2000000.0,20.0,Central Midfield,Germany,https://tmssl.akamaized.net//images/flagge/verysmall/40.png?lm=1520612525,https://img.a.transfermarkt.technology/portrait/medium/809498-1721852758.jpg?lm=1,2002-03-10,64,3
1751,Nick Rothweiler,250000.0,33.0,Central Midfield,Germany,https://tmssl.akamaized.net//images/flagge/verysmall/40.png?lm=1520612525,https://img.a.transfermarkt.technology/portrait/medium/1052350-1755089302.jpg?lm=1,2006-06-16,64,3
1752,Arijon Ibrahimovic,6000000.0,22.0,Attacking Midfield,Germany,https://tmssl.akamaized.net//images/flagge/verysmall/40.png?lm=1520612525,https://img.a.transfermarkt.technology/portrait/medium/744728-1755088466.jpg?lm=1,2005-12-11,64,3
1753,Adrian Beck,2000000.0,21.0,Attacking Midfield,Germany,https://tmssl.akamaized.net//images/flagge/verysmall/40.png?lm=1520612525,https://img.a.transfermarkt.technology/portrait/medium/273669-1721852328.jpg?lm=1,1997-06-09,64,3
1754,Mathias Honsak,2000000.0,17.0,Left Winger,Austria,https://tmssl.akamaized.net//images/flagge/verysmall/127.png?lm=1520611569,https://img.a.transfermarkt.technology/portrait/medium/283497-1721852632.jpg?lm=1,1996-12-20,64,3
1755,Yannik Wagner,800000.0,38.0,Left Winger,Germany,https://tmssl.akamaized.net//images/flagge/verysmall/40.png?lm=1520612525,https://img.a.transfermarkt.technology/portrait/medium/1153628-1755088844.jpg?lm=1,2007-05-09,64,3
1756,Eren Dinkçi,6000000.0,8.0,Right Winger,Türkiye,https://tmssl.akamaized.net//images/flagge/verysmall/174.png?lm=1520611569,https://img.a.transfermarkt.technology/portrait/medium/645774-1753984116.jpg?lm=1,2001-12-13,64,3
1757,Christian Conteh,1500000.0,10.0,Right Winger,Germany,https://tmssl.akamaized.net//images/flagge/verysmall/40.png?lm=1520612525,https://img.a.transfermarkt.technology/portrait/medium/530298-1722892107.jpg?lm=1,1999-08-27,64,3
1758,Sirlord Conteh,1500000.0,31.0,Right Winger,Germany,https://tmssl.akamaized.net//images/flagge/verysmall/40.png?lm=1520612525,https://img.a.transfermarkt.technology/portrait/medium/307183-1721852922.jpg?lm=1,1996-07-09,64,3
1759,Marvin Pieringer,4000000.0,18.0,Centre-Forward,Germany,https://tmssl.akamaized.net//images/flagge/verysmall/40.png?lm=1520612525,https://img.a.transfermarkt.technology/portrait/medium/471055-1755088557.jpg?lm=1,1999-10-04,64,3
1760,Mikkel Kaufmann,1800000.0,29.0,Centre-Forward,Denmark,https://tmssl.akamaized.net//images/flagge/verysmall/39.png?lm=1520611569,https://img.a.transfermarkt.technology/portrait/medium/545332-1755087336.jpg?lm=1,2001-01-03,64,3
1761,Budu Zivzivadze,1200000.0,11.0,Centre-Forward,Georgia,https://tmssl.akamaized.net//images/flagge/verysmall/53.png?lm=1520611569,https://img.a.transfermarkt.technology/portrait/medium/187097-1755088727.jpg?lm=1,1994-03-10,64,3
1762,Stefan Schimmer,500000.0,9.0,Centre-Forward,Germany,https://tmssl.akamaized.net//images/flagge/verysmall/40.png?lm=1520612525,https://img.a.transfermarkt.technology/portrait/medium/394033-1721852150.jpg?lm=1,1994-04-28,64,3
1763,Marvin Schwäbe,3000000.0,1.0,Goalkeeper,Germany,https://tmssl.akamaized.net//images/flagge/verysmall/40.png?lm=1520612525,https://img.a.transfermarkt.technology/portrait/medium/160929-1721140634.jpg?lm=1,1995-04-25,65,3
1764,Ron-Robert Zieler,500000.0,20.0,Goalkeeper,Germany,https://tmssl.akamaized.net//images/flagge/verysmall/40.png?lm=1520612525,https://img.a.transfermarkt.technology/portrait/medium/21327-1752743213.jpg?lm=1,1989-02-12,65,3
1765,Matthias Köbbing,100000.0,44.0,Goalkeeper,Germany,https://tmssl.akamaized.net//images/flagge/verysmall/40.png?lm=1520612525,https://img.a.transfermarkt.technology/portrait/medium/227089-1752743707.jpg?lm=1,1997-05-28,65,3
1766,Rav van den Berg,8000000.0,33.0,Centre-Back,Netherlands,https://tmssl.akamaized.net//images/flagge/verysmall/122.png?lm=1520611569,https://img.a.transfermarkt.technology/portrait/medium/640556-1752483569.jpg?lm=1,2004-07-07,65,3
1767,Jahmai Simpson-Pusey,6000000.0,22.0,Centre-Back,England,https://tmssl.akamaized.net//images/flagge/verysmall/189.png?lm=1520611569,https://img.a.transfermarkt.technology/portrait/medium/942497-1699384753.jpg?lm=1,2005-11-04,65,3
1768,Joël Schmied,3500000.0,2.0,Centre-Back,Switzerland,https://tmssl.akamaized.net//images/flagge/verysmall/148.png?lm=1520611569,https://img.a.transfermarkt.technology/portrait/medium/322517-1752737253.jpg?lm=1,1998-09-23,65,3
1769,Cenk Özkacar,3000000.0,39.0,Centre-Back,Türkiye,https://tmssl.akamaized.net//images/flagge/verysmall/174.png?lm=1520611569,https://img.a.transfermarkt.technology/portrait/medium/615350-1641457298.jpg?lm=1,2000-10-06,65,3
1770,Timo Hübers,2500000.0,4.0,Centre-Back,Germany,https://tmssl.akamaized.net//images/flagge/verysmall/40.png?lm=1520612525,https://img.a.transfermarkt.technology/portrait/medium/236981-1721140491.jpg?lm=1,1996-07-20,65,3
1771,Dominique Heintz,700000.0,3.0,Centre-Back,Germany,https://tmssl.akamaized.net//images/flagge/verysmall/40.png?lm=1520612525,https://img.a.transfermarkt.technology/portrait/medium/110036-1721140583.jpg?lm=1,1993-08-15,65,3
1772,Luca Kilian,100000.0,15.0,Centre-Back,Germany,https://tmssl.akamaized.net//images/flagge/verysmall/40.png?lm=1520612525,https://img.a.transfermarkt.technology/portrait/medium/384553-1691252067.jpg?lm=1,1999-09-01,65,3
1773,Kristoffer Lund,4000000.0,32.0,Left-Back,United States,https://tmssl.akamaized.net//images/flagge/verysmall/184.png?lm=1520611569,https://img.a.transfermarkt.technology/portrait/medium/623773-1671206846.jpg?lm=1,2002-05-14,65,3
1774,Sebastian Sebulonsen,5500000.0,28.0,Right-Back,Norway,https://tmssl.akamaized.net//images/flagge/verysmall/125.png?lm=1520611569,https://img.a.transfermarkt.technology/portrait/medium/592387-1752841294.jpg?lm=1,2000-01-27,65,3
1775,Eric Martel,8000000.0,6.0,Defensive Midfield,Germany,https://tmssl.akamaized.net//images/flagge/verysmall/40.png?lm=1520612525,https://img.a.transfermarkt.technology/portrait/medium/597000-1657110079.jpg?lm=1,2002-04-29,65,3
1776,Tom Krauß,4500000.0,5.0,Defensive Midfield,Germany,https://tmssl.akamaized.net//images/flagge/verysmall/40.png?lm=1520612525,https://img.a.transfermarkt.technology/portrait/medium/405687-1752739063.jpg?lm=1,2001-06-22,65,3
1777,Fayssal Harchaoui,200000.0,34.0,Defensive Midfield,Germany,https://tmssl.akamaized.net//images/flagge/verysmall/40.png?lm=1520612525,https://img.a.transfermarkt.technology/portrait/medium/890532-1752743471.jpg?lm=1,2006-01-15,65,3
1778,Ísak Jóhannesson,8000000.0,18.0,Central Midfield,Iceland,https://tmssl.akamaized.net//images/flagge/verysmall/73.png?lm=1520611569,https://img.a.transfermarkt.technology/portrait/medium/579565-1722890599.jpg?lm=1,2003-03-23,65,3
1779,Denis Huseinbasic,3000000.0,8.0,Central Midfield,Bosnia-Herzegovina,https://tmssl.akamaized.net//images/flagge/verysmall/24.png?lm=1569523290,https://img.a.transfermarkt.technology/portrait/medium/678479-1721140225.jpg?lm=1,2001-07-03,65,3
1780,Felipe Chávez,2000000.0,27.0,Central Midfield,Peru,https://tmssl.akamaized.net//images/flagge/verysmall/133.png?lm=1520611569,https://img.a.transfermarkt.technology/portrait/medium/1009441-1758891246.jpg?lm=1,2007-04-10,65,3
1781,Alessio Castro-Montes,3000000.0,17.0,Right Midfield,Belgium,https://tmssl.akamaized.net//images/flagge/verysmall/19.png?lm=1520611569,https://img.a.transfermarkt.technology/portrait/medium/340166-1714468225.png?lm=1,1997-05-17,65,3
1782,Florian Kainz,1000000.0,11.0,Attacking Midfield,Austria,https://tmssl.akamaized.net//images/flagge/verysmall/127.png?lm=1520611569,https://img.a.transfermarkt.technology/portrait/medium/106270-1721140143.jpg?lm=1,1992-10-24,65,3
1783,Said El Mala,35000000.0,13.0,Left Winger,Germany,https://tmssl.akamaized.net//images/flagge/verysmall/40.png?lm=1520612525,https://img.a.transfermarkt.technology/portrait/medium/1168219-1761497362.jpg?lm=1,2006-08-26,65,3
1784,Jakub Kamiński,12000000.0,16.0,Left Winger,Poland,https://tmssl.akamaized.net//images/flagge/verysmall/135.png?lm=1520611569,https://img.a.transfermarkt.technology/portrait/medium/407098-1752743041.jpg?lm=1,2002-06-05,65,3
1785,Linton Maina,3000000.0,37.0,Left Winger,Germany,https://tmssl.akamaized.net//images/flagge/verysmall/40.png?lm=1520612525,https://img.a.transfermarkt.technology/portrait/medium/335103-1721139567.jpg?lm=1,1999-06-23,65,3
1786,Marius Bülter,2000000.0,30.0,Left Winger,Germany,https://tmssl.akamaized.net//images/flagge/verysmall/40.png?lm=1520612525,https://img.a.transfermarkt.technology/portrait/medium/116088-1691269482.jpg?lm=1,1993-03-29,65,3
1787,Jan Thielmann,5000000.0,29.0,Right Winger,Germany,https://tmssl.akamaized.net//images/flagge/verysmall/40.png?lm=1520612525,https://img.a.transfermarkt.technology/portrait/medium/472249-1721139731.jpg?lm=1,2002-05-26,65,3
1788,Youssoupha Niang,2000000.0,38.0,Right Winger,Germany,https://tmssl.akamaized.net//images/flagge/verysmall/40.png?lm=1520612525,https://img.a.transfermarkt.technology/portrait/medium/944331-1752743597.jpg?lm=1,2006-03-25,65,3
1789,Ragnar Ache,8000000.0,9.0,Centre-Forward,Germany,https://tmssl.akamaized.net//images/flagge/verysmall/40.png?lm=1520612525,https://img.a.transfermarkt.technology/portrait/medium/416380-1752742777.jpg?lm=1,1998-07-28,65,3
1790,Luca Waldschmidt,2000000.0,7.0,Centre-Forward,Germany,https://tmssl.akamaized.net//images/flagge/verysmall/40.png?lm=1520612525,https://img.a.transfermarkt.technology/portrait/medium/196095-1721140192.jpg?lm=1,1996-05-19,65,3
1791,Fynn Schenten,1000000.0,40.0,Centre-Forward,Germany,https://tmssl.akamaized.net//images/flagge/verysmall/40.png?lm=1520612525,https://img.a.transfermarkt.technology/portrait/medium/1118293-1767000491.jpg?lm=1,2007-09-14,65,3
1792,Malek El Mala,250000.0,19.0,Centre-Forward,Germany,https://tmssl.akamaized.net//images/flagge/verysmall/40.png?lm=1520612525,https://img.a.transfermarkt.technology/portrait/medium/1168222-1761496702.jpg?lm=1,2005-04-02,65,3
1793,Frederik Rönnow,2500000.0,1.0,Goalkeeper,Denmark,https://tmssl.akamaized.net//images/flagge/verysmall/39.png?lm=1520611569,https://img.a.transfermarkt.technology/portrait/medium/107775-1692707378.jpg?lm=1,1992-08-04,66,3
1794,Matheo Raab,600000.0,31.0,Goalkeeper,Germany,https://tmssl.akamaized.net//images/flagge/verysmall/40.png?lm=1520612525,https://img.a.transfermarkt.technology/portrait/medium/386685-1755624725.jpg?lm=1,1998-12-18,66,3
1795,Carl Klaus,350000.0,25.0,Goalkeeper,Germany,https://tmssl.akamaized.net//images/flagge/verysmall/40.png?lm=1520612525,https://img.a.transfermarkt.technology/portrait/medium/161057-1755624992.jpg?lm=1,1994-01-16,66,3
1796,Leopold Querfeld,18000000.0,14.0,Centre-Back,Austria,https://tmssl.akamaized.net//images/flagge/verysmall/127.png?lm=1520611569,https://img.a.transfermarkt.technology/portrait/medium/597432-1726351317.jpg?lm=1,2003-12-20,66,3
1797,Danilho Doekhi,13000000.0,5.0,Centre-Back,Netherlands,https://tmssl.akamaized.net//images/flagge/verysmall/122.png?lm=1520611569,https://img.a.transfermarkt.technology/portrait/medium/387047-1692707468.jpg?lm=1,1998-06-30,66,3
1798,Diogo Leite,12000000.0,4.0,Centre-Back,Portugal,https://tmssl.akamaized.net//images/flagge/verysmall/136.png?lm=1520611569,https://img.a.transfermarkt.technology/portrait/medium/357156-1691999912.jpg?lm=1,1999-01-23,66,3
1799,Stanley Nsoki,2000000.0,34.0,Centre-Back,France,https://tmssl.akamaized.net//images/flagge/verysmall/50.png?lm=1520611569,https://img.a.transfermarkt.technology/portrait/medium/371141-1755624516.jpg?lm=1,1999-04-09,66,3
1800,Tom Rothe,10000000.0,15.0,Left-Back,Germany,https://tmssl.akamaized.net//images/flagge/verysmall/40.png?lm=1520612525,https://img.a.transfermarkt.technology/portrait/medium/798043-1755624376.jpg?lm=1,2004-10-29,66,3
1801,Derrick Köhn,4000000.0,39.0,Left-Back,Ghana,https://tmssl.akamaized.net//images/flagge/verysmall/54.png?lm=1520611569,https://img.a.transfermarkt.technology/portrait/medium/391780-1707464358.png?lm=1,1999-02-04,66,3
1802,Andrik Markgraf,50000.0,3.0,Left-Back,Germany,https://tmssl.akamaized.net//images/flagge/verysmall/40.png?lm=1520612525,https://img.a.transfermarkt.technology/portrait/medium/1027870-1755624329.jpg?lm=1,2006-03-07,66,3
1803,Josip Juranovic,2500000.0,18.0,Right-Back,Croatia,https://tmssl.akamaized.net//images/flagge/verysmall/37.png?lm=1520611569,https://img.a.transfermarkt.technology/portrait/medium/362977-1691614466.jpg?lm=1,1995-08-16,66,3
1804,Christopher Trimmel,600000.0,28.0,Right-Back,Austria,https://tmssl.akamaized.net//images/flagge/verysmall/127.png?lm=1520611569,https://img.a.transfermarkt.technology/portrait/medium/75921-1692707564.jpg?lm=1,1987-02-24,66,3
1805,Aljoscha Kemlein,12000000.0,6.0,Defensive Midfield,Germany,https://tmssl.akamaized.net//images/flagge/verysmall/40.png?lm=1520612525,https://img.a.transfermarkt.technology/portrait/medium/692737-1691614020.jpg?lm=1,2004-08-02,66,3
1806,Rani Khedira,2000000.0,8.0,Defensive Midfield,Tunisia,https://tmssl.akamaized.net//images/flagge/verysmall/173.png?lm=1520611569,https://img.a.transfermarkt.technology/portrait/medium/124410-1692707430.jpg?lm=1,1994-01-27,66,3
1807,András Schäfer,4500000.0,13.0,Central Midfield,Hungary,https://tmssl.akamaized.net//images/flagge/verysmall/178.png?lm=1521635893,https://img.a.transfermarkt.technology/portrait/medium/454863-1726351222.jpg?lm=1,1999-04-13,66,3
1808,Janik Haberer,2500000.0,19.0,Central Midfield,Germany,https://tmssl.akamaized.net//images/flagge/verysmall/40.png?lm=1520612525,https://img.a.transfermarkt.technology/portrait/medium/177779-1692707721.jpg?lm=1,1994-04-02,66,3
1809,Alex Král,2500000.0,33.0,Central Midfield,Czech Republic,https://tmssl.akamaized.net//images/flagge/verysmall/172.png?lm=1520611569,https://img.a.transfermarkt.technology/portrait/medium/337333-1691614545.jpg?lm=1,1998-05-19,66,3
1810,Robert Skov,2500000.0,24.0,Left Midfield,Denmark,https://tmssl.akamaized.net//images/flagge/verysmall/39.png?lm=1520611569,https://img.a.transfermarkt.technology/portrait/medium/270393-1726350741.jpg?lm=1,1996-05-20,66,3
1811,Woo-yeong Jeong,3500000.0,11.0,Attacking Midfield,"Korea, South",https://tmssl.akamaized.net//images/flagge/verysmall/87.png?lm=1520611569,https://img.a.transfermarkt.technology/portrait/medium/297583-1723707463.jpg?lm=1,1999-09-20,66,3
1812,Livan Burcu,4000000.0,9.0,Left Winger,Türkiye,https://tmssl.akamaized.net//images/flagge/verysmall/174.png?lm=1520611569,https://img.a.transfermarkt.technology/portrait/medium/519872-1691615485.jpg?lm=1,2004-09-28,66,3
1813,David Preu,400000.0,17.0,Left Winger,Germany,https://tmssl.akamaized.net//images/flagge/verysmall/40.png?lm=1520612525,https://img.a.transfermarkt.technology/portrait/medium/745075-1726351060.jpg?lm=1,2004-10-26,66,3
1814,Ilyas Ansah,12000000.0,10.0,Centre-Forward,Germany,https://tmssl.akamaized.net//images/flagge/verysmall/40.png?lm=1520612525,https://img.a.transfermarkt.technology/portrait/medium/1035765-1755624476.jpg?lm=1,2004-11-08,66,3
1815,Andrej Ilic,6000000.0,23.0,Centre-Forward,Serbia,https://tmssl.akamaized.net//images/flagge/verysmall/215.png?lm=1520611569,https://img.a.transfermarkt.technology/portrait/medium/583699-1726350811.jpg?lm=1,2000-04-03,66,3
1816,Oliver Burke,4000000.0,7.0,Centre-Forward,Scotland,https://tmssl.akamaized.net//images/flagge/verysmall/190.png?lm=1520611569,https://img.a.transfermarkt.technology/portrait/medium/341317-1755624913.jpg?lm=1,1997-04-07,66,3
1817,Tim Skarke,1800000.0,21.0,Centre-Forward,Germany,https://tmssl.akamaized.net//images/flagge/verysmall/40.png?lm=1520612525,https://img.a.transfermarkt.technology/portrait/medium/287920-1747224742.jpg?lm=1,1996-09-07,66,3
1818,Dmytro Bogdanov,600000.0,30.0,Centre-Forward,Ukraine,https://tmssl.akamaized.net//images/flagge/verysmall/177.png?lm=1520611569,https://img.a.transfermarkt.technology/portrait/medium/1045446-1755624207.jpg?lm=1,2007-03-06,66,3
1819,Robin Zentner,3000000.0,27.0,Goalkeeper,Germany,https://tmssl.akamaized.net//images/flagge/verysmall/40.png?lm=1520612525,https://img.a.transfermarkt.technology/portrait/medium/160963-1676499369.jpg?lm=1,1994-10-28,67,3
1820,Lasse Rieß,500000.0,1.0,Goalkeeper,Germany,https://tmssl.akamaized.net//images/flagge/verysmall/40.png?lm=1520612525,https://img.a.transfermarkt.technology/portrait/medium/490609-1752587621.jpg?lm=1,2001-07-27,67,3
1821,Daniel Batz,350000.0,33.0,Goalkeeper,Germany,https://tmssl.akamaized.net//images/flagge/verysmall/40.png?lm=1520612525,https://img.a.transfermarkt.technology/portrait/medium/90317-1722886526.jpg?lm=1,1991-01-12,67,3
1822,Kacper Potulski,12000000.0,48.0,Centre-Back,Poland,https://tmssl.akamaized.net//images/flagge/verysmall/135.png?lm=1520611569,https://img.a.transfermarkt.technology/portrait/medium/1073748-1765043272.jpg?lm=1,2007-10-19,67,3
1823,Stefan Posch,5500000.0,4.0,Centre-Back,Austria,https://tmssl.akamaized.net//images/flagge/verysmall/127.png?lm=1520611569,https://img.a.transfermarkt.technology/portrait/medium/223974-1725531246.jpg?lm=1,1997-05-14,67,3
1824,Andreas Hanche-Olsen,4000000.0,25.0,Centre-Back,Norway,https://tmssl.akamaized.net//images/flagge/verysmall/125.png?lm=1520611569,https://img.a.transfermarkt.technology/portrait/medium/370683-1692000124.jpg?lm=1,1997-01-17,67,3
1825,Dominik Kohr,2000000.0,31.0,Centre-Back,Germany,https://tmssl.akamaized.net//images/flagge/verysmall/40.png?lm=1520612525,https://img.a.transfermarkt.technology/portrait/medium/118847-1722886760.jpg?lm=1,1994-01-31,67,3
1826,Danny da Costa,1200000.0,21.0,Centre-Back,Germany,https://tmssl.akamaized.net//images/flagge/verysmall/40.png?lm=1520612525,https://img.a.transfermarkt.technology/portrait/medium/85906-1752588257.jpg?lm=1,1993-07-13,67,3
1827,Maxim Leitsch,1000000.0,5.0,Centre-Back,Germany,https://tmssl.akamaized.net//images/flagge/verysmall/40.png?lm=1520612525,https://img.a.transfermarkt.technology/portrait/medium/334207-1676499456.jpg?lm=1,1998-05-18,67,3
1828,Stefan Bell,600000.0,16.0,Centre-Back,Germany,https://tmssl.akamaized.net//images/flagge/verysmall/40.png?lm=1520612525,https://img.a.transfermarkt.technology/portrait/medium/82350-1657706740.jpg?lm=1,1991-08-24,67,3
1829,Maxim Dal,150000.0,47.0,Centre-Back,Germany,https://tmssl.akamaized.net//images/flagge/verysmall/40.png?lm=1520612525,https://img.a.transfermarkt.technology/portrait/medium/934317-1722886472.jpg?lm=1,2006-01-26,67,3
1830,Phillipp Mwene,1500000.0,2.0,Left-Back,Austria,https://tmssl.akamaized.net//images/flagge/verysmall/127.png?lm=1520611569,https://img.a.transfermarkt.technology/portrait/medium/127573-1722886402.jpg?lm=1,1994-01-29,67,3
1831,Kasey Bos,450000.0,18.0,Left-Back,Australia,https://tmssl.akamaized.net//images/flagge/verysmall/12.png?lm=1520611569,https://img.a.transfermarkt.technology/portrait/medium/1154876-1752587953.jpg?lm=1,2004-05-08,67,3
1832,Anthony Caci,8000000.0,19.0,Right-Back,France,https://tmssl.akamaized.net//images/flagge/verysmall/50.png?lm=1520611569,https://img.a.transfermarkt.technology/portrait/medium/453016-1657706767.jpg?lm=1,1997-07-01,67,3
1833,Silvan Widmer,800000.0,30.0,Right-Back,Switzerland,https://tmssl.akamaized.net//images/flagge/verysmall/148.png?lm=1520611569,https://img.a.transfermarkt.technology/portrait/medium/168989-1629202510.jpg?lm=1,1993-03-05,67,3
1834,Kaishu Sano,25000000.0,6.0,Defensive Midfield,Japan,https://tmssl.akamaized.net//images/flagge/verysmall/77.png?lm=1520611569,https://img.a.transfermarkt.technology/portrait/medium/643574-1752587688.jpg?lm=1,2000-12-30,67,3
1835,Lennard Maloney,2500000.0,15.0,Defensive Midfield,United States,https://tmssl.akamaized.net//images/flagge/verysmall/184.png?lm=1520611569,https://img.a.transfermarkt.technology/portrait/medium/392710-1752587852.jpg?lm=1,1999-10-08,67,3
1836,Sota Kawasaki,1500000.0,24.0,Defensive Midfield,Japan,https://tmssl.akamaized.net//images/flagge/verysmall/77.png?lm=1520611569,https://img.a.transfermarkt.technology/portrait/medium/733371-1752588052.jpg?lm=1,2001-07-30,67,3
1837,Niklas Tauer,350000.0,28.0,Defensive Midfield,Germany,https://tmssl.akamaized.net//images/flagge/verysmall/40.png?lm=1520612525,https://img.a.transfermarkt.technology/portrait/medium/470815-1657707191.jpg?lm=1,2001-02-17,67,3
1838,Nadiem Amiri,17000000.0,10.0,Central Midfield,Germany,https://tmssl.akamaized.net//images/flagge/verysmall/40.png?lm=1520612525,https://img.a.transfermarkt.technology/portrait/medium/232454-1722885996.jpg?lm=1,1996-10-27,67,3
1839,Daniel Gleiber,300000.0,42.0,Central Midfield,Germany,https://tmssl.akamaized.net//images/flagge/verysmall/40.png?lm=1520612525,https://img.a.transfermarkt.technology/portrait/medium/906969-1752588202.jpg?lm=1,2005-02-01,67,3
1840,Nikolas Veratschnig,1500000.0,22.0,Right Midfield,Austria,https://tmssl.akamaized.net//images/flagge/verysmall/127.png?lm=1520611569,https://img.a.transfermarkt.technology/portrait/medium/601143-1722885901.jpg?lm=1,2003-01-24,67,3
1841,Paul Nebel,15000000.0,8.0,Attacking Midfield,Germany,https://tmssl.akamaized.net//images/flagge/verysmall/40.png?lm=1520612525,https://img.a.transfermarkt.technology/portrait/medium/503160-1722886613.jpg?lm=1,2002-10-10,67,3
1842,Jae-sung Lee,2000000.0,7.0,Attacking Midfield,"Korea, South",https://tmssl.akamaized.net//images/flagge/verysmall/87.png?lm=1520611569,https://img.a.transfermarkt.technology/portrait/medium/314398-1668504727.jpg?lm=1,1992-08-10,67,3
1843,Sheraldo Becker,1500000.0,23.0,Left Winger,Suriname,https://tmssl.akamaized.net//images/flagge/verysmall/161.png?lm=1520611569,https://img.a.transfermarkt.technology/portrait/medium/188888-1692707512.jpg?lm=1,1995-02-09,67,3
1844,Silas,3000000.0,26.0,Right Winger,DR Congo,https://tmssl.akamaized.net//images/flagge/verysmall/193.png?lm=1520611569,https://img.a.transfermarkt.technology/portrait/medium/612826-1657181986.png?lm=1,1998-10-06,67,3
1845,Armindo Sieb,3000000.0,11.0,Second Striker,Germany,https://tmssl.akamaized.net//images/flagge/verysmall/40.png?lm=1520612525,https://img.a.transfermarkt.technology/portrait/medium/569033-1722886149.jpg?lm=1,2003-02-17,67,3
1846,Nelson Weiper,10000000.0,44.0,Centre-Forward,Germany,https://tmssl.akamaized.net//images/flagge/verysmall/40.png?lm=1520612525,https://img.a.transfermarkt.technology/portrait/medium/796213-1692000176.jpg?lm=1,2005-03-17,67,3
1847,Benedict Hollerbach,8000000.0,17.0,Centre-Forward,Germany,https://tmssl.akamaized.net//images/flagge/verysmall/40.png?lm=1520612525,https://img.a.transfermarkt.technology/portrait/medium/453870-1752587912.jpg?lm=1,2001-05-17,67,3
1848,William Bøving,3500000.0,14.0,Centre-Forward,Denmark,https://tmssl.akamaized.net//images/flagge/verysmall/39.png?lm=1520611569,https://img.a.transfermarkt.technology/portrait/medium/610400-1736777118.jpg?lm=1,2003-03-01,67,3
1849,Phillip Tietz,3500000.0,20.0,Centre-Forward,Germany,https://tmssl.akamaized.net//images/flagge/verysmall/40.png?lm=1520612525,https://img.a.transfermarkt.technology/portrait/medium/288340-1755201829.jpg?lm=1,1997-07-09,67,3
1850,Mark Flekken,8000000.0,1.0,Goalkeeper,Netherlands,https://tmssl.akamaized.net//images/flagge/verysmall/122.png?lm=1520611569,https://img.a.transfermarkt.technology/portrait/medium/125714-1758704276.jpg?lm=1,1993-06-13,68,3
1851,Jonas Omlin,1500000.0,18.0,Goalkeeper,Switzerland,https://tmssl.akamaized.net//images/flagge/verysmall/148.png?lm=1520611569,https://img.a.transfermarkt.technology/portrait/medium/247915-1691248651.jpg?lm=1,1994-01-10,68,3
1852,Janis Blaswich,700000.0,28.0,Goalkeeper,Germany,https://tmssl.akamaized.net//images/flagge/verysmall/40.png?lm=1520612525,https://img.a.transfermarkt.technology/portrait/medium/81173-1758702865.jpg?lm=1,1991-05-02,68,3
1853,Niklas Lomb,250000.0,36.0,Goalkeeper,Germany,https://tmssl.akamaized.net//images/flagge/verysmall/40.png?lm=1520612525,https://img.a.transfermarkt.technology/portrait/medium/85543-1695367888.jpg?lm=1,1993-07-28,68,3
1854,Jarell Quansah,45000000.0,4.0,Centre-Back,England,https://tmssl.akamaized.net//images/flagge/verysmall/189.png?lm=1520611569,https://img.a.transfermarkt.technology/portrait/medium/632349-1758704191.jpg?lm=1,2003-01-29,68,3
1855,Edmond Tapsoba,35000000.0,12.0,Centre-Back,Burkina Faso,https://tmssl.akamaized.net//images/flagge/verysmall/29.png?lm=1520611569,https://img.a.transfermarkt.technology/portrait/medium/564545-1695368009.jpg?lm=1,1999-02-02,68,3
1856,Loïc Badé,25000000.0,5.0,Centre-Back,France,https://tmssl.akamaized.net//images/flagge/verysmall/50.png?lm=1520611569,https://img.a.transfermarkt.technology/portrait/medium/730581-1758704021.jpg?lm=1,2000-04-11,68,3
1857,Axel Tape,8000000.0,16.0,Centre-Back,France,https://tmssl.akamaized.net//images/flagge/verysmall/50.png?lm=1520611569,https://img.a.transfermarkt.technology/portrait/medium/1077670-1758703206.jpg?lm=1,2007-08-10,68,3
1858,Tim Oermann,4000000.0,15.0,Centre-Back,Germany,https://tmssl.akamaized.net//images/flagge/verysmall/40.png?lm=1520612525,https://img.a.transfermarkt.technology/portrait/medium/696164-1657283257.jpg?lm=1,2003-10-06,68,3
1859,Issa Traoré,800000.0,41.0,Centre-Back,Mali,https://tmssl.akamaized.net//images/flagge/verysmall/105.png?lm=1520611569,https://img.a.transfermarkt.technology/portrait/medium/1133977-1730193915.jpg?lm=1,2007-11-14,68,3
1860,Alejandro Grimaldo,24000000.0,20.0,Left-Back,Spain,https://tmssl.akamaized.net//images/flagge/verysmall/157.png?lm=1520611569,https://img.a.transfermarkt.technology/portrait/medium/193082-1689710805.jpg?lm=1,1995-09-20,68,3
1861,Arthur,7000000.0,13.0,Right-Back,Brazil,https://tmssl.akamaized.net//images/flagge/verysmall/26.png?lm=1520611569,https://img.a.transfermarkt.technology/portrait/medium/977464-1689709842.jpg?lm=1,2003-03-17,68,3
1862,Lucas Vázquez,2500000.0,21.0,Right-Back,Spain,https://tmssl.akamaized.net//images/flagge/verysmall/157.png?lm=1520611569,https://img.a.transfermarkt.technology/portrait/medium/221316-1758702933.jpg?lm=1,1991-07-01,68,3
1863,Equi Fernández,22000000.0,6.0,Defensive Midfield,Argentina,https://tmssl.akamaized.net//images/flagge/verysmall/9.png?lm=1520611569,https://img.a.transfermarkt.technology/portrait/medium/664708-1758703953.jpg?lm=1,2002-07-25,68,3
1864,Robert Andrich,7000000.0,8.0,Defensive Midfield,Germany,https://tmssl.akamaized.net//images/flagge/verysmall/40.png?lm=1520612525,https://img.a.transfermarkt.technology/portrait/medium/159088-1758703807.jpg?lm=1,1994-09-22,68,3
1865,Exequiel Palacios,30000000.0,25.0,Central Midfield,Argentina,https://tmssl.akamaized.net//images/flagge/verysmall/9.png?lm=1520611569,https://img.a.transfermarkt.technology/portrait/medium/401578-1695368200.jpg?lm=1,1998-10-05,68,3
1866,Aleix García,20000000.0,24.0,Central Midfield,Spain,https://tmssl.akamaized.net//images/flagge/verysmall/157.png?lm=1520611569,https://img.a.transfermarkt.technology/portrait/medium/261504-1727378020.jpg?lm=1,1997-06-28,68,3
1867,Ibrahim Maza,40000000.0,30.0,Attacking Midfield,Algeria,https://tmssl.akamaized.net//images/flagge/verysmall/4.png?lm=1520611569,https://img.a.transfermarkt.technology/portrait/medium/905011-1758702817.jpg?lm=1,2005-11-24,68,3
1868,Malik Tillman,30000000.0,10.0,Attacking Midfield,United States,https://tmssl.akamaized.net//images/flagge/verysmall/184.png?lm=1520611569,https://img.a.transfermarkt.technology/portrait/medium/467437-1758703514.jpg?lm=1,2002-05-28,68,3
1869,Jonas Hofmann,2000000.0,7.0,Attacking Midfield,Germany,https://tmssl.akamaized.net//images/flagge/verysmall/40.png?lm=1520612525,https://img.a.transfermarkt.technology/portrait/medium/7161-1689710421.jpg?lm=1,1992-07-14,68,3
1870,Eliesse Ben Seghir,20000000.0,17.0,Left Winger,Morocco,https://tmssl.akamaized.net//images/flagge/verysmall/107.png?lm=1520611569,https://img.a.transfermarkt.technology/portrait/medium/810895-1758703148.jpg?lm=1,2005-02-16,68,3
1871,Martin Terrier,12000000.0,11.0,Left Winger,France,https://tmssl.akamaized.net//images/flagge/verysmall/50.png?lm=1520611569,https://img.a.transfermarkt.technology/portrait/medium/442891-1727378397.jpg?lm=1,1997-03-04,68,3
1872,Ernest Poku,25000000.0,19.0,Right Winger,Netherlands,https://tmssl.akamaized.net//images/flagge/verysmall/122.png?lm=1520611569,https://img.a.transfermarkt.technology/portrait/medium/718303-1758703071.jpg?lm=1,2004-01-28,68,3
1873,Nathan Tella,15000000.0,23.0,Right Winger,Nigeria,https://tmssl.akamaized.net//images/flagge/verysmall/124.png?lm=1520611569,https://img.a.transfermarkt.technology/portrait/medium/340322-1727377772.jpg?lm=1,1999-07-05,68,3
1874,Montrell Culbreath,5000000.0,42.0,Right Winger,Germany,https://tmssl.akamaized.net//images/flagge/verysmall/40.png?lm=1520612525,https://img.a.transfermarkt.technology/portrait/medium/1058514-1756412896.jpg?lm=1,2007-08-29,68,3
1875,Christian Kofane,40000000.0,35.0,Centre-Forward,Cameroon,https://tmssl.akamaized.net//images/flagge/verysmall/31.png?lm=1520611569,https://img.a.transfermarkt.technology/portrait/medium/1364454-1758702715.jpg?lm=1,2006-07-26,68,3
1876,Patrik Schick,20000000.0,14.0,Centre-Forward,Czech Republic,https://tmssl.akamaized.net//images/flagge/verysmall/172.png?lm=1520611569,https://img.a.transfermarkt.technology/portrait/medium/242086-1727378322.jpg?lm=1,1996-01-24,68,3
1877,Jonas Urbig,15000000.0,40.0,Goalkeeper,Germany,https://tmssl.akamaized.net//images/flagge/verysmall/40.png?lm=1520612525,https://img.a.transfermarkt.technology/portrait/medium/607720-1737037032.jpg?lm=1,2003-08-08,69,3
1878,Manuel Neuer,4000000.0,1.0,Goalkeeper,Germany,https://tmssl.akamaized.net//images/flagge/verysmall/40.png?lm=1520612525,https://img.a.transfermarkt.technology/portrait/medium/17259-1762943283.jpg?lm=1,1986-03-27,69,3
1879,Sven Ulreich,500000.0,26.0,Goalkeeper,Germany,https://tmssl.akamaized.net//images/flagge/verysmall/40.png?lm=1520612525,https://img.a.transfermarkt.technology/portrait/medium/40680-1700659982.jpg?lm=1,1988-08-03,69,3
1880,Leon Klanac,150000.0,48.0,Goalkeeper,Germany,https://tmssl.akamaized.net//images/flagge/verysmall/40.png?lm=1520612525,https://img.a.transfermarkt.technology/portrait/medium/1009439-1758891464.jpg?lm=1,2007-03-01,69,3
1881,Dayot Upamecano,70000000.0,2.0,Centre-Back,France,https://tmssl.akamaized.net//images/flagge/verysmall/50.png?lm=1520611569,https://img.a.transfermarkt.technology/portrait/medium/344695-1701245272.jpg?lm=1,1998-10-27,69,3
1882,Jonathan Tah,30000000.0,4.0,Centre-Back,Germany,https://tmssl.akamaized.net//images/flagge/verysmall/40.png?lm=1520612525,https://img.a.transfermarkt.technology/portrait/medium/196357-1695367765.jpg?lm=1,1996-02-11,69,3
1883,Min-jae Kim,25000000.0,3.0,Centre-Back,"Korea, South",https://tmssl.akamaized.net//images/flagge/verysmall/87.png?lm=1520611569,https://img.a.transfermarkt.technology/portrait/medium/503482-1700208062.jpg?lm=1,1996-11-15,69,3
1884,Hiroki Ito,18000000.0,21.0,Centre-Back,Japan,https://tmssl.akamaized.net//images/flagge/verysmall/77.png?lm=1520611569,https://img.a.transfermarkt.technology/portrait/medium/353892-1657181215.jpg?lm=1,1999-05-12,69,3
1885,Alphonso Davies,45000000.0,19.0,Left-Back,Canada,https://tmssl.akamaized.net//images/flagge/verysmall/80.png?lm=1520611569,https://img.a.transfermarkt.technology/portrait/medium/424204-1711745534.jpg?lm=1,2000-11-02,69,3
1886,Josip Stanisic,35000000.0,44.0,Right-Back,Croatia,https://tmssl.akamaized.net//images/flagge/verysmall/37.png?lm=1520611569,https://img.a.transfermarkt.technology/portrait/medium/483046-1716966862.jpg?lm=1,2000-04-02,69,3
1887,Konrad Laimer,32000000.0,27.0,Right-Back,Austria,https://tmssl.akamaized.net//images/flagge/verysmall/127.png?lm=1520611569,https://img.a.transfermarkt.technology/portrait/medium/223967-1700659266.jpg?lm=1,1997-05-27,69,3
1888,Aleksandar Pavlovic,75000000.0,45.0,Defensive Midfield,Germany,https://tmssl.akamaized.net//images/flagge/verysmall/40.png?lm=1520612525,https://img.a.transfermarkt.technology/portrait/medium/792380-1727098078.jpg?lm=1,2004-05-03,69,3
1889,Joshua Kimmich,40000000.0,6.0,Defensive Midfield,Germany,https://tmssl.akamaized.net//images/flagge/verysmall/40.png?lm=1520612525,https://img.a.transfermarkt.technology/portrait/medium/161056-1700039639.jpg?lm=1,1995-02-08,69,3
1890,David Santos Daiber,3000000.0,47.0,Defensive Midfield,Portugal,https://tmssl.akamaized.net//images/flagge/verysmall/136.png?lm=1520611569,https://img.a.transfermarkt.technology/portrait/medium/1118495-1726492665.png?lm=1,2007-01-10,69,3
1891,Tom Bischof,40000000.0,20.0,Central Midfield,Germany,https://tmssl.akamaized.net//images/flagge/verysmall/40.png?lm=1520612525,https://img.a.transfermarkt.technology/portrait/medium/822959-1758269709.jpg?lm=1,2005-06-28,69,3
1892,Leon Goretzka,15000000.0,8.0,Central Midfield,Germany,https://tmssl.akamaized.net//images/flagge/verysmall/40.png?lm=1520612525,https://img.a.transfermarkt.technology/portrait/medium/153084-1700040179.jpg?lm=1,1995-02-06,69,3
1893,Bara Sapoko Ndiaye,300000.0,39.0,Central Midfield,Senegal,https://tmssl.akamaized.net//images/flagge/verysmall/149.png?lm=1520611569,https://img.a.transfermarkt.technology/portrait/medium/1497653-1767449727.jpg?lm=1,2007-12-31,69,3
1894,Jamal Musiala,120000000.0,10.0,Attacking Midfield,Germany,https://tmssl.akamaized.net//images/flagge/verysmall/40.png?lm=1520612525,https://img.a.transfermarkt.technology/portrait/medium/580195-1711745441.jpg?lm=1,2003-02-26,69,3
1895,Lennart Karl,60000000.0,42.0,Attacking Midfield,Germany,https://tmssl.akamaized.net//images/flagge/verysmall/40.png?lm=1520612525,https://img.a.transfermarkt.technology/portrait/medium/1075147-1759417800.jpg?lm=1,2008-02-22,69,3
1896,Raphaël Guerreiro,6000000.0,22.0,Attacking Midfield,Portugal,https://tmssl.akamaized.net//images/flagge/verysmall/136.png?lm=1520611569,https://img.a.transfermarkt.technology/portrait/medium/170986-1711745629.jpg?lm=1,1993-12-22,69,3
1897,Luis Díaz,70000000.0,14.0,Left Winger,Colombia,https://tmssl.akamaized.net//images/flagge/verysmall/83.png?lm=1520611569,https://img.a.transfermarkt.technology/portrait/medium/480692-1757938077.jpg?lm=1,1997-01-13,69,3
1898,Michael Olise,140000000.0,17.0,Right Winger,France,https://tmssl.akamaized.net//images/flagge/verysmall/50.png?lm=1520611569,https://img.a.transfermarkt.technology/portrait/medium/566723-1762944477.jpg?lm=1,2001-12-12,69,3
1899,Serge Gnabry,20000000.0,7.0,Second Striker,Germany,https://tmssl.akamaized.net//images/flagge/verysmall/40.png?lm=1520612525,https://img.a.transfermarkt.technology/portrait/medium/159471-1759909173.jpg?lm=1,1995-07-14,69,3
1900,Harry Kane,65000000.0,9.0,Centre-Forward,England,https://tmssl.akamaized.net//images/flagge/verysmall/189.png?lm=1520611569,https://img.a.transfermarkt.technology/portrait/medium/132098-1700211169.jpg?lm=1,1993-07-28,69,3
1901,Nicolas Jackson,40000000.0,11.0,Centre-Forward,Senegal,https://tmssl.akamaized.net//images/flagge/verysmall/149.png?lm=1520611569,https://img.a.transfermarkt.technology/portrait/medium/776890-1757939139.jpg?lm=1,2001-06-20,69,3
1902,Gregor Kobel,40000000.0,1.0,Goalkeeper,Switzerland,https://tmssl.akamaized.net//images/flagge/verysmall/148.png?lm=1520611569,https://img.a.transfermarkt.technology/portrait/medium/257814-1709559904.jpg?lm=1,1997-12-06,70,3
1903,Alexander Meyer,800000.0,33.0,Goalkeeper,Germany,https://tmssl.akamaized.net//images/flagge/verysmall/40.png?lm=1520612525,https://img.a.transfermarkt.technology/portrait/medium/76158-1716381651.jpg?lm=1,1991-04-13,70,3
1904,Patrick Drewes,400000.0,30.0,Goalkeeper,Germany,https://tmssl.akamaized.net//images/flagge/verysmall/40.png?lm=1520612525,https://img.a.transfermarkt.technology/portrait/medium/94192-1721851751.jpg?lm=1,1993-02-04,70,3
1905,Silas Ostrzinski,200000.0,31.0,Goalkeeper,Germany,https://tmssl.akamaized.net//images/flagge/verysmall/40.png?lm=1520612525,https://img.a.transfermarkt.technology/portrait/medium/684116-1657285206.jpg?lm=1,2003-11-19,70,3
1906,Nico Schlotterbeck,55000000.0,4.0,Centre-Back,Germany,https://tmssl.akamaized.net//images/flagge/verysmall/40.png?lm=1520612525,https://img.a.transfermarkt.technology/portrait/medium/388198-1709560457.jpg?lm=1,1999-12-01,70,3
1907,Waldemar Anton,18000000.0,3.0,Centre-Back,Germany,https://tmssl.akamaized.net//images/flagge/verysmall/40.png?lm=1520612525,https://img.a.transfermarkt.technology/portrait/medium/193004-1723922551.jpg?lm=1,1996-07-20,70,3
1908,Ramy Bensebaini,7000000.0,5.0,Centre-Back,Algeria,https://tmssl.akamaized.net//images/flagge/verysmall/4.png?lm=1520611569,https://img.a.transfermarkt.technology/portrait/medium/284732-1730103772.jpg?lm=1,1995-04-16,70,3
1909,Luca Reggiani,5000000.0,49.0,Centre-Back,Italy,https://tmssl.akamaized.net//images/flagge/verysmall/75.png?lm=1520611569,https://img.a.transfermarkt.technology/portrait/medium/1074990-1771366237.jpg?lm=1,2008-01-09,70,3
1910,Emre Can,4000000.0,23.0,Centre-Back,Germany,https://tmssl.akamaized.net//images/flagge/verysmall/40.png?lm=1520612525,https://img.a.transfermarkt.technology/portrait/medium/119296-1709561046.jpg?lm=1,1994-01-12,70,3
1911,Niklas Süle,4000000.0,25.0,Centre-Back,Germany,https://tmssl.akamaized.net//images/flagge/verysmall/40.png?lm=1520612525,https://img.a.transfermarkt.technology/portrait/medium/166601-1709560223.jpg?lm=1,1995-09-03,70,3
1912,Filippo Mane,2500000.0,39.0,Centre-Back,Italy,https://tmssl.akamaized.net//images/flagge/verysmall/75.png?lm=1520611569,https://img.a.transfermarkt.technology/portrait/medium/883007-1713461702.jpg?lm=1,2005-03-08,70,3
1913,Daniel Svensson,22000000.0,24.0,Left-Back,Sweden,https://tmssl.akamaized.net//images/flagge/verysmall/147.png?lm=1520611569,https://img.a.transfermarkt.technology/portrait/medium/579287-1739179044.jpg?lm=1,2002-02-12,70,3
1914,Almugera Kabar,3000000.0,42.0,Left-Back,Germany,https://tmssl.akamaized.net//images/flagge/verysmall/40.png?lm=1520612525,https://img.a.transfermarkt.technology/portrait/medium/884820-1713462323.jpg?lm=1,2006-06-06,70,3
1915,Julian Ryerson,25000000.0,26.0,Right-Back,Norway,https://tmssl.akamaized.net//images/flagge/verysmall/125.png?lm=1520611569,https://img.a.transfermarkt.technology/portrait/medium/370789-1709561216.jpg?lm=1,1997-11-17,70,3
1916,Salih Özcan,3500000.0,6.0,Defensive Midfield,Türkiye,https://tmssl.akamaized.net//images/flagge/verysmall/174.png?lm=1520611569,https://img.a.transfermarkt.technology/portrait/medium/244940-1709561120.jpg?lm=1,1998-01-11,70,3
1917,Felix Nmecha,50000000.0,8.0,Central Midfield,Germany,https://tmssl.akamaized.net//images/flagge/verysmall/40.png?lm=1520612525,https://img.a.transfermarkt.technology/portrait/medium/406640-1709560961.jpg?lm=1,2000-10-10,70,3
1918,Jobe Bellingham,30000000.0,7.0,Central Midfield,England,https://tmssl.akamaized.net//images/flagge/verysmall/189.png?lm=1520611569,https://img.a.transfermarkt.technology/portrait/medium/796297-1766483351.jpg?lm=1,2005-09-23,70,3
1919,Carney Chukwuemeka,20000000.0,17.0,Central Midfield,Austria,https://tmssl.akamaized.net//images/flagge/verysmall/127.png?lm=1520611569,https://img.a.transfermarkt.technology/portrait/medium/659459-1770806329.jpg?lm=1,2003-10-20,70,3
1920,Marcel Sabitzer,7000000.0,20.0,Central Midfield,Austria,https://tmssl.akamaized.net//images/flagge/verysmall/127.png?lm=1520611569,https://img.a.transfermarkt.technology/portrait/medium/106987-1711745992.jpg?lm=1,1994-03-17,70,3
1921,Yan Couto,20000000.0,2.0,Right Midfield,Brazil,https://tmssl.akamaized.net//images/flagge/verysmall/26.png?lm=1520611569,https://img.a.transfermarkt.technology/portrait/medium/627228-1723922216.jpg?lm=1,2002-06-03,70,3
1922,Julian Brandt,20000000.0,10.0,Attacking Midfield,Germany,https://tmssl.akamaized.net//images/flagge/verysmall/40.png?lm=1520612525,https://img.a.transfermarkt.technology/portrait/medium/187492-1709560849.jpg?lm=1,1996-05-02,70,3
1923,Karim Adeyemi,50000000.0,27.0,Right Winger,Germany,https://tmssl.akamaized.net//images/flagge/verysmall/40.png?lm=1520612525,https://img.a.transfermarkt.technology/portrait/medium/496094-1712859708.jpg?lm=1,2002-01-18,70,3
1924,Samuele Inácio,3000000.0,40.0,Second Striker,Italy,https://tmssl.akamaized.net//images/flagge/verysmall/75.png?lm=1520611569,https://img.a.transfermarkt.technology/portrait/medium/1058359-1763477288.jpg?lm=1,2008-04-02,70,3
1925,Serhou Guirassy,40000000.0,9.0,Centre-Forward,Guinea,https://tmssl.akamaized.net//images/flagge/verysmall/59.png?lm=1520611569,https://img.a.transfermarkt.technology/portrait/medium/270541-1755989642.jpg?lm=1,1996-03-12,70,3
1926,Maximilian Beier,40000000.0,14.0,Centre-Forward,Germany,https://tmssl.akamaized.net//images/flagge/verysmall/40.png?lm=1520612525,https://img.a.transfermarkt.technology/portrait/medium/578392-1733829348.jpg?lm=1,2002-10-17,70,3
1927,Fábio Silva,28000000.0,21.0,Centre-Forward,Portugal,https://tmssl.akamaized.net//images/flagge/verysmall/136.png?lm=1520611569,https://img.a.transfermarkt.technology/portrait/medium/505653-1766483527.jpg?lm=1,2002-07-19,70,3
1928,Moritz Nicolas,6000000.0,33.0,Goalkeeper,Germany,https://tmssl.akamaized.net//images/flagge/verysmall/40.png?lm=1520612525,https://img.a.transfermarkt.technology/portrait/medium/284270-1722945496.jpg?lm=1,1997-10-21,71,3
1929,Tiago Pereira Cardoso,1500000.0,42.0,Goalkeeper,Luxembourg,https://tmssl.akamaized.net//images/flagge/verysmall/99.png?lm=1520611569,https://img.a.transfermarkt.technology/portrait/medium/926301-1760967429.jpg?lm=1,2006-04-07,71,3
1930,Jan Olschowsky,450000.0,23.0,Goalkeeper,Germany,https://tmssl.akamaized.net//images/flagge/verysmall/40.png?lm=1520612525,https://img.a.transfermarkt.technology/portrait/medium/455922-1662965990.jpg?lm=1,2001-11-18,71,3
1931,Tobias Sippel,300000.0,21.0,Goalkeeper,Germany,https://tmssl.akamaized.net//images/flagge/verysmall/40.png?lm=1520612525,https://img.a.transfermarkt.technology/portrait/medium/31653-1662965792.jpg?lm=1,1988-03-22,71,3
1932,Nico Elvedi,8000000.0,30.0,Centre-Back,Switzerland,https://tmssl.akamaized.net//images/flagge/verysmall/148.png?lm=1520611569,https://img.a.transfermarkt.technology/portrait/medium/192635-1691249306.jpg?lm=1,1996-09-30,71,3
1933,Kevin Diks,5000000.0,4.0,Centre-Back,Indonesia,https://tmssl.akamaized.net//images/flagge/verysmall/68.png?lm=1520611569,https://img.a.transfermarkt.technology/portrait/medium/335209-1760966816.jpg?lm=1,1996-10-06,71,3
1934,Kota Takai,5000000.0,14.0,Centre-Back,Japan,https://tmssl.akamaized.net//images/flagge/verysmall/77.png?lm=1520611569,https://img.a.transfermarkt.technology/portrait/medium/671108-1745788815.jpg?lm=1,2004-09-04,71,3
1935,Fabio Chiarodia,3000000.0,2.0,Centre-Back,Italy,https://tmssl.akamaized.net//images/flagge/verysmall/75.png?lm=1520611569,https://img.a.transfermarkt.technology/portrait/medium/724104-1722945535.jpg?lm=1,2005-06-05,71,3
1936,Marvin Friedrich,1800000.0,5.0,Centre-Back,Germany,https://tmssl.akamaized.net//images/flagge/verysmall/40.png?lm=1520612525,https://img.a.transfermarkt.technology/portrait/medium/196231-1662966392.jpg?lm=1,1995-12-13,71,3
1937,Lukas Ullrich,7000000.0,26.0,Left-Back,Germany,https://tmssl.akamaized.net//images/flagge/verysmall/40.png?lm=1520612525,https://img.a.transfermarkt.technology/portrait/medium/787151-1691248738.jpg?lm=1,2004-03-16,71,3
1938,Joe Scally,7000000.0,29.0,Right-Back,United States,https://tmssl.akamaized.net//images/flagge/verysmall/184.png?lm=1520611569,https://img.a.transfermarkt.technology/portrait/medium/504153-1760967039.jpg?lm=1,2002-12-31,71,3
1939,Yannik Engelhardt,6000000.0,6.0,Defensive Midfield,Germany,https://tmssl.akamaized.net//images/flagge/verysmall/40.png?lm=1520612525,https://img.a.transfermarkt.technology/portrait/medium/405670-1760966867.jpg?lm=1,2001-02-07,71,3
1940,Philipp Sander,4000000.0,16.0,Defensive Midfield,Germany,https://tmssl.akamaized.net//images/flagge/verysmall/40.png?lm=1520612525,https://img.a.transfermarkt.technology/portrait/medium/388409-1760966764.jpg?lm=1,1998-02-21,71,3
1941,Niklas Swider,250000.0,39.0,Defensive Midfield,Germany,https://tmssl.akamaized.net//images/flagge/verysmall/40.png?lm=1520612525,https://img.a.transfermarkt.technology/portrait/medium/1009463-1760967332.jpg?lm=1,2007-01-05,71,3
1942,Rocco Reitz,20000000.0,27.0,Central Midfield,Germany,https://tmssl.akamaized.net//images/flagge/verysmall/40.png?lm=1520612525,https://img.a.transfermarkt.technology/portrait/medium/467434-1760966939.jpg?lm=1,2002-05-29,71,3
1943,Jens Castrop,6000000.0,17.0,Central Midfield,"Korea, South",https://tmssl.akamaized.net//images/flagge/verysmall/87.png?lm=1520611569,https://img.a.transfermarkt.technology/portrait/medium/613192-1760966991.jpg?lm=1,2003-07-29,71,3
1944,Florian Neuhaus,3500000.0,10.0,Central Midfield,Germany,https://tmssl.akamaized.net//images/flagge/verysmall/40.png?lm=1520612525,https://img.a.transfermarkt.technology/portrait/medium/278332-1739091435.jpg?lm=1,1997-03-16,71,3
1945,Wael Mohya,10000000.0,36.0,Attacking Midfield,Germany,https://tmssl.akamaized.net//images/flagge/verysmall/40.png?lm=1520612525,https://img.a.transfermarkt.technology/portrait/medium/1070979-1760967470.jpg?lm=1,2008-12-31,71,3
1946,Giovanni Reyna,4000000.0,13.0,Attacking Midfield,United States,https://tmssl.akamaized.net//images/flagge/verysmall/184.png?lm=1520611569,https://img.a.transfermarkt.technology/portrait/medium/504215-1760967520.jpg?lm=1,2002-11-13,71,3
1947,Kevin Stöger,2000000.0,7.0,Attacking Midfield,Austria,https://tmssl.akamaized.net//images/flagge/verysmall/127.png?lm=1520611569,https://img.a.transfermarkt.technology/portrait/medium/106872-1722945684.jpg?lm=1,1993-08-27,71,3
1948,Robin Hack,9000000.0,25.0,Left Winger,Germany,https://tmssl.akamaized.net//images/flagge/verysmall/40.png?lm=1520612525,https://img.a.transfermarkt.technology/portrait/medium/284010-1722945425.jpg?lm=1,1998-08-27,71,3
1949,Hugo Bolin,6000000.0,38.0,Left Winger,Sweden,https://tmssl.akamaized.net//images/flagge/verysmall/147.png?lm=1520611569,https://img.a.transfermarkt.technology/portrait/medium/667251-1704806100.jpg?lm=1,2003-07-24,71,3
1950,Franck Honorat,10000000.0,9.0,Right Winger,France,https://tmssl.akamaized.net//images/flagge/verysmall/50.png?lm=1520611569,https://img.a.transfermarkt.technology/portrait/medium/229006-1691248904.jpg?lm=1,1996-08-11,71,3
1951,Nathan Ngoumou,3500000.0,19.0,Right Winger,Cameroon,https://tmssl.akamaized.net//images/flagge/verysmall/31.png?lm=1520611569,https://img.a.transfermarkt.technology/portrait/medium/629588-1760967137.jpg?lm=1,2000-03-14,71,3
1952,Tim Kleindienst,10000000.0,11.0,Centre-Forward,Germany,https://tmssl.akamaized.net//images/flagge/verysmall/40.png?lm=1520612525,https://img.a.transfermarkt.technology/portrait/medium/193033-1722945738.jpg?lm=1,1995-08-31,71,3
1953,Shuto Machino,5000000.0,18.0,Centre-Forward,Japan,https://tmssl.akamaized.net//images/flagge/verysmall/77.png?lm=1520611569,https://img.a.transfermarkt.technology/portrait/medium/550580-1760967093.jpg?lm=1,1999-09-30,71,3
1954,Haris Tabakovic,3000000.0,15.0,Centre-Forward,Bosnia-Herzegovina,https://tmssl.akamaized.net//images/flagge/verysmall/24.png?lm=1569523290,https://img.a.transfermarkt.technology/portrait/medium/203123-1720778399.jpg?lm=1,1994-06-20,71,3
1955,Alejo Sarco,2000000.0,8.0,Centre-Forward,Argentina,https://tmssl.akamaized.net//images/flagge/verysmall/9.png?lm=1520611569,https://img.a.transfermarkt.technology/portrait/medium/1000675-1760947366.jpg?lm=1,2006-01-06,71,3
1956,Kauã Santos,7000000.0,40.0,Goalkeeper,Brazil,https://tmssl.akamaized.net//images/flagge/verysmall/26.png?lm=1520611569,https://img.a.transfermarkt.technology/portrait/medium/997861-1696509170.jpg?lm=1,2003-04-11,72,3
1957,Michael Zetterer,4500000.0,23.0,Goalkeeper,Germany,https://tmssl.akamaized.net//images/flagge/verysmall/40.png?lm=1520612525,https://img.a.transfermarkt.technology/portrait/medium/196813-1757598019.jpg?lm=1,1995-07-12,72,3
1958,Jens Grahl,200000.0,33.0,Goalkeeper,Germany,https://tmssl.akamaized.net//images/flagge/verysmall/40.png?lm=1520612525,https://img.a.transfermarkt.technology/portrait/medium/40034-1663064684.jpg?lm=1,1988-09-22,72,3
1959,Amil Siljevic,50000.0,39.0,Goalkeeper,Bosnia-Herzegovina,https://tmssl.akamaized.net//images/flagge/verysmall/24.png?lm=1569523290,https://img.a.transfermarkt.technology/portrait/medium/1079622-1753984743.jpg?lm=1,2007-01-19,72,3
1960,Arthur Theate,20000000.0,3.0,Centre-Back,Belgium,https://tmssl.akamaized.net//images/flagge/verysmall/19.png?lm=1520611569,https://img.a.transfermarkt.technology/portrait/medium/368891-1757597860.jpg?lm=1,2000-05-25,72,3
1961,Nnamdi Collins,20000000.0,34.0,Centre-Back,Germany,https://tmssl.akamaized.net//images/flagge/verysmall/40.png?lm=1520612525,https://img.a.transfermarkt.technology/portrait/medium/684315-1724772257.jpg?lm=1,2004-01-10,72,3
1962,Robin Koch,15000000.0,4.0,Centre-Back,Germany,https://tmssl.akamaized.net//images/flagge/verysmall/40.png?lm=1520612525,https://img.a.transfermarkt.technology/portrait/medium/328784-1753984898.jpg?lm=1,1996-07-17,72,3
1963,Aurèle Amenda,8000000.0,5.0,Centre-Back,Switzerland,https://tmssl.akamaized.net//images/flagge/verysmall/148.png?lm=1520611569,https://img.a.transfermarkt.technology/portrait/medium/635645-1724772426.jpg?lm=1,2003-07-31,72,3
1964,Nathaniel Brown,35000000.0,21.0,Left-Back,Germany,https://tmssl.akamaized.net//images/flagge/verysmall/40.png?lm=1520612525,https://img.a.transfermarkt.technology/portrait/medium/691892-1724772335.jpg?lm=1,2003-06-16,72,3
1965,Keita Kosugi,6000000.0,26.0,Left-Back,Japan,https://tmssl.akamaized.net//images/flagge/verysmall/77.png?lm=1520611569,https://img.a.transfermarkt.technology/portrait/medium/1146988-1758617811.jpg?lm=1,2006-03-18,72,3
1966,Rasmus Kristensen,12000000.0,13.0,Right-Back,Denmark,https://tmssl.akamaized.net//images/flagge/verysmall/39.png?lm=1520611569,https://img.a.transfermarkt.technology/portrait/medium/369684-1725875948.jpg?lm=1,1997-07-11,72,3
1967,Elias Baum,4000000.0,2.0,Right-Back,Germany,https://tmssl.akamaized.net//images/flagge/verysmall/40.png?lm=1520612525,https://img.a.transfermarkt.technology/portrait/medium/744857-1722953003.jpg?lm=1,2005-10-26,72,3
1968,Timothy Chandler,350000.0,22.0,Right-Back,United States,https://tmssl.akamaized.net//images/flagge/verysmall/184.png?lm=1520611569,https://img.a.transfermarkt.technology/portrait/medium/49723-1663064872.jpg?lm=1,1990-03-29,72,3
1969,Ellyes Skhiri,6000000.0,15.0,Defensive Midfield,Tunisia,https://tmssl.akamaized.net//images/flagge/verysmall/173.png?lm=1520611569,https://img.a.transfermarkt.technology/portrait/medium/290587-1696509403.jpg?lm=1,1995-05-10,72,3
1970,Hugo Larsson,32000000.0,16.0,Central Midfield,Sweden,https://tmssl.akamaized.net//images/flagge/verysmall/147.png?lm=1520611569,https://img.a.transfermarkt.technology/portrait/medium/931838-1696509259.jpg?lm=1,2004-06-27,72,3
1971,Oscar Højlund,10000000.0,6.0,Central Midfield,Denmark,https://tmssl.akamaized.net//images/flagge/verysmall/39.png?lm=1520611569,https://img.a.transfermarkt.technology/portrait/medium/846310-1724771793.jpg?lm=1,2005-01-04,72,3
1972,Mahmoud Dahoud,2000000.0,18.0,Central Midfield,Syria,https://tmssl.akamaized.net//images/flagge/verysmall/163.png?lm=1742914013,https://img.a.transfermarkt.technology/portrait/medium/191422-1726605307.jpg?lm=1,1996-01-01,72,3
1973,Can Uzun,45000000.0,42.0,Attacking Midfield,Türkiye,https://tmssl.akamaized.net//images/flagge/verysmall/174.png?lm=1520611569,https://img.a.transfermarkt.technology/portrait/medium/816585-1724772468.jpg?lm=1,2005-11-11,72,3
1974,Farès Chaïbi,15000000.0,8.0,Attacking Midfield,Algeria,https://tmssl.akamaized.net//images/flagge/verysmall/4.png?lm=1520611569,https://img.a.transfermarkt.technology/portrait/medium/855015-1693383538.jpg?lm=1,2002-11-28,72,3
1975,Love Arrhov,5000000.0,31.0,Attacking Midfield,Sweden,https://tmssl.akamaized.net//images/flagge/verysmall/147.png?lm=1520611569,https://img.a.transfermarkt.technology/portrait/medium/1184986-1743334043.jpg?lm=1,2008-05-17,72,3
1976,Mario Götze,3500000.0,27.0,Attacking Midfield,Germany,https://tmssl.akamaized.net//images/flagge/verysmall/40.png?lm=1520612525,https://img.a.transfermarkt.technology/portrait/medium/74842-1663065102.jpg?lm=1,1992-06-03,72,3
1977,Jean-Mattéo Bahoya,25000000.0,19.0,Left Winger,France,https://tmssl.akamaized.net//images/flagge/verysmall/50.png?lm=1520611569,https://img.a.transfermarkt.technology/portrait/medium/939964-1724772389.jpg?lm=1,2005-05-07,72,3
1978,Ritsu Doan,20000000.0,20.0,Right Winger,Japan,https://tmssl.akamaized.net//images/flagge/verysmall/77.png?lm=1520611569,https://img.a.transfermarkt.technology/portrait/medium/358504-1757597784.jpg?lm=1,1998-06-16,72,3
1979,Ansgar Knauff,15000000.0,7.0,Right Winger,Germany,https://tmssl.akamaized.net//images/flagge/verysmall/40.png?lm=1520612525,https://img.a.transfermarkt.technology/portrait/medium/429874-1663065826.jpg?lm=1,2002-01-10,72,3
1980,Ayoube Amaimouni-Echghouyab,7000000.0,29.0,Right Winger,Morocco,https://tmssl.akamaized.net//images/flagge/verysmall/107.png?lm=1520611569,https://img.a.transfermarkt.technology/portrait/medium/799993-1773653073.jpg?lm=1,2004-11-30,72,3
1981,Jonathan Burkardt,35000000.0,9.0,Centre-Forward,Germany,https://tmssl.akamaized.net//images/flagge/verysmall/40.png?lm=1520612525,https://img.a.transfermarkt.technology/portrait/medium/333647-1753985077.jpg?lm=1,2000-07-11,72,3
1982,Arnaud Kalimuendo,25000000.0,25.0,Centre-Forward,France,https://tmssl.akamaized.net//images/flagge/verysmall/50.png?lm=1520611569,https://img.a.transfermarkt.technology/portrait/medium/585959-1666698479.jpg?lm=1,2002-01-20,72,3
1983,Younes Ebnoutalib,8000000.0,11.0,Centre-Forward,Germany,https://tmssl.akamaized.net//images/flagge/verysmall/40.png?lm=1520612525,https://img.a.transfermarkt.technology/portrait/medium/692368-1753442833.jpg?lm=1,2003-09-13,72,3
1984,Michy Batshuayi,3000000.0,30.0,Centre-Forward,Belgium,https://tmssl.akamaized.net//images/flagge/verysmall/19.png?lm=1520611569,https://img.a.transfermarkt.technology/portrait/medium/179184-1753985153.jpg?lm=1,1993-10-02,72,3
1985,Finn Dahmen,12000000.0,1.0,Goalkeeper,Germany,https://tmssl.akamaized.net//images/flagge/verysmall/40.png?lm=1520612525,https://img.a.transfermarkt.technology/portrait/medium/251299-1755200500.jpg?lm=1,1998-03-27,73,3
1986,Nediljko Labrovic,2000000.0,22.0,Goalkeeper,Croatia,https://tmssl.akamaized.net//images/flagge/verysmall/37.png?lm=1520611569,https://img.a.transfermarkt.technology/portrait/medium/610190-1755200567.jpg?lm=1,1999-10-10,73,3
1987,Daniel Klein,150000.0,25.0,Goalkeeper,Germany,https://tmssl.akamaized.net//images/flagge/verysmall/40.png?lm=1520612525,https://img.a.transfermarkt.technology/portrait/medium/392124-1755200609.jpg?lm=1,2001-03-13,73,3
1988,Chrislain Matsima,22000000.0,5.0,Centre-Back,France,https://tmssl.akamaized.net//images/flagge/verysmall/50.png?lm=1520611569,https://img.a.transfermarkt.technology/portrait/medium/569383-1755200922.jpg?lm=1,2002-05-15,73,3
1989,Noahkai Banks,22000000.0,40.0,Centre-Back,United States,https://tmssl.akamaized.net//images/flagge/verysmall/184.png?lm=1520611569,https://img.a.transfermarkt.technology/portrait/medium/923945-1755200998.jpg?lm=1,2006-12-01,73,3
1990,Keven Schlotterbeck,6000000.0,31.0,Centre-Back,Germany,https://tmssl.akamaized.net//images/flagge/verysmall/40.png?lm=1520612525,https://img.a.transfermarkt.technology/portrait/medium/413843-1755201026.jpg?lm=1,1997-04-28,73,3
1991,Cédric Zesiger,5000000.0,16.0,Centre-Back,Switzerland,https://tmssl.akamaized.net//images/flagge/verysmall/148.png?lm=1520611569,https://img.a.transfermarkt.technology/portrait/medium/382478-1755200960.jpg?lm=1,1998-06-24,73,3
1992,Arthur Chaves,4000000.0,34.0,Centre-Back,Brazil,https://tmssl.akamaized.net//images/flagge/verysmall/26.png?lm=1520611569,https://img.a.transfermarkt.technology/portrait/medium/875332-1773660988.jpg?lm=1,2001-01-29,73,3
1993,Jeffrey Gouweleeuw,1000000.0,6.0,Centre-Back,Netherlands,https://tmssl.akamaized.net//images/flagge/verysmall/122.png?lm=1520611569,https://img.a.transfermarkt.technology/portrait/medium/106405-1755201296.jpg?lm=1,1991-07-10,73,3
1994,Felix Meiser,150000.0,41.0,Centre-Back,Germany,https://tmssl.akamaized.net//images/flagge/verysmall/40.png?lm=1520612525,https://img.a.transfermarkt.technology/portrait/medium/1069641-1755201345.jpg?lm=1,2007-01-16,73,3
1995,Dimitrios Giannoulis,3000000.0,13.0,Left-Back,Greece,https://tmssl.akamaized.net//images/flagge/verysmall/56.png?lm=1520611569,https://img.a.transfermarkt.technology/portrait/medium/295630-1755201178.jpg?lm=1,1995-10-17,73,3
1996,Mads Pedersen,1000000.0,3.0,Left-Back,Denmark,https://tmssl.akamaized.net//images/flagge/verysmall/39.png?lm=1520611569,https://img.a.transfermarkt.technology/portrait/medium/288429-1755201256.jpg?lm=1,1996-09-01,73,3
1997,Oliver Sorg,400000.0,43.0,Left-Back,Austria,https://tmssl.akamaized.net//images/flagge/verysmall/127.png?lm=1520611569,https://img.a.transfermarkt.technology/portrait/medium/960444-1755200367.jpg?lm=1,2007-07-31,73,3
1998,Marius Wolf,2500000.0,27.0,Right-Back,Germany,https://tmssl.akamaized.net//images/flagge/verysmall/40.png?lm=1520612525,https://img.a.transfermarkt.technology/portrait/medium/193900-1755201094.jpg?lm=1,1995-05-27,73,3
1999,Kristijan Jakic,6000000.0,17.0,Defensive Midfield,Croatia,https://tmssl.akamaized.net//images/flagge/verysmall/37.png?lm=1520611569,https://img.a.transfermarkt.technology/portrait/medium/374954-1755201482.jpg?lm=1,1997-05-14,73,3
2000,Robin Fellhauer,3000000.0,19.0,Defensive Midfield,Germany,https://tmssl.akamaized.net//images/flagge/verysmall/40.png?lm=1520612525,https://img.a.transfermarkt.technology/portrait/medium/264960-1755201733.jpg?lm=1,1998-01-21,73,3
2001,Yannik Keitel,2000000.0,14.0,Defensive Midfield,Germany,https://tmssl.akamaized.net//images/flagge/verysmall/40.png?lm=1520612525,https://img.a.transfermarkt.technology/portrait/medium/342039-1773661370.jpg?lm=1,2000-02-15,73,3
2002,Mahmut Kücüksahin,150000.0,42.0,Defensive Midfield,Türkiye,https://tmssl.akamaized.net//images/flagge/verysmall/174.png?lm=1520611569,https://img.a.transfermarkt.technology/portrait/medium/730486-1755201696.jpg?lm=1,2004-04-07,73,3
2003,Han-Noah Massengo,6000000.0,4.0,Central Midfield,France,https://tmssl.akamaized.net//images/flagge/verysmall/50.png?lm=1520611569,https://img.a.transfermarkt.technology/portrait/medium/536508-1755200310.jpg?lm=1,2001-07-07,73,3
2004,Elvis Rexhbecaj,3500000.0,8.0,Central Midfield,Kosovo,https://tmssl.akamaized.net//images/flagge/verysmall/244.png?lm=1520611569,https://img.a.transfermarkt.technology/portrait/medium/280575-1755201620.jpg?lm=1,1997-11-01,73,3
2005,Anton Kade,7500000.0,30.0,Right Midfield,Germany,https://tmssl.akamaized.net//images/flagge/verysmall/40.png?lm=1520612525,https://img.a.transfermarkt.technology/portrait/medium/654234-1773671161.jpg?lm=1,2004-01-17,73,3
2006,Alexis Claude-Maurice,15000000.0,20.0,Attacking Midfield,France,https://tmssl.akamaized.net//images/flagge/verysmall/50.png?lm=1520611569,https://img.a.transfermarkt.technology/portrait/medium/384593-1755201378.jpg?lm=1,1998-06-06,73,3
2007,Mert Kömür,12000000.0,36.0,Attacking Midfield,Germany,https://tmssl.akamaized.net//images/flagge/verysmall/40.png?lm=1520612525,https://img.a.transfermarkt.technology/portrait/medium/777005-1755201514.jpg?lm=1,2005-07-17,73,3
2008,Fabian Rieder,8000000.0,32.0,Attacking Midfield,Switzerland,https://tmssl.akamaized.net//images/flagge/verysmall/148.png?lm=1520611569,https://img.a.transfermarkt.technology/portrait/medium/507341-1773671220.jpg?lm=1,2002-02-16,73,3
2009,Ismaël Gharbi,5000000.0,11.0,Left Winger,Tunisia,https://tmssl.akamaized.net//images/flagge/verysmall/173.png?lm=1520611569,https://img.a.transfermarkt.technology/portrait/medium/810096-1773671302.jpg?lm=1,2004-04-10,73,3
2010,Rodrigo Ribeiro,4000000.0,21.0,Centre-Forward,Portugal,https://tmssl.akamaized.net//images/flagge/verysmall/136.png?lm=1520611569,https://img.a.transfermarkt.technology/portrait/medium/726701-1773661292.jpg?lm=1,2005-04-28,73,3
2011,Uchenna Ogundu,4000000.0,39.0,Centre-Forward,Nigeria,https://tmssl.akamaized.net//images/flagge/verysmall/124.png?lm=1520611569,https://img.a.transfermarkt.technology/portrait/medium/1309324-1773661504.jpg?lm=1,2006-05-12,73,3
2012,Michael Gregoritsch,1500000.0,38.0,Centre-Forward,Austria,https://tmssl.akamaized.net//images/flagge/verysmall/127.png?lm=1520611569,https://img.a.transfermarkt.technology/portrait/medium/120205-1773661423.jpg?lm=1,1994-04-18,73,3
2013,Thomas Kastanaras,300000.0,24.0,Centre-Forward,Germany,https://tmssl.akamaized.net//images/flagge/verysmall/40.png?lm=1520612525,https://img.a.transfermarkt.technology/portrait/medium/675565-1773661781.jpg?lm=1,2003-01-09,73,3
2014,Nikola Vasilj,4500000.0,22.0,Goalkeeper,Bosnia-Herzegovina,https://tmssl.akamaized.net//images/flagge/verysmall/24.png?lm=1569523290,https://img.a.transfermarkt.technology/portrait/medium/248454-1755032189.jpg?lm=1,1995-12-02,74,3
2015,Ben Voll,500000.0,1.0,Goalkeeper,Germany,https://tmssl.akamaized.net//images/flagge/verysmall/40.png?lm=1520612525,https://img.a.transfermarkt.technology/portrait/medium/453742-1755032245.jpg?lm=1,2000-12-09,74,3
2016,Simon Spari,350000.0,30.0,Goalkeeper,Austria,https://tmssl.akamaized.net//images/flagge/verysmall/127.png?lm=1520611569,https://img.a.transfermarkt.technology/portrait/medium/527597-1755032304.jpg?lm=1,2002-06-16,74,3
2017,Emil Gazdov,175000.0,47.0,Goalkeeper,Canada,https://tmssl.akamaized.net//images/flagge/verysmall/80.png?lm=1520611569,https://img.a.transfermarkt.technology/portrait/medium/790733-1714921637.jpg?lm=1,2003-09-11,74,3
2018,Eric Smith,5000000.0,8.0,Centre-Back,Sweden,https://tmssl.akamaized.net//images/flagge/verysmall/147.png?lm=1520611569,https://img.a.transfermarkt.technology/portrait/medium/292534-1755032356.jpg?lm=1,1997-01-08,74,3
2019,David Nemeth,3000000.0,4.0,Centre-Back,Austria,https://tmssl.akamaized.net//images/flagge/verysmall/127.png?lm=1520611569,https://img.a.transfermarkt.technology/portrait/medium/451906-1755032414.jpg?lm=1,2001-03-18,74,3
2020,Tomoya Ando,3000000.0,15.0,Centre-Back,Japan,https://tmssl.akamaized.net//images/flagge/verysmall/77.png?lm=1520611569,https://img.a.transfermarkt.technology/portrait/medium/610795-1760491841.jpg?lm=1,1999-01-10,74,3
2021,Hauke Wahl,1500000.0,5.0,Centre-Back,Germany,https://tmssl.akamaized.net//images/flagge/verysmall/40.png?lm=1520612525,https://img.a.transfermarkt.technology/portrait/medium/154147-1755032459.jpg?lm=1,1994-04-15,74,3
2022,Adam Dzwigala,900000.0,25.0,Centre-Back,Poland,https://tmssl.akamaized.net//images/flagge/verysmall/135.png?lm=1520611569,https://img.a.transfermarkt.technology/portrait/medium/236966-1755032561.jpg?lm=1,1995-09-25,74,3
2023,Karol Mets,800000.0,3.0,Centre-Back,Estonia,https://tmssl.akamaized.net//images/flagge/verysmall/47.png?lm=1520611569,https://img.a.transfermarkt.technology/portrait/medium/139304-1755032511.jpg?lm=1,1993-05-16,74,3
2024,Jannik Robatsch,600000.0,34.0,Centre-Back,Austria,https://tmssl.akamaized.net//images/flagge/verysmall/127.png?lm=1520611569,https://img.a.transfermarkt.technology/portrait/medium/909860-1755032608.jpg?lm=1,2004-12-28,74,3
2025,Louis Oppie,2500000.0,23.0,Left-Back,Germany,https://tmssl.akamaized.net//images/flagge/verysmall/40.png?lm=1520612525,https://img.a.transfermarkt.technology/portrait/medium/605265-1755032713.jpg?lm=1,2002-05-17,74,3
2026,Lars Ritzka,1000000.0,21.0,Left-Back,Germany,https://tmssl.akamaized.net//images/flagge/verysmall/40.png?lm=1520612525,https://img.a.transfermarkt.technology/portrait/medium/333903-1755032658.jpg?lm=1,1998-05-07,74,3
2027,Arkadiusz Pyrka,3500000.0,11.0,Right-Back,Poland,https://tmssl.akamaized.net//images/flagge/verysmall/135.png?lm=1520611569,https://img.a.transfermarkt.technology/portrait/medium/599733-1755032127.jpg?lm=1,2002-09-20,74,3
2028,Manolis Saliakas,2500000.0,2.0,Right-Back,Greece,https://tmssl.akamaized.net//images/flagge/verysmall/56.png?lm=1520611569,https://img.a.transfermarkt.technology/portrait/medium/242661-1755032759.jpg?lm=1,1996-09-12,74,3
2029,Fin Stevens,500000.0,14.0,Right-Back,Wales,https://tmssl.akamaized.net//images/flagge/verysmall/191.png?lm=1520611569,https://img.a.transfermarkt.technology/portrait/medium/587019-1755032806.jpg?lm=1,2003-04-10,74,3
2030,James Sands,5000000.0,6.0,Defensive Midfield,United States,https://tmssl.akamaized.net//images/flagge/verysmall/184.png?lm=1520611569,https://img.a.transfermarkt.technology/portrait/medium/393321-1755032856.jpg?lm=1,2000-07-06,74,3
2031,Marwin Schmitz,200000.0,42.0,Defensive Midfield,Germany,https://tmssl.akamaized.net//images/flagge/verysmall/40.png?lm=1520612525,https://img.a.transfermarkt.technology/portrait/medium/1003534-1755032903.jpg?lm=1,2007-01-07,74,3
2032,Joel Chima Fujita,10000000.0,16.0,Central Midfield,Japan,https://tmssl.akamaized.net//images/flagge/verysmall/77.png?lm=1520611569,https://img.a.transfermarkt.technology/portrait/medium/697277-1755032962.jpg?lm=1,2002-02-16,74,3
2033,Mathias Rasmussen,2500000.0,20.0,Central Midfield,Norway,https://tmssl.akamaized.net//images/flagge/verysmall/125.png?lm=1520611569,https://img.a.transfermarkt.technology/portrait/medium/268327-1714468559.png?lm=1,1997-11-25,74,3
2034,Connor Metcalfe,2000000.0,24.0,Central Midfield,Australia,https://tmssl.akamaized.net//images/flagge/verysmall/12.png?lm=1520611569,https://img.a.transfermarkt.technology/portrait/medium/522223-1755033011.jpg?lm=1,1999-11-05,74,3
2035,Jackson Irvine,1500000.0,7.0,Central Midfield,Australia,https://tmssl.akamaized.net//images/flagge/verysmall/12.png?lm=1520611569,https://img.a.transfermarkt.technology/portrait/medium/192557-1755032060.jpg?lm=1,1993-03-07,74,3
2036,Nick Schmidt,125000.0,44.0,Central Midfield,Japan,https://tmssl.akamaized.net//images/flagge/verysmall/77.png?lm=1520611569,https://img.a.transfermarkt.technology/portrait/medium/1152232-1757681443.jpg?lm=1,2007-09-12,74,3
2037,Danel Sinani,3000000.0,10.0,Attacking Midfield,Luxembourg,https://tmssl.akamaized.net//images/flagge/verysmall/99.png?lm=1520611569,https://img.a.transfermarkt.technology/portrait/medium/346499-1755033100.jpg?lm=1,1997-04-05,74,3
2038,Mathias Pereira Lage,3500000.0,28.0,Left Winger,Portugal,https://tmssl.akamaized.net//images/flagge/verysmall/136.png?lm=1520611569,https://img.a.transfermarkt.technology/portrait/medium/424072-1755031981.jpg?lm=1,1996-11-30,74,3
2039,Andréas Hountondji,5000000.0,27.0,Centre-Forward,Benin,https://tmssl.akamaized.net//images/flagge/verysmall/21.png?lm=1520611569,https://img.a.transfermarkt.technology/portrait/medium/704155-1755031911.jpg?lm=1,2002-07-11,74,3
2040,Martijn Kaars,3000000.0,19.0,Centre-Forward,Netherlands,https://tmssl.akamaized.net//images/flagge/verysmall/122.png?lm=1520611569,https://img.a.transfermarkt.technology/portrait/medium/377729-1752826377.jpg?lm=1,1999-03-05,74,3
2041,Taichi Hara,1500000.0,18.0,Centre-Forward,Japan,https://tmssl.akamaized.net//images/flagge/verysmall/77.png?lm=1520611569,https://img.a.transfermarkt.technology/portrait/medium/495752-1769616700.jpg?lm=1,1999-05-05,74,3
2042,Ricky-Jade Jones,1200000.0,26.0,Centre-Forward,England,https://tmssl.akamaized.net//images/flagge/verysmall/189.png?lm=1520611569,https://img.a.transfermarkt.technology/portrait/medium/677935-1755033236.jpg?lm=1,2002-11-08,74,3
2043,Abdoulie Ceesay,800000.0,9.0,Centre-Forward,The Gambia,https://tmssl.akamaized.net//images/flagge/verysmall/52.png?lm=1520611569,https://img.a.transfermarkt.technology/portrait/medium/1280281-1755033280.jpg?lm=1,2004-01-05,74,3
2044,Sander Tangvik,3000000.0,12.0,Goalkeeper,Norway,https://tmssl.akamaized.net//images/flagge/verysmall/125.png?lm=1520611569,https://img.a.transfermarkt.technology/portrait/medium/549378-1768895607.jpg?lm=1,2002-11-29,75,3
2045,Daniel Heuer Fernandes,1200000.0,1.0,Goalkeeper,Portugal,https://tmssl.akamaized.net//images/flagge/verysmall/136.png?lm=1520611569,https://img.a.transfermarkt.technology/portrait/medium/84993-1758189215.jpg?lm=1,1992-11-13,75,3
2046,Hannes Hermann,150000.0,40.0,Goalkeeper,Germany,https://tmssl.akamaized.net//images/flagge/verysmall/40.png?lm=1520612525,https://img.a.transfermarkt.technology/portrait/medium/894692-1758189810.jpg?lm=1,2005-03-23,75,3
2047,Fernando Dickes,50000.0,41.0,Goalkeeper,Germany,https://tmssl.akamaized.net//images/flagge/verysmall/40.png?lm=1520612525,https://img.a.transfermarkt.technology/portrait/medium/1048715-1758187968.jpg?lm=1,2007-10-13,75,3
2048,Luka Vuskovic,60000000.0,44.0,Centre-Back,Croatia,https://tmssl.akamaized.net//images/flagge/verysmall/37.png?lm=1520611569,https://img.a.transfermarkt.technology/portrait/medium/892160-1758187820.jpg?lm=1,2007-02-24,75,3
2049,Nicolás Capaldo,5000000.0,24.0,Centre-Back,Argentina,https://tmssl.akamaized.net//images/flagge/verysmall/9.png?lm=1520611569,https://img.a.transfermarkt.technology/portrait/medium/649672-1758188433.jpg?lm=1,1998-09-14,75,3
2050,Jordan Torunarigha,4000000.0,25.0,Centre-Back,Nigeria,https://tmssl.akamaized.net//images/flagge/verysmall/124.png?lm=1520611569,https://img.a.transfermarkt.technology/portrait/medium/227110-1758188233.jpg?lm=1,1997-08-07,75,3
2051,Daniel Elfadli,3500000.0,8.0,Centre-Back,Libya,https://tmssl.akamaized.net//images/flagge/verysmall/96.png?lm=1520611569,https://img.a.transfermarkt.technology/portrait/medium/529895-1758189409.jpg?lm=1,1997-04-06,75,3
2052,Warmed Omari,3500000.0,17.0,Centre-Back,Comoros,https://tmssl.akamaized.net//images/flagge/verysmall/35.png?lm=1520611569,https://img.a.transfermarkt.technology/portrait/medium/711996-1758188768.jpg?lm=1,2000-04-23,75,3
2053,Shafiq Nandja,175000.0,43.0,Centre-Back,Germany,https://tmssl.akamaized.net//images/flagge/verysmall/40.png?lm=1520612525,https://img.a.transfermarkt.technology/portrait/medium/1125079-1753988106.jpeg?lm=1,2007-01-15,75,3
2054,Miro Muheim,5000000.0,28.0,Left-Back,Switzerland,https://tmssl.akamaized.net//images/flagge/verysmall/148.png?lm=1520611569,https://img.a.transfermarkt.technology/portrait/medium/298603-1728395082.jpg?lm=1,1998-03-24,75,3
2055,Noah Katterbach,600000.0,3.0,Left-Back,Germany,https://tmssl.akamaized.net//images/flagge/verysmall/40.png?lm=1520612525,https://img.a.transfermarkt.technology/portrait/medium/469949-1758189251.jpg?lm=1,2001-04-13,75,3
2056,William Mikelbrencis,3000000.0,2.0,Right-Back,France,https://tmssl.akamaized.net//images/flagge/verysmall/50.png?lm=1520611569,https://img.a.transfermarkt.technology/portrait/medium/743500-1758189301.jpg?lm=1,2004-02-25,75,3
2057,Giorgi Gocholeishvili,2500000.0,16.0,Right-Back,Georgia,https://tmssl.akamaized.net//images/flagge/verysmall/53.png?lm=1520611569,https://img.a.transfermarkt.technology/portrait/medium/540056-1758188821.jpg?lm=1,2001-02-14,75,3
2058,Nicolai Remberg,7000000.0,21.0,Defensive Midfield,Germany,https://tmssl.akamaized.net//images/flagge/verysmall/40.png?lm=1520612525,https://img.a.transfermarkt.technology/portrait/medium/592534-1758188560.jpg?lm=1,2000-06-19,75,3
2059,Albert Sambi Lokonga,10000000.0,6.0,Central Midfield,Belgium,https://tmssl.akamaized.net//images/flagge/verysmall/19.png?lm=1520611569,https://img.a.transfermarkt.technology/portrait/medium/381967-1758189027.jpg?lm=1,1999-10-22,75,3
2060,Fábio Vieira,18000000.0,20.0,Attacking Midfield,Portugal,https://tmssl.akamaized.net//images/flagge/verysmall/136.png?lm=1520611569,https://img.a.transfermarkt.technology/portrait/medium/537598-1758188654.jpg?lm=1,2000-05-30,75,3
2061,Albert Grønbæk,5000000.0,23.0,Attacking Midfield,Denmark,https://tmssl.akamaized.net//images/flagge/verysmall/39.png?lm=1520611569,https://img.a.transfermarkt.technology/portrait/medium/503866-1729079861.jpg?lm=1,2001-05-23,75,3
2062,Omar Megeed,150000.0,39.0,Attacking Midfield,Egypt,https://tmssl.akamaized.net//images/flagge/verysmall/2.png?lm=1520611569,https://img.a.transfermarkt.technology/portrait/medium/910582-1753989029.jpeg?lm=1,2005-08-19,75,3
2063,Philip Otele,5000000.0,27.0,Left Winger,Nigeria,https://tmssl.akamaized.net//images/flagge/verysmall/124.png?lm=1520611569,https://img.a.transfermarkt.technology/portrait/medium/678655-1689769630.jpg?lm=1,1999-04-15,75,3
2064,Alexander Røssing-Lelesiit,5000000.0,38.0,Left Winger,Norway,https://tmssl.akamaized.net//images/flagge/verysmall/125.png?lm=1520611569,https://img.a.transfermarkt.technology/portrait/medium/1213681-1758188019.jpg?lm=1,2007-01-20,75,3
2065,Jean-Luc Dompé,3500000.0,7.0,Left Winger,France,https://tmssl.akamaized.net//images/flagge/verysmall/50.png?lm=1520611569,https://img.a.transfermarkt.technology/portrait/medium/291222-1758189349.jpg?lm=1,1995-08-12,75,3
2066,Fábio Baldé,3000000.0,45.0,Left Winger,Portugal,https://tmssl.akamaized.net//images/flagge/verysmall/136.png?lm=1520611569,https://img.a.transfermarkt.technology/portrait/medium/910541-1758189846.jpg?lm=1,2005-07-20,75,3
2067,Rayan Philippe,4000000.0,14.0,Right Winger,France,https://tmssl.akamaized.net//images/flagge/verysmall/50.png?lm=1520611569,https://img.a.transfermarkt.technology/portrait/medium/694507-1758188945.jpg?lm=1,2000-10-23,75,3
2068,Bakery Jatta,1000000.0,18.0,Right Winger,The Gambia,https://tmssl.akamaized.net//images/flagge/verysmall/52.png?lm=1520611569,https://img.a.transfermarkt.technology/portrait/medium/415194-1758189571.jpg?lm=1,1998-06-06,75,3
2069,Damion Downs,6000000.0,19.0,Centre-Forward,United States,https://tmssl.akamaized.net//images/flagge/verysmall/184.png?lm=1520611569,https://img.a.transfermarkt.technology/portrait/medium/820241-1721139459.jpg?lm=1,2004-07-06,75,3
2070,Ransford Königsdörffer,4000000.0,11.0,Centre-Forward,Ghana,https://tmssl.akamaized.net//images/flagge/verysmall/54.png?lm=1520611569,https://img.a.transfermarkt.technology/portrait/medium/470038-1758189531.jpg?lm=1,2001-09-13,75,3
2071,Otto Stange,2500000.0,49.0,Centre-Forward,Germany,https://tmssl.akamaized.net//images/flagge/verysmall/40.png?lm=1520612525,https://img.a.transfermarkt.technology/portrait/medium/1058520-1728399688.jpg?lm=1,2007-02-09,75,3
2072,Robert Glatzel,1500000.0,9.0,Centre-Forward,Germany,https://tmssl.akamaized.net//images/flagge/verysmall/40.png?lm=1520612525,https://img.a.transfermarkt.technology/portrait/medium/196139-1758189940.jpg?lm=1,1994-01-08,75,3
2073,Yussuf Poulsen,1500000.0,15.0,Centre-Forward,Denmark,https://tmssl.akamaized.net//images/flagge/verysmall/39.png?lm=1520611569,https://img.a.transfermarkt.technology/portrait/medium/157635-1758188866.jpg?lm=1,1994-06-15,75,3
2074,Maarten Vandevoordt,8000000.0,26.0,Goalkeeper,Belgium,https://tmssl.akamaized.net//images/flagge/verysmall/19.png?lm=1520611569,https://img.a.transfermarkt.technology/portrait/medium/486046-1724337345.jpg?lm=1,2002-02-26,76,3
2075,Péter Gulácsi,2000000.0,1.0,Goalkeeper,Hungary,https://tmssl.akamaized.net//images/flagge/verysmall/178.png?lm=1521635893,https://img.a.transfermarkt.technology/portrait/medium/57071-1719214600.jpg?lm=1,1990-05-06,76,3
2076,Leopold Zingerle,400000.0,25.0,Goalkeeper,Germany,https://tmssl.akamaized.net//images/flagge/verysmall/40.png?lm=1520612525,https://img.a.transfermarkt.technology/portrait/medium/160971-1770713811.jpg?lm=1,1994-04-10,76,3
2077,Castello Lukeba,45000000.0,23.0,Centre-Back,France,https://tmssl.akamaized.net//images/flagge/verysmall/50.png?lm=1520611569,https://img.a.transfermarkt.technology/portrait/medium/618472-1713897532.jpg?lm=1,2002-12-17,76,3
2078,El Chadaille Bitshiabu,15000000.0,5.0,Centre-Back,France,https://tmssl.akamaized.net//images/flagge/verysmall/50.png?lm=1520611569,https://img.a.transfermarkt.technology/portrait/medium/787912-1672304780.jpg?lm=1,2005-05-16,76,3
2079,Willi Orbán,6000000.0,4.0,Centre-Back,Hungary,https://tmssl.akamaized.net//images/flagge/verysmall/178.png?lm=1521635893,https://img.a.transfermarkt.technology/portrait/medium/93740-1724337179.jpg?lm=1,1992-11-03,76,3
2080,Lukas Klostermann,3500000.0,16.0,Centre-Back,Germany,https://tmssl.akamaized.net//images/flagge/verysmall/40.png?lm=1520612525,https://img.a.transfermarkt.technology/portrait/medium/215599-1724337278.jpg?lm=1,1996-06-03,76,3
2081,David Raum,22000000.0,22.0,Left-Back,Germany,https://tmssl.akamaized.net//images/flagge/verysmall/40.png?lm=1520612525,https://img.a.transfermarkt.technology/portrait/medium/318204-1713945422.jpg?lm=1,1998-04-22,76,3
2082,Max Finkgräfe,3000000.0,35.0,Left-Back,Germany,https://tmssl.akamaized.net//images/flagge/verysmall/40.png?lm=1520612525,https://img.a.transfermarkt.technology/portrait/medium/810649-1721139640.jpg?lm=1,2004-03-27,76,3
2083,Ridle Baku,12000000.0,17.0,Right-Back,Germany,https://tmssl.akamaized.net//images/flagge/verysmall/40.png?lm=1520612525,https://img.a.transfermarkt.technology/portrait/medium/327251-1764846399.jpg?lm=1,1998-04-08,76,3
2084,Benjamin Henrichs,9000000.0,39.0,Right-Back,Germany,https://tmssl.akamaized.net//images/flagge/verysmall/40.png?lm=1520612525,https://img.a.transfermarkt.technology/portrait/medium/202591-1715858341.jpg?lm=1,1997-02-23,76,3
2085,Kosta Nedeljkovic,6000000.0,19.0,Right-Back,Serbia,https://tmssl.akamaized.net//images/flagge/verysmall/215.png?lm=1520611569,https://img.a.transfermarkt.technology/portrait/medium/848682-1744279498.jpg?lm=1,2005-12-16,76,3
2086,Nicolas Seiwald,22000000.0,13.0,Defensive Midfield,Austria,https://tmssl.akamaized.net//images/flagge/verysmall/127.png?lm=1520611569,https://img.a.transfermarkt.technology/portrait/medium/404950-1716315232.jpg?lm=1,2001-05-04,76,3
2087,Benno Kaltefleiter,50000.0,37.0,Defensive Midfield,Germany,https://tmssl.akamaized.net//images/flagge/verysmall/40.png?lm=1520612525,https://img.a.transfermarkt.technology/portrait/medium/1279157-1760627062.jpg?lm=1,2008-02-14,76,3
2088,Assan Ouédraogo,28000000.0,20.0,Central Midfield,Germany,https://tmssl.akamaized.net//images/flagge/verysmall/40.png?lm=1520612525,https://img.a.transfermarkt.technology/portrait/medium/897424-1759779834.jpg?lm=1,2006-05-09,76,3
2089,Ezechiel Banzuzi,18000000.0,6.0,Central Midfield,Netherlands,https://tmssl.akamaized.net//images/flagge/verysmall/122.png?lm=1520611569,https://img.a.transfermarkt.technology/portrait/medium/865682-1742827854.jpg?lm=1,2005-02-16,76,3
2090,Xaver Schlager,10000000.0,24.0,Central Midfield,Austria,https://tmssl.akamaized.net//images/flagge/verysmall/127.png?lm=1520611569,https://img.a.transfermarkt.technology/portrait/medium/223979-1771940097.jpg?lm=1,1997-09-28,76,3
2091,Christoph Baumgartner,30000000.0,14.0,Attacking Midfield,Austria,https://tmssl.akamaized.net//images/flagge/verysmall/127.png?lm=1520611569,https://img.a.transfermarkt.technology/portrait/medium/324278-1716315718.jpg?lm=1,1999-08-01,76,3
2092,Brajan Gruda,28000000.0,10.0,Attacking Midfield,Germany,https://tmssl.akamaized.net//images/flagge/verysmall/40.png?lm=1520612525,https://img.a.transfermarkt.technology/portrait/medium/700106-1770733562.jpg?lm=1,2004-05-31,76,3
2093,Andrija Maksimovic,12000000.0,33.0,Attacking Midfield,Serbia,https://tmssl.akamaized.net//images/flagge/verysmall/215.png?lm=1520611569,https://img.a.transfermarkt.technology/portrait/medium/952779-1764846286.jpg?lm=1,2007-06-05,76,3
2094,Viggo Gebel,350000.0,47.0,Attacking Midfield,Germany,https://tmssl.akamaized.net//images/flagge/verysmall/40.png?lm=1520612525,https://img.a.transfermarkt.technology/portrait/medium/1074526-1723447785.jpg?lm=1,2007-11-22,76,3
2095,Yan Diomande,75000000.0,49.0,Left Winger,Cote d'Ivoire,https://tmssl.akamaized.net//images/flagge/verysmall/38.png?lm=1520611569,https://img.a.transfermarkt.technology/portrait/medium/1390649-1759779499.jpg?lm=1,2006-11-14,76,3
2096,Antonio Nusa,32000000.0,7.0,Left Winger,Norway,https://tmssl.akamaized.net//images/flagge/verysmall/125.png?lm=1520611569,https://img.a.transfermarkt.technology/portrait/medium/894914-1724337096.jpg?lm=1,2005-04-17,76,3
2097,Suleman Sani,5000000.0,18.0,Left Winger,Nigeria,https://tmssl.akamaized.net//images/flagge/verysmall/124.png?lm=1520611569,https://img.a.transfermarkt.technology/portrait/medium/1235583-1758621608.jpg?lm=1,2006-09-01,76,3
2098,Tidiam Gomis,5000000.0,27.0,Left Winger,France,https://tmssl.akamaized.net//images/flagge/verysmall/50.png?lm=1520611569,https://img.a.transfermarkt.technology/portrait/medium/955448-1736408355.jpg?lm=1,2006-08-08,76,3
2099,Ayodele Thomas,1000000.0,21.0,Left Winger,Netherlands,https://tmssl.akamaized.net//images/flagge/verysmall/122.png?lm=1520611569,https://img.a.transfermarkt.technology/portrait/medium/763948-1727814145.jpg?lm=1,2007-07-23,76,3
2100,Johan Bakayoko,22000000.0,9.0,Right Winger,Belgium,https://tmssl.akamaized.net//images/flagge/verysmall/19.png?lm=1520611569,https://img.a.transfermarkt.technology/portrait/medium/565424-1697637209.jpg?lm=1,2003-04-20,76,3
2101,Rômulo,30000000.0,40.0,Centre-Forward,Brazil,https://tmssl.akamaized.net//images/flagge/verysmall/26.png?lm=1520611569,https://img.a.transfermarkt.technology/portrait/medium/957874-1761551454.jpg?lm=1,2002-02-08,76,3
2102,Conrad Harder,20000000.0,11.0,Centre-Forward,Denmark,https://tmssl.akamaized.net//images/flagge/verysmall/39.png?lm=1520611569,https://img.a.transfermarkt.technology/portrait/medium/807386-1697191702.jpg?lm=1,2005-04-07,76,3
2103,Samba Konaté,1000000.0,45.0,Centre-Forward,France,https://tmssl.akamaized.net//images/flagge/verysmall/50.png?lm=1520611569,https://img.a.transfermarkt.technology/portrait/medium/1380977-1764846026.jpg?lm=1,2009-02-27,76,3
2104,Noah Atubolu,20000000.0,1.0,Goalkeeper,Germany,https://tmssl.akamaized.net//images/flagge/verysmall/40.png?lm=1520612525,https://img.a.transfermarkt.technology/portrait/medium/526845-1753984204.jpg?lm=1,2002-05-25,77,3
2105,Florian Müller,1200000.0,21.0,Goalkeeper,Germany,https://tmssl.akamaized.net//images/flagge/verysmall/40.png?lm=1520612525,https://img.a.transfermarkt.technology/portrait/medium/284769-1691998669.jpg?lm=1,1997-11-13,77,3
2106,Jannik Huth,400000.0,24.0,Goalkeeper,Germany,https://tmssl.akamaized.net//images/flagge/verysmall/40.png?lm=1520612525,https://img.a.transfermarkt.technology/portrait/medium/160954-1723190117.jpg?lm=1,1994-04-15,77,3
2107,Philipp Lienhart,12000000.0,3.0,Centre-Back,Austria,https://tmssl.akamaized.net//images/flagge/verysmall/127.png?lm=1520611569,https://img.a.transfermarkt.technology/portrait/medium/225657-1658411602.jpg?lm=1,1996-07-11,77,3
2108,Bruno Ogbus,10000000.0,43.0,Centre-Back,Switzerland,https://tmssl.akamaized.net//images/flagge/verysmall/148.png?lm=1520611569,https://img.a.transfermarkt.technology/portrait/medium/863759-1723189626.jpg?lm=1,2005-12-17,77,3
2109,Matthias Ginter,6000000.0,28.0,Centre-Back,Germany,https://tmssl.akamaized.net//images/flagge/verysmall/40.png?lm=1520612525,https://img.a.transfermarkt.technology/portrait/medium/124502-1753984264.jpg?lm=1,1994-01-19,77,3
2110,Max Rosenfelder,6000000.0,37.0,Centre-Back,Germany,https://tmssl.akamaized.net//images/flagge/verysmall/40.png?lm=1520612525,https://img.a.transfermarkt.technology/portrait/medium/599419-1753955074.jpg?lm=1,2003-02-10,77,3
2111,Anthony Jung,700000.0,5.0,Centre-Back,Germany,https://tmssl.akamaized.net//images/flagge/verysmall/40.png?lm=1520612525,https://img.a.transfermarkt.technology/portrait/medium/58995-1753984159.jpg?lm=1,1991-11-03,77,3
2112,Jordy Makengo,6000000.0,33.0,Left-Back,France,https://tmssl.akamaized.net//images/flagge/verysmall/50.png?lm=1520611569,https://img.a.transfermarkt.technology/portrait/medium/815078-1753955122.jpg?lm=1,2001-08-03,77,3
2113,Christian Günter,2000000.0,30.0,Left-Back,Germany,https://tmssl.akamaized.net//images/flagge/verysmall/40.png?lm=1520612525,https://img.a.transfermarkt.technology/portrait/medium/93707-1753984492.jpg?lm=1,1993-02-28,77,3
2114,Philipp Treu,10000000.0,29.0,Right-Back,Germany,https://tmssl.akamaized.net//images/flagge/verysmall/40.png?lm=1520612525,https://img.a.transfermarkt.technology/portrait/medium/335993-1753984451.jpg?lm=1,2000-12-03,77,3
2115,Lukas Kübler,1500000.0,17.0,Right-Back,Germany,https://tmssl.akamaized.net//images/flagge/verysmall/40.png?lm=1520612525,https://img.a.transfermarkt.technology/portrait/medium/93604-1658412582.jpg?lm=1,1992-08-30,77,3
2116,Patrick Osterhage,12000000.0,6.0,Defensive Midfield,Germany,https://tmssl.akamaized.net//images/flagge/verysmall/40.png?lm=1520612525,https://img.a.transfermarkt.technology/portrait/medium/443331-1723190030.jpg?lm=1,2000-02-01,77,3
2117,Nicolas Höfler,500000.0,27.0,Defensive Midfield,Germany,https://tmssl.akamaized.net//images/flagge/verysmall/40.png?lm=1520612525,https://img.a.transfermarkt.technology/portrait/medium/55099-1658412737.jpg?lm=1,1990-03-09,77,3
2118,Johan Manzambi,35000000.0,44.0,Central Midfield,Switzerland,https://tmssl.akamaized.net//images/flagge/verysmall/148.png?lm=1520611569,https://img.a.transfermarkt.technology/portrait/medium/927353-1753954939.jpg?lm=1,2005-10-14,77,3
2119,Maximilian Eggestein,10000000.0,8.0,Central Midfield,Germany,https://tmssl.akamaized.net//images/flagge/verysmall/40.png?lm=1520612525,https://img.a.transfermarkt.technology/portrait/medium/190284-1723189965.jpg?lm=1,1996-12-08,77,3
2120,Daniel-Kofi Kyereh,100000.0,11.0,Attacking Midfield,Ghana,https://tmssl.akamaized.net//images/flagge/verysmall/54.png?lm=1520611569,https://img.a.transfermarkt.technology/portrait/medium/272587-1658413205.jpg?lm=1,1996-03-08,77,3
2121,Derry Scherhant,6000000.0,7.0,Left Winger,Germany,https://tmssl.akamaized.net//images/flagge/verysmall/40.png?lm=1520612525,https://img.a.transfermarkt.technology/portrait/medium/820957-1753954863.jpg?lm=1,2002-11-10,77,3
2122,Vincenzo Grifo,5000000.0,32.0,Left Winger,Italy,https://tmssl.akamaized.net//images/flagge/verysmall/75.png?lm=1520611569,https://img.a.transfermarkt.technology/portrait/medium/185077-1753983973.jpg?lm=1,1993-04-07,77,3
2123,Cyriaque Irié,8000000.0,22.0,Right Winger,Burkina Faso,https://tmssl.akamaized.net//images/flagge/verysmall/29.png?lm=1520611569,https://img.a.transfermarkt.technology/portrait/medium/1145064-1753954975.jpg?lm=1,2005-06-20,77,3
2124,Niklas Beste,7000000.0,19.0,Right Winger,Germany,https://tmssl.akamaized.net//images/flagge/verysmall/40.png?lm=1520612525,https://img.a.transfermarkt.technology/portrait/medium/342967-1753984040.jpg?lm=1,1999-01-04,77,3
2125,Yuito Suzuki,18000000.0,14.0,Second Striker,Japan,https://tmssl.akamaized.net//images/flagge/verysmall/77.png?lm=1520611569,https://img.a.transfermarkt.technology/portrait/medium/668606-1753955159.jpg?lm=1,2001-10-25,77,3
2126,Maximilian Philipp,600000.0,26.0,Second Striker,Germany,https://tmssl.akamaized.net//images/flagge/verysmall/40.png?lm=1520612525,https://img.a.transfermarkt.technology/portrait/medium/143891-1723189806.jpg?lm=1,1994-03-01,77,3
2127,Igor Matanovic,10000000.0,31.0,Centre-Forward,Croatia,https://tmssl.akamaized.net//images/flagge/verysmall/37.png?lm=1520611569,https://img.a.transfermarkt.technology/portrait/medium/605268-1753984387.jpg?lm=1,2003-03-31,77,3
2128,Lucas Höler,3000000.0,9.0,Centre-Forward,Germany,https://tmssl.akamaized.net//images/flagge/verysmall/40.png?lm=1520612525,https://img.a.transfermarkt.technology/portrait/medium/248999-1753984328.jpg?lm=1,1994-07-10,77,3
2129,Mio Backhaus,12000000.0,30.0,Goalkeeper,Germany,https://tmssl.akamaized.net//images/flagge/verysmall/40.png?lm=1520612525,https://img.a.transfermarkt.technology/portrait/medium/620295-1756027825.jpg?lm=1,2004-04-16,78,3
2130,Karl Hein,3000000.0,13.0,Goalkeeper,Estonia,https://tmssl.akamaized.net//images/flagge/verysmall/47.png?lm=1520611569,https://img.a.transfermarkt.technology/portrait/medium/493513-1758702558.jpg?lm=1,2002-04-13,78,3
2131,Markus Kolke,300000.0,25.0,Goalkeeper,Germany,https://tmssl.akamaized.net//images/flagge/verysmall/40.png?lm=1520612525,https://img.a.transfermarkt.technology/portrait/medium/99451-1722887501.jpg?lm=1,1990-08-18,78,3
2132,Stefan Smarkalev,150000.0,37.0,Goalkeeper,Bulgaria,https://tmssl.akamaized.net//images/flagge/verysmall/28.png?lm=1520611569,https://img.a.transfermarkt.technology/portrait/medium/1025989-1756028056.jpg?lm=1,2007-05-14,78,3
2133,Karim Coulibaly,22000000.0,31.0,Centre-Back,Germany,https://tmssl.akamaized.net//images/flagge/verysmall/40.png?lm=1520612525,https://img.a.transfermarkt.technology/portrait/medium/1084638-1756027638.jpg?lm=1,2007-05-23,78,3
2134,Marco Friedl,12000000.0,32.0,Centre-Back,Austria,https://tmssl.akamaized.net//images/flagge/verysmall/127.png?lm=1520611569,https://img.a.transfermarkt.technology/portrait/medium/156990-1756027279.jpg?lm=1,1998-03-16,78,3
2135,Amos Pieper,4000000.0,5.0,Centre-Back,Germany,https://tmssl.akamaized.net//images/flagge/verysmall/40.png?lm=1520612525,https://img.a.transfermarkt.technology/portrait/medium/334221-1756028162.jpg?lm=1,1998-01-17,78,3
2136,Niklas Stark,3500000.0,4.0,Centre-Back,Germany,https://tmssl.akamaized.net//images/flagge/verysmall/40.png?lm=1520612525,https://img.a.transfermarkt.technology/portrait/medium/162434-1756028002.jpg?lm=1,1995-04-14,78,3
2137,Maximilian Wöber,3000000.0,39.0,Centre-Back,Austria,https://tmssl.akamaized.net//images/flagge/verysmall/127.png?lm=1520611569,https://img.a.transfermarkt.technology/portrait/medium/263361-1756027913.jpg?lm=1,1998-02-04,78,3
2138,Julián Malatini,2000000.0,22.0,Centre-Back,Argentina,https://tmssl.akamaized.net//images/flagge/verysmall/9.png?lm=1520611569,https://img.a.transfermarkt.technology/portrait/medium/830108-1722887346.jpg?lm=1,2001-05-31,78,3
2139,Mick Schmetgens,700000.0,33.0,Centre-Back,Germany,https://tmssl.akamaized.net//images/flagge/verysmall/40.png?lm=1520612525,https://img.a.transfermarkt.technology/portrait/medium/1045986-1756028103.jpg?lm=1,2007-09-09,78,3
2140,Felix Agu,6000000.0,27.0,Left-Back,Nigeria,https://tmssl.akamaized.net//images/flagge/verysmall/124.png?lm=1520611569,https://img.a.transfermarkt.technology/portrait/medium/393512-1722887707.jpg?lm=1,1999-09-27,78,3
2141,Olivier Deman,3000000.0,2.0,Left-Back,Belgium,https://tmssl.akamaized.net//images/flagge/verysmall/19.png?lm=1520611569,https://img.a.transfermarkt.technology/portrait/medium/621802-1722887784.jpg?lm=1,2000-04-06,78,3
2142,Isaac Schmidt,2200000.0,23.0,Left-Back,Switzerland,https://tmssl.akamaized.net//images/flagge/verysmall/148.png?lm=1520611569,https://img.a.transfermarkt.technology/portrait/medium/449597-1758702525.jpg?lm=1,1999-12-07,78,3
2143,Yukinari Sugawara,7500000.0,3.0,Right-Back,Japan,https://tmssl.akamaized.net//images/flagge/verysmall/77.png?lm=1520611569,https://img.a.transfermarkt.technology/portrait/medium/405385-1758702447.jpg?lm=1,2000-06-28,78,3
2144,Mitchell Weiser,3500000.0,8.0,Right-Back,Germany,https://tmssl.akamaized.net//images/flagge/verysmall/40.png?lm=1520612525,https://img.a.transfermarkt.technology/portrait/medium/119211-1756027949.jpg?lm=1,1994-04-21,78,3
2145,Senne Lynen,10000000.0,14.0,Defensive Midfield,Belgium,https://tmssl.akamaized.net//images/flagge/verysmall/19.png?lm=1520611569,https://img.a.transfermarkt.technology/portrait/medium/338668-1756028282.jpg?lm=1,1999-02-19,78,3
2146,Wesley Adeh,250000.0,34.0,Defensive Midfield,Germany,https://tmssl.akamaized.net//images/flagge/verysmall/40.png?lm=1520612525,https://img.a.transfermarkt.technology/portrait/medium/1074523-1756028326.jpg?lm=1,2007-01-08,78,3
2147,Jens Stage,14000000.0,6.0,Central Midfield,Denmark,https://tmssl.akamaized.net//images/flagge/verysmall/39.png?lm=1520611569,https://img.a.transfermarkt.technology/portrait/medium/289835-1660208628.jpg?lm=1,1996-11-08,78,3
2148,Cameron Puertas,8000000.0,18.0,Central Midfield,Spain,https://tmssl.akamaized.net//images/flagge/verysmall/157.png?lm=1520611569,https://img.a.transfermarkt.technology/portrait/medium/449592-1758702596.jpg?lm=1,1998-08-18,78,3
2149,Leonardo Bittencourt,1200000.0,10.0,Central Midfield,Germany,https://tmssl.akamaized.net//images/flagge/verysmall/40.png?lm=1520612525,https://img.a.transfermarkt.technology/portrait/medium/93844-1756027773.jpg?lm=1,1993-12-19,78,3
2150,Romano Schmid,15000000.0,20.0,Attacking Midfield,Austria,https://tmssl.akamaized.net//images/flagge/verysmall/127.png?lm=1520611569,https://img.a.transfermarkt.technology/portrait/medium/346853-1730117104.jpg?lm=1,2000-01-27,78,3
2151,Patrice Covic,4000000.0,24.0,Attacking Midfield,Croatia,https://tmssl.akamaized.net//images/flagge/verysmall/37.png?lm=1520611569,https://img.a.transfermarkt.technology/portrait/medium/1114155-1756027408.jpg?lm=1,2007-06-25,78,3
2152,Samuel Mbangula,10000000.0,7.0,Left Winger,Belgium,https://tmssl.akamaized.net//images/flagge/verysmall/19.png?lm=1520611569,https://img.a.transfermarkt.technology/portrait/medium/654991-1758702407.jpg?lm=1,2004-01-16,78,3
2153,Marco Grüll,6000000.0,17.0,Left Winger,Austria,https://tmssl.akamaized.net//images/flagge/verysmall/127.png?lm=1520611569,https://img.a.transfermarkt.technology/portrait/medium/391766-1756027360.jpg?lm=1,1998-07-06,78,3
2154,Justin Njinmah,7000000.0,11.0,Right Winger,Germany,https://tmssl.akamaized.net//images/flagge/verysmall/40.png?lm=1520612525,https://img.a.transfermarkt.technology/portrait/medium/596153-1722887298.jpg?lm=1,2000-11-15,78,3
2155,Jovan Milosevic,7000000.0,19.0,Centre-Forward,Serbia,https://tmssl.akamaized.net//images/flagge/verysmall/215.png?lm=1520611569,https://img.a.transfermarkt.technology/portrait/medium/943795-1772440245.jpg?lm=1,2005-07-31,78,3
2156,Victor Boniface,5000000.0,44.0,Centre-Forward,Nigeria,https://tmssl.akamaized.net//images/flagge/verysmall/124.png?lm=1520611569,https://img.a.transfermarkt.technology/portrait/medium/656681-1758702484.jpg?lm=1,2000-12-23,78,3
2157,Keke Topp,3500000.0,9.0,Centre-Forward,Germany,https://tmssl.akamaized.net//images/flagge/verysmall/40.png?lm=1520612525,https://img.a.transfermarkt.technology/portrait/medium/701757-1722887176.jpg?lm=1,2004-03-25,78,3
2158,Salim Musah,500000.0,29.0,Centre-Forward,Germany,https://tmssl.akamaized.net//images/flagge/verysmall/40.png?lm=1520612525,https://img.a.transfermarkt.technology/portrait/medium/1042472-1756028237.jpg?lm=1,2006-02-22,78,3
2159,Oliver Baumann,3000000.0,1.0,Goalkeeper,Germany,https://tmssl.akamaized.net//images/flagge/verysmall/40.png?lm=1520612525,https://img.a.transfermarkt.technology/portrait/medium/55089-1755090197.jpg?lm=1,1990-06-02,79,3
2160,Luca Philipp,750000.0,37.0,Goalkeeper,Germany,https://tmssl.akamaized.net//images/flagge/verysmall/40.png?lm=1520612525,https://img.a.transfermarkt.technology/portrait/medium/432671-1755092013.jpg?lm=1,2000-11-28,79,3
2161,Lúkas Petersson,600000.0,36.0,Goalkeeper,Iceland,https://tmssl.akamaized.net//images/flagge/verysmall/73.png?lm=1520611569,https://img.a.transfermarkt.technology/portrait/medium/718460-1723920319.jpg?lm=1,2004-02-09,79,3
2162,Albian Hajdari,20000000.0,21.0,Centre-Back,Kosovo,https://tmssl.akamaized.net//images/flagge/verysmall/244.png?lm=1520611569,https://img.a.transfermarkt.technology/portrait/medium/579459-1755184688.jpg?lm=1,2003-05-18,79,3
2163,Robin Hranac,10000000.0,2.0,Centre-Back,Czech Republic,https://tmssl.akamaized.net//images/flagge/verysmall/172.png?lm=1520611569,https://img.a.transfermarkt.technology/portrait/medium/620217-1713471898.jpg?lm=1,2000-01-29,79,3
2164,Ozan Kabak,10000000.0,5.0,Centre-Back,Türkiye,https://tmssl.akamaized.net//images/flagge/verysmall/174.png?lm=1520611569,https://img.a.transfermarkt.technology/portrait/medium/361260-1691269223.jpg?lm=1,2000-03-25,79,3
2165,Koki Machida,7000000.0,28.0,Centre-Back,Japan,https://tmssl.akamaized.net//images/flagge/verysmall/77.png?lm=1520611569,https://img.a.transfermarkt.technology/portrait/medium/415035-1755090800.jpg?lm=1,1997-08-25,79,3
2166,Kevin Akpoguma,2000000.0,25.0,Centre-Back,Nigeria,https://tmssl.akamaized.net//images/flagge/verysmall/124.png?lm=1520611569,https://img.a.transfermarkt.technology/portrait/medium/160241-1723920979.jpg?lm=1,1995-04-19,79,3
2167,Kelven Frees,300000.0,45.0,Centre-Back,Germany,https://tmssl.akamaized.net//images/flagge/verysmall/40.png?lm=1520612525,https://img.a.transfermarkt.technology/portrait/medium/934529-1755089804.jpg?lm=1,2005-02-03,79,3
2168,Bernardo,5000000.0,13.0,Left-Back,Brazil,https://tmssl.akamaized.net//images/flagge/verysmall/26.png?lm=1520611569,https://img.a.transfermarkt.technology/portrait/medium/364258-1691250245.jpg?lm=1,1995-05-14,79,3
2169,Valentin Gendrey,7000000.0,15.0,Right-Back,France,https://tmssl.akamaized.net//images/flagge/verysmall/50.png?lm=1520611569,https://img.a.transfermarkt.technology/portrait/medium/569387-1663745931.jpg?lm=1,2000-06-21,79,3
2170,Vladimír Coufal,2700000.0,34.0,Right-Back,Czech Republic,https://tmssl.akamaized.net//images/flagge/verysmall/172.png?lm=1520611569,https://img.a.transfermarkt.technology/portrait/medium/157672-1755091456.jpg?lm=1,1992-08-22,79,3
2171,Leon Avdullahu,25000000.0,7.0,Defensive Midfield,Kosovo,https://tmssl.akamaized.net//images/flagge/verysmall/244.png?lm=1520611569,https://img.a.transfermarkt.technology/portrait/medium/667457-1755091730.jpg?lm=1,2004-02-23,79,3
2172,Wouter Burger,20000000.0,18.0,Defensive Midfield,Netherlands,https://tmssl.akamaized.net//images/flagge/verysmall/122.png?lm=1520611569,https://img.a.transfermarkt.technology/portrait/medium/412953-1755092325.jpg?lm=1,2001-02-16,79,3
2173,Luis Engelns,4000000.0,16.0,Central Midfield,Germany,https://tmssl.akamaized.net//images/flagge/verysmall/40.png?lm=1520612525,https://img.a.transfermarkt.technology/portrait/medium/1116191-1722953134.jpg?lm=1,2007-03-11,79,3
2174,Grischa Prömel,3500000.0,6.0,Central Midfield,Germany,https://tmssl.akamaized.net//images/flagge/verysmall/40.png?lm=1520612525,https://img.a.transfermarkt.technology/portrait/medium/234029-1755091326.jpg?lm=1,1995-01-09,79,3
2175,Luka Duric,450000.0,48.0,Central Midfield,Bosnia-Herzegovina,https://tmssl.akamaized.net//images/flagge/verysmall/24.png?lm=1569523290,https://img.a.transfermarkt.technology/portrait/medium/685484-1756890134.jpg?lm=1,2003-06-18,79,3
2176,Alexander Prass,7000000.0,22.0,Left Midfield,Austria,https://tmssl.akamaized.net//images/flagge/verysmall/127.png?lm=1520611569,https://img.a.transfermarkt.technology/portrait/medium/434116-1723921044.jpg?lm=1,2001-05-26,79,3
2177,Muhammed Damar,5000000.0,10.0,Attacking Midfield,Germany,https://tmssl.akamaized.net//images/flagge/verysmall/40.png?lm=1520612525,https://img.a.transfermarkt.technology/portrait/medium/789898-1691269309.jpg?lm=1,2004-04-09,79,3
2178,Andrej Kramaric,3000000.0,27.0,Attacking Midfield,Croatia,https://tmssl.akamaized.net//images/flagge/verysmall/37.png?lm=1520611569,https://img.a.transfermarkt.technology/portrait/medium/46580-1755089885.jpg?lm=1,1991-06-19,79,3
2179,Bazoumana Touré,35000000.0,29.0,Left Winger,Cote d'Ivoire,https://tmssl.akamaized.net//images/flagge/verysmall/38.png?lm=1520611569,https://img.a.transfermarkt.technology/portrait/medium/1067904-1755092124.jpg?lm=1,2006-03-02,79,3
2180,Cole Campbell,5000000.0,20.0,Right Winger,United States,https://tmssl.akamaized.net//images/flagge/verysmall/184.png?lm=1520611569,https://img.a.transfermarkt.technology/portrait/medium/866579-1713463452.jpg?lm=1,2006-02-20,79,3
2181,Fisnik Asllani,30000000.0,11.0,Centre-Forward,Kosovo,https://tmssl.akamaized.net//images/flagge/verysmall/244.png?lm=1520611569,https://img.a.transfermarkt.technology/portrait/medium/524290-1755090506.jpg?lm=1,2002-08-08,79,3
2182,Tim Lemperle,15000000.0,19.0,Centre-Forward,Germany,https://tmssl.akamaized.net//images/flagge/verysmall/40.png?lm=1520612525,https://img.a.transfermarkt.technology/portrait/medium/553285-1755090691.jpg?lm=1,2002-02-05,79,3
2183,Adam Hlozek,12000000.0,23.0,Centre-Forward,Czech Republic,https://tmssl.akamaized.net//images/flagge/verysmall/172.png?lm=1520611569,https://img.a.transfermarkt.technology/portrait/medium/552057-1755092070.jpg?lm=1,2002-07-25,79,3
2184,Max Moerstedt,7000000.0,33.0,Centre-Forward,Germany,https://tmssl.akamaized.net//images/flagge/verysmall/40.png?lm=1520612525,https://img.a.transfermarkt.technology/portrait/medium/923595-1723920909.jpg?lm=1,2006-01-15,79,3
2185,Yannick Eduardo,2500000.0,31.0,Centre-Forward,Czech Republic,https://tmssl.akamaized.net//images/flagge/verysmall/172.png?lm=1520611569,https://img.a.transfermarkt.technology/portrait/medium/930998-1764074513.jpg?lm=1,2006-01-23,79,3
2186,Deniz Zeitler,2500000.0,38.0,Centre-Forward,Germany,https://tmssl.akamaized.net//images/flagge/verysmall/40.png?lm=1520612525,https://img.a.transfermarkt.technology/portrait/medium/1108022-1752670799.jpg?lm=1,2006-12-13,79,3
2187,Ihlas Bebou,800000.0,9.0,Centre-Forward,Togo,https://tmssl.akamaized.net//images/flagge/verysmall/168.png?lm=1520611569,https://img.a.transfermarkt.technology/portrait/medium/237164-1723921163.jpg?lm=1,1994-04-23,79,3
2188,Alexander Nübel,12000000.0,33.0,Goalkeeper,Germany,https://tmssl.akamaized.net//images/flagge/verysmall/40.png?lm=1520612525,https://img.a.transfermarkt.technology/portrait/medium/195778-1691998861.jpg?lm=1,1996-09-30,80,3
2189,Florian Hellstern,2500000.0,44.0,Goalkeeper,Germany,https://tmssl.akamaized.net//images/flagge/verysmall/40.png?lm=1520612525,https://img.a.transfermarkt.technology/portrait/medium/1009438-1710968907.jpg?lm=1,2007-10-18,80,3
2190,Fabian Bredlow,800000.0,1.0,Goalkeeper,Germany,https://tmssl.akamaized.net//images/flagge/verysmall/40.png?lm=1520612525,https://img.a.transfermarkt.technology/portrait/medium/187624-1723707742.jpg?lm=1,1995-03-02,80,3
2191,Stefan Drljaca,300000.0,21.0,Goalkeeper,Germany,https://tmssl.akamaized.net//images/flagge/verysmall/40.png?lm=1520612525,https://img.a.transfermarkt.technology/portrait/medium/388067-1723707200.jpg?lm=1,1999-04-20,80,3
2192,Finn Jeltsch,30000000.0,29.0,Centre-Back,Germany,https://tmssl.akamaized.net//images/flagge/verysmall/40.png?lm=1520612525,https://img.a.transfermarkt.technology/portrait/medium/924117-1753307360.jpg?lm=1,2006-07-17,80,3
2193,Ramon Hendriks,20000000.0,3.0,Centre-Back,Netherlands,https://tmssl.akamaized.net//images/flagge/verysmall/122.png?lm=1520611569,https://img.a.transfermarkt.technology/portrait/medium/436064-1753734234.jpg?lm=1,2001-07-18,80,3
2194,Jeff Chabot,15000000.0,24.0,Centre-Back,Germany,https://tmssl.akamaized.net//images/flagge/verysmall/40.png?lm=1520612525,https://img.a.transfermarkt.technology/portrait/medium/303219-1723707145.jpg?lm=1,1998-02-12,80,3
2195,Luca Jaquez,10000000.0,14.0,Centre-Back,Switzerland,https://tmssl.akamaized.net//images/flagge/verysmall/148.png?lm=1520611569,https://img.a.transfermarkt.technology/portrait/medium/539798-1753307950.jpg?lm=1,2003-06-02,80,3
2196,Ameen Al-Dakhil,4000000.0,2.0,Centre-Back,Belgium,https://tmssl.akamaized.net//images/flagge/verysmall/19.png?lm=1520611569,https://img.a.transfermarkt.technology/portrait/medium/620598-1753308180.jpg?lm=1,2002-03-06,80,3
2197,Dan-Axel Zagadou,2000000.0,23.0,Centre-Back,France,https://tmssl.akamaized.net//images/flagge/verysmall/50.png?lm=1520611569,https://img.a.transfermarkt.technology/portrait/medium/344598-1756244458.jpg?lm=1,1999-06-03,80,3
2198,Maximilian Mittelstädt,18000000.0,7.0,Left-Back,Germany,https://tmssl.akamaized.net//images/flagge/verysmall/40.png?lm=1520612525,https://img.a.transfermarkt.technology/portrait/medium/282660-1723707584.jpg?lm=1,1997-03-18,80,3
2199,Josha Vagnoman,10000000.0,4.0,Right-Back,Germany,https://tmssl.akamaized.net//images/flagge/verysmall/40.png?lm=1520612525,https://img.a.transfermarkt.technology/portrait/medium/448258-1691999620.jpg?lm=1,2000-12-11,80,3
2200,Lorenz Assignon,10000000.0,22.0,Right-Back,France,https://tmssl.akamaized.net//images/flagge/verysmall/50.png?lm=1520611569,https://img.a.transfermarkt.technology/portrait/medium/711969-1753307527.jpg?lm=1,2000-06-22,80,3
2201,Pascal Stenzel,1200000.0,15.0,Right-Back,Germany,https://tmssl.akamaized.net//images/flagge/verysmall/40.png?lm=1520612525,https://img.a.transfermarkt.technology/portrait/medium/195246-1753307904.jpg?lm=1,1996-03-20,80,3
2202,Angelo Stiller,45000000.0,6.0,Defensive Midfield,Germany,https://tmssl.akamaized.net//images/flagge/verysmall/40.png?lm=1520612525,https://img.a.transfermarkt.technology/portrait/medium/443710-1753308094.jpg?lm=1,2001-04-04,80,3
2203,Chema Andrés,15000000.0,30.0,Defensive Midfield,Spain,https://tmssl.akamaized.net//images/flagge/verysmall/157.png?lm=1520611569,https://img.a.transfermarkt.technology/portrait/medium/948279-1760444727.jpg?lm=1,2005-04-25,80,3
2204,Atakan Karazor,9000000.0,16.0,Defensive Midfield,Türkiye,https://tmssl.akamaized.net//images/flagge/verysmall/174.png?lm=1520611569,https://img.a.transfermarkt.technology/portrait/medium/232320-1753307846.jpg?lm=1,1996-10-13,80,3
2205,Mirza Catovic,3000000.0,35.0,Defensive Midfield,Germany,https://tmssl.akamaized.net//images/flagge/verysmall/40.png?lm=1520612525,https://img.a.transfermarkt.technology/portrait/medium/1131117-1727777657.jpg?lm=1,2007-05-01,80,3
2206,Nikolas Nartey,7000000.0,28.0,Central Midfield,Denmark,https://tmssl.akamaized.net//images/flagge/verysmall/39.png?lm=1520611569,https://img.a.transfermarkt.technology/portrait/medium/400546-1753307448.jpg?lm=1,2000-02-22,80,3
2207,Bilal El Khannouss,32000000.0,11.0,Attacking Midfield,Morocco,https://tmssl.akamaized.net//images/flagge/verysmall/107.png?lm=1520611569,https://img.a.transfermarkt.technology/portrait/medium/654982-1714038053.png?lm=1,2004-05-10,80,3
2208,Chris Führich,10000000.0,10.0,Left Winger,Germany,https://tmssl.akamaized.net//images/flagge/verysmall/40.png?lm=1520612525,https://img.a.transfermarkt.technology/portrait/medium/272278-1691999004.jpg?lm=1,1998-01-09,80,3
2209,Justin Diehl,1800000.0,17.0,Left Winger,Germany,https://tmssl.akamaized.net//images/flagge/verysmall/40.png?lm=1520612525,https://img.a.transfermarkt.technology/portrait/medium/720162-1723707320.jpg?lm=1,2004-11-27,80,3
2210,Jamie Leweling,40000000.0,18.0,Right Winger,Germany,https://tmssl.akamaized.net//images/flagge/verysmall/40.png?lm=1520612525,https://img.a.transfermarkt.technology/portrait/medium/518505-1691999306.jpg?lm=1,2001-02-26,80,3
2211,Tiago Tomás,15000000.0,8.0,Right Winger,Portugal,https://tmssl.akamaized.net//images/flagge/verysmall/136.png?lm=1520611569,https://img.a.transfermarkt.technology/portrait/medium/616344-1695623995.jpg?lm=1,2002-06-16,80,3
2212,Badredine Bouanani,12000000.0,27.0,Right Winger,Algeria,https://tmssl.akamaized.net//images/flagge/verysmall/4.png?lm=1520611569,https://img.a.transfermarkt.technology/portrait/medium/707242-1756822874.jpg?lm=1,2004-12-08,80,3
2213,Lazar Jovanovic,3500000.0,45.0,Right Winger,Serbia,https://tmssl.akamaized.net//images/flagge/verysmall/215.png?lm=1520611569,https://img.a.transfermarkt.technology/portrait/medium/897505-1753307294.jpg?lm=1,2006-11-30,80,3
2214,Noah Darvich,3000000.0,19.0,Right Winger,Germany,https://tmssl.akamaized.net//images/flagge/verysmall/40.png?lm=1520612525,https://img.a.transfermarkt.technology/portrait/medium/897480-1753307671.jpg?lm=1,2006-09-25,80,3
2215,Ermedin Demirovic,22000000.0,9.0,Centre-Forward,Bosnia-Herzegovina,https://tmssl.akamaized.net//images/flagge/verysmall/24.png?lm=1569523290,https://img.a.transfermarkt.technology/portrait/medium/335457-1723707508.jpg?lm=1,1998-03-25,80,3
2216,Deniz Undav,22000000.0,26.0,Centre-Forward,Germany,https://tmssl.akamaized.net//images/flagge/verysmall/40.png?lm=1520612525,https://img.a.transfermarkt.technology/portrait/medium/339314-1691999036.jpg?lm=1,1996-07-19,80,3
2217,Jeremy Arévalo,7000000.0,25.0,Centre-Forward,Ecuador,https://tmssl.akamaized.net//images/flagge/verysmall/44.png?lm=1520611569,https://img.a.transfermarkt.technology/portrait/medium/971663-1762250473.jpg?lm=1,2005-03-19,80,3
2218,Kamil Grabara,12000000.0,1.0,Goalkeeper,Poland,https://tmssl.akamaized.net//images/flagge/verysmall/135.png?lm=1520611569,https://img.a.transfermarkt.technology/portrait/medium/346551-1724770843.jpg?lm=1,1999-01-08,81,3
2219,Marius Müller,1000000.0,29.0,Goalkeeper,Germany,https://tmssl.akamaized.net//images/flagge/verysmall/40.png?lm=1520612525,https://img.a.transfermarkt.technology/portrait/medium/118161-1724771088.jpg?lm=1,1993-07-12,81,3
2220,Jakub Zielinski,500000.0,30.0,Goalkeeper,Poland,https://tmssl.akamaized.net//images/flagge/verysmall/135.png?lm=1520611569,https://img.a.transfermarkt.technology/portrait/medium/1068257-1752736507.jpg?lm=1,2008-02-21,81,3
2221,Pavao Pervan,300000.0,12.0,Goalkeeper,Austria,https://tmssl.akamaized.net//images/flagge/verysmall/127.png?lm=1520611569,https://img.a.transfermarkt.technology/portrait/medium/51977-1657202144.jpg?lm=1,1987-11-13,81,3
2222,Konstantinos Koulierakis,25000000.0,4.0,Centre-Back,Greece,https://tmssl.akamaized.net//images/flagge/verysmall/56.png?lm=1520611569,https://img.a.transfermarkt.technology/portrait/medium/669380-1752736071.jpg?lm=1,2003-11-28,81,3
2223,Jeanuël Belocian,12000000.0,6.0,Centre-Back,France,https://tmssl.akamaized.net//images/flagge/verysmall/50.png?lm=1520611569,https://img.a.transfermarkt.technology/portrait/medium/919515-1727378177.jpg?lm=1,2005-02-17,81,3
2224,Jonas Adjetey,7000000.0,18.0,Centre-Back,Ghana,https://tmssl.akamaized.net//images/flagge/verysmall/54.png?lm=1520611569,https://img.a.transfermarkt.technology/portrait/medium/734676-1707377190.jpg?lm=1,2003-12-13,81,3
2225,Denis Vavro,5000000.0,3.0,Centre-Back,Slovakia,https://tmssl.akamaized.net//images/flagge/verysmall/154.png?lm=1520611569,https://img.a.transfermarkt.technology/portrait/medium/239962-1752735947.jpg?lm=1,1996-04-10,81,3
2226,Jenson Seelt,5000000.0,14.0,Centre-Back,Netherlands,https://tmssl.akamaized.net//images/flagge/verysmall/122.png?lm=1520611569,https://img.a.transfermarkt.technology/portrait/medium/617755-1756751142.jpg?lm=1,2003-05-23,81,3
2227,Moritz Jenz,5000000.0,15.0,Centre-Back,Germany,https://tmssl.akamaized.net//images/flagge/verysmall/40.png?lm=1520612525,https://img.a.transfermarkt.technology/portrait/medium/460245-1689865901.jpg?lm=1,1999-04-30,81,3
2228,Cleiton,800000.0,33.0,Centre-Back,Brazil,https://tmssl.akamaized.net//images/flagge/verysmall/26.png?lm=1520611569,https://img.a.transfermarkt.technology/portrait/medium/943237-1660868052.jpeg?lm=1,2003-04-25,81,3
2229,Joakim Maehle,7000000.0,21.0,Left-Back,Denmark,https://tmssl.akamaized.net//images/flagge/verysmall/39.png?lm=1520611569,https://img.a.transfermarkt.technology/portrait/medium/369674-1724770995.jpg?lm=1,1997-05-20,81,3
2230,Aaron Zehnter,6000000.0,25.0,Left-Back,Germany,https://tmssl.akamaized.net//images/flagge/verysmall/40.png?lm=1520612525,https://img.a.transfermarkt.technology/portrait/medium/730484-1752736438.jpg?lm=1,2004-10-31,81,3
2231,Rogério,1000000.0,13.0,Left-Back,Brazil,https://tmssl.akamaized.net//images/flagge/verysmall/26.png?lm=1520611569,https://img.a.transfermarkt.technology/portrait/medium/401527-1695624076.jpg?lm=1,1998-01-13,81,3
2232,Saël Kumbedi,12000000.0,26.0,Right-Back,France,https://tmssl.akamaized.net//images/flagge/verysmall/50.png?lm=1520611569,https://img.a.transfermarkt.technology/portrait/medium/951579-1672831110.jpg?lm=1,2005-03-26,81,3
2233,Kilian Fischer,5000000.0,2.0,Right-Back,Germany,https://tmssl.akamaized.net//images/flagge/verysmall/40.png?lm=1520612525,https://img.a.transfermarkt.technology/portrait/medium/435796-1752736015.jpg?lm=1,2000-10-12,81,3
2234,Jan Bürger,3000000.0,41.0,Right-Back,Germany,https://tmssl.akamaized.net//images/flagge/verysmall/40.png?lm=1520612525,https://img.a.transfermarkt.technology/portrait/medium/1009440-1766416765.jpg?lm=1,2007-03-10,81,3
2235,Vini Souza,8000000.0,5.0,Defensive Midfield,Brazil,https://tmssl.akamaized.net//images/flagge/verysmall/26.png?lm=1520611569,https://img.a.transfermarkt.technology/portrait/medium/663581-1752736121.jpg?lm=1,1999-06-17,81,3
2236,Mattias Svanberg,9000000.0,32.0,Central Midfield,Sweden,https://tmssl.akamaized.net//images/flagge/verysmall/147.png?lm=1520611569,https://img.a.transfermarkt.technology/portrait/medium/342405-1752736577.jpg?lm=1,1999-01-05,81,3
2237,Maximilian Arnold,4500000.0,27.0,Central Midfield,Germany,https://tmssl.akamaized.net//images/flagge/verysmall/40.png?lm=1520612525,https://img.a.transfermarkt.technology/portrait/medium/117674-1660652294.JPG?lm=1,1994-05-27,81,3
2238,Pharell Hensel,3000000.0,37.0,Central Midfield,Germany,https://tmssl.akamaized.net//images/flagge/verysmall/40.png?lm=1520612525,https://img.a.transfermarkt.technology/portrait/medium/1150105-1766900206.jpg?lm=1,2007-06-08,81,3
2239,Yannick Gerhardt,2000000.0,31.0,Central Midfield,Germany,https://tmssl.akamaized.net//images/flagge/verysmall/40.png?lm=1520612525,https://img.a.transfermarkt.technology/portrait/medium/119277-1657203024.jpg?lm=1,1994-03-13,81,3
2240,Kevin Paredes,3000000.0,40.0,Left Midfield,United States,https://tmssl.akamaized.net//images/flagge/verysmall/184.png?lm=1520611569,https://img.a.transfermarkt.technology/portrait/medium/711517-1752736742.jpg?lm=1,2003-05-07,81,3
2241,Lovro Majer,10000000.0,10.0,Attacking Midfield,Croatia,https://tmssl.akamaized.net//images/flagge/verysmall/37.png?lm=1520611569,https://img.a.transfermarkt.technology/portrait/medium/387106-1752736259.jpg?lm=1,1998-01-17,81,3
2242,Bence Dárdai,7000000.0,8.0,Attacking Midfield,Hungary,https://tmssl.akamaized.net//images/flagge/verysmall/178.png?lm=1521635893,https://img.a.transfermarkt.technology/portrait/medium/789252-1752736165.jpg?lm=1,2006-01-24,81,3
2243,Christian Eriksen,3000000.0,24.0,Attacking Midfield,Denmark,https://tmssl.akamaized.net//images/flagge/verysmall/39.png?lm=1520611569,https://img.a.transfermarkt.technology/portrait/medium/69633-1718628122.jpg?lm=1,1992-02-14,81,3
2244,Patrick Wimmer,15000000.0,39.0,Right Winger,Austria,https://tmssl.akamaized.net//images/flagge/verysmall/127.png?lm=1520611569,https://img.a.transfermarkt.technology/portrait/medium/533295-1752736631.jpg?lm=1,2001-05-30,81,3
2245,Adam Daghim,7500000.0,11.0,Right Winger,Denmark,https://tmssl.akamaized.net//images/flagge/verysmall/39.png?lm=1520611569,https://img.a.transfermarkt.technology/portrait/medium/881297-1754993454.png?lm=1,2005-09-28,81,3
2246,Jesper Lindstrøm,5000000.0,19.0,Right Winger,Denmark,https://tmssl.akamaized.net//images/flagge/verysmall/39.png?lm=1520611569,https://img.a.transfermarkt.technology/portrait/medium/513245-1663065433.jpg?lm=1,2000-02-29,81,3
2247,Mohamed Amoura,27000000.0,9.0,Centre-Forward,Algeria,https://tmssl.akamaized.net//images/flagge/verysmall/4.png?lm=1520611569,https://img.a.transfermarkt.technology/portrait/medium/746910-1724771303.jpg?lm=1,2000-05-09,81,3
2248,Dzenan Pejcinovic,10000000.0,17.0,Centre-Forward,Germany,https://tmssl.akamaized.net//images/flagge/verysmall/40.png?lm=1520612525,https://img.a.transfermarkt.technology/portrait/medium/819636-1689865855.jpg?lm=1,2005-02-15,81,3
2249,Kento Shiogai,8000000.0,7.0,Centre-Forward,Japan,https://tmssl.akamaized.net//images/flagge/verysmall/77.png?lm=1520611569,https://img.a.transfermarkt.technology/portrait/medium/1144627-1764256555.png?lm=1,2005-03-26,81,3
2250,Jonas Wind,5000000.0,23.0,Centre-Forward,Denmark,https://tmssl.akamaized.net//images/flagge/verysmall/39.png?lm=1520611569,https://img.a.transfermarkt.technology/portrait/medium/391004-1752736403.jpg?lm=1,1999-02-07,81,3
2251,Mike Maignan,25000000.0,16.0,Goalkeeper,France,https://tmssl.akamaized.net//images/flagge/verysmall/50.png?lm=1520611569,https://img.a.transfermarkt.technology/portrait/medium/182906-1681459155.jpg?lm=1,1995-07-03,82,4
2252,Pietro Terracciano,1000000.0,1.0,Goalkeeper,Italy,https://tmssl.akamaized.net//images/flagge/verysmall/75.png?lm=1520611569,https://img.a.transfermarkt.technology/portrait/medium/96254-1753403934.jpg?lm=1,1990-03-08,82,4
2253,Lorenzo Torriani,500000.0,96.0,Goalkeeper,Italy,https://tmssl.akamaized.net//images/flagge/verysmall/75.png?lm=1520611569,https://img.a.transfermarkt.technology/portrait/medium/939745-1730184012.jpg?lm=1,2005-01-31,82,4
2254,Strahinja Pavlović,35000000.0,31.0,Centre-Back,Serbia,https://tmssl.akamaized.net//images/flagge/verysmall/215.png?lm=1520611569,https://img.a.transfermarkt.technology/portrait/medium/574671-1757664768.jpg?lm=1,2001-05-24,82,4
2255,Koni De Winter,23000000.0,5.0,Centre-Back,Belgium,https://tmssl.akamaized.net//images/flagge/verysmall/19.png?lm=1520611569,https://img.a.transfermarkt.technology/portrait/medium/490384-1730126791.jpg?lm=1,2002-06-12,82,4
2256,Fikayo Tomori,20000000.0,23.0,Centre-Back,England,https://tmssl.akamaized.net//images/flagge/verysmall/189.png?lm=1520611569,https://img.a.transfermarkt.technology/portrait/medium/303254-1684856117.jpg?lm=1,1997-12-19,82,4
2257,Matteo Gabbia,20000000.0,46.0,Centre-Back,Italy,https://tmssl.akamaized.net//images/flagge/verysmall/75.png?lm=1520611569,https://img.a.transfermarkt.technology/portrait/medium/323167-1661351918.jpg?lm=1,1999-10-21,82,4
2258,David Odogu,5000000.0,27.0,Centre-Back,Germany,https://tmssl.akamaized.net//images/flagge/verysmall/40.png?lm=1520612525,https://img.a.transfermarkt.technology/portrait/medium/897423-1724771146.jpg?lm=1,2006-06-03,82,4
2259,Davide Bartesaghi,23000000.0,33.0,Left-Back,Italy,https://tmssl.akamaized.net//images/flagge/verysmall/75.png?lm=1520611569,https://img.a.transfermarkt.technology/portrait/medium/887638-1695108454.jpg?lm=1,2005-12-29,82,4
2260,Pervis Estupiñán,14000000.0,2.0,Left-Back,Ecuador,https://tmssl.akamaized.net//images/flagge/verysmall/44.png?lm=1520611569,https://img.a.transfermarkt.technology/portrait/medium/349599-1668498118.jpg?lm=1,1998-01-21,82,4
2261,Zachary Athekame,10000000.0,24.0,Right-Back,Switzerland,https://tmssl.akamaized.net//images/flagge/verysmall/148.png?lm=1520611569,https://img.a.transfermarkt.technology/portrait/medium/990637-1733948149.jpg?lm=1,2004-12-13,82,4
2262,Ardon Jashari,30000000.0,30.0,Defensive Midfield,Switzerland,https://tmssl.akamaized.net//images/flagge/verysmall/148.png?lm=1520611569,https://img.a.transfermarkt.technology/portrait/medium/608172-1734438792.jpg?lm=1,2002-07-30,82,4
2263,Samuele Ricci,25000000.0,4.0,Defensive Midfield,Italy,https://tmssl.akamaized.net//images/flagge/verysmall/75.png?lm=1520611569,https://img.a.transfermarkt.technology/portrait/medium/467992-1730125512.jpg?lm=1,2001-08-21,82,4
2264,Youssouf Fofana,25000000.0,19.0,Defensive Midfield,France,https://tmssl.akamaized.net//images/flagge/verysmall/50.png?lm=1520611569,https://img.a.transfermarkt.technology/portrait/medium/569598-1725528517.jpg?lm=1,1999-01-10,82,4
2265,Adrien Rabiot,20000000.0,12.0,Central Midfield,France,https://tmssl.akamaized.net//images/flagge/verysmall/50.png?lm=1520611569,https://img.a.transfermarkt.technology/portrait/medium/182913-1681462009.jpg?lm=1,1995-04-03,82,4
2266,Ruben Loftus-Cheek,10000000.0,8.0,Central Midfield,England,https://tmssl.akamaized.net//images/flagge/verysmall/189.png?lm=1520611569,https://img.a.transfermarkt.technology/portrait/medium/202886-1692879593.jpg?lm=1,1996-01-23,82,4
2267,Luka Modrić,4000000.0,14.0,Central Midfield,Croatia,https://tmssl.akamaized.net//images/flagge/verysmall/37.png?lm=1520611569,https://img.a.transfermarkt.technology/portrait/medium/27992-1687776160.jpg?lm=1,1985-09-09,82,4
2268,Alexis Saelemaekers,25000000.0,56.0,Right Midfield,Belgium,https://tmssl.akamaized.net//images/flagge/verysmall/19.png?lm=1520611569,https://img.a.transfermarkt.technology/portrait/medium/381950-1757604189.jpg?lm=1,1999-06-27,82,4
2269,Rafael Leão,65000000.0,10.0,Left Winger,Portugal,https://tmssl.akamaized.net//images/flagge/verysmall/136.png?lm=1520611569,https://img.a.transfermarkt.technology/portrait/medium/357164-1730126553.jpg?lm=1,1999-06-10,82,4
2270,Christian Pulisic,50000000.0,11.0,Right Winger,United States,https://tmssl.akamaized.net//images/flagge/verysmall/184.png?lm=1520611569,https://img.a.transfermarkt.technology/portrait/medium/315779-1691696699.jpg?lm=1,1998-09-18,82,4
2271,Christopher Nkunku,28000000.0,18.0,Centre-Forward,France,https://tmssl.akamaized.net//images/flagge/verysmall/50.png?lm=1520611569,https://img.a.transfermarkt.technology/portrait/medium/344381-1663686834.jpg?lm=1,1997-11-14,82,4
2272,Santiago Gimenez,20000000.0,7.0,Centre-Forward,Mexico,https://tmssl.akamaized.net//images/flagge/verysmall/110.png?lm=1520611569,https://img.a.transfermarkt.technology/portrait/medium/552955-1739903736.jpg?lm=1,2001-04-18,82,4
2273,Niclas Füllkrug,5000000.0,9.0,Centre-Forward,Germany,https://tmssl.akamaized.net//images/flagge/verysmall/40.png?lm=1520612525,https://img.a.transfermarkt.technology/portrait/medium/75489-1768815337.jpg?lm=1,1993-02-09,82,4
2274,David de Gea,3500000.0,43.0,Goalkeeper,Spain,https://tmssl.akamaized.net//images/flagge/verysmall/157.png?lm=1520611569,https://img.a.transfermarkt.technology/portrait/medium/59377-1667548362.jpg?lm=1,1990-11-07,83,4
2275,Oliver Christensen,1500000.0,53.0,Goalkeeper,Denmark,https://tmssl.akamaized.net//images/flagge/verysmall/39.png?lm=1520611569,https://img.a.transfermarkt.technology/portrait/medium/471936-1688647558.jpg?lm=1,1999-03-22,83,4
2276,Luca Lezzerini,350000.0,1.0,Goalkeeper,Italy,https://tmssl.akamaized.net//images/flagge/verysmall/75.png?lm=1520611569,https://img.a.transfermarkt.technology/portrait/medium/135747-1757604338.jpg?lm=1,1995-03-24,83,4
2277,Pietro Comuzzo,23000000.0,15.0,Centre-Back,Italy,https://tmssl.akamaized.net//images/flagge/verysmall/75.png?lm=1520611569,https://img.a.transfermarkt.technology/portrait/medium/746712-1730183199.jpg?lm=1,2005-02-20,83,4
2278,Marin Pongracic,7500000.0,5.0,Centre-Back,Croatia,https://tmssl.akamaized.net//images/flagge/verysmall/37.png?lm=1520611569,https://img.a.transfermarkt.technology/portrait/medium/282144-1657202331.jpg?lm=1,1997-09-11,83,4
2279,Luca Ranieri,7000000.0,6.0,Centre-Back,Italy,https://tmssl.akamaized.net//images/flagge/verysmall/75.png?lm=1520611569,https://img.a.transfermarkt.technology/portrait/medium/346561-1692962464.jpg?lm=1,1999-04-23,83,4
2280,Eddy Kouadio,2500000.0,60.0,Centre-Back,Italy,https://tmssl.akamaized.net//images/flagge/verysmall/75.png?lm=1520611569,https://img.a.transfermarkt.technology/portrait/medium/957822-1755840967.jpg?lm=1,2006-05-07,83,4
2281,Daniele Rugani,2000000.0,3.0,Centre-Back,Italy,https://tmssl.akamaized.net//images/flagge/verysmall/75.png?lm=1520611569,https://img.a.transfermarkt.technology/portrait/medium/162959-1753427431.jpg?lm=1,1994-07-29,83,4
2282,Eman Košpo,1500000.0,23.0,Centre-Back,Bosnia-Herzegovina,https://tmssl.akamaized.net//images/flagge/verysmall/24.png?lm=1569523290,https://img.a.transfermarkt.technology/portrait/medium/1015822-1699372371.jpg?lm=1,2007-05-17,83,4
2283,Niccolò Fortini,10000000.0,29.0,Left-Back,Italy,https://tmssl.akamaized.net//images/flagge/verysmall/75.png?lm=1520611569,https://img.a.transfermarkt.technology/portrait/medium/984964-1748503175.jpg?lm=1,2006-02-13,83,4
2284,Fabiano Parisi,6000000.0,65.0,Left-Back,Italy,https://tmssl.akamaized.net//images/flagge/verysmall/75.png?lm=1520611569,https://img.a.transfermarkt.technology/portrait/medium/547985-1663677780.jpg?lm=1,2000-11-09,83,4
2285,Robin Gosens,4500000.0,21.0,Left-Back,Germany,https://tmssl.akamaized.net//images/flagge/verysmall/40.png?lm=1520612525,https://img.a.transfermarkt.technology/portrait/medium/273132-1686641124.jpg?lm=1,1994-07-05,83,4
2286,Luis Balbo,500000.0,62.0,Left-Back,Venezuela,https://tmssl.akamaized.net//images/flagge/verysmall/182.png?lm=1520611569,https://img.a.transfermarkt.technology/portrait/medium/1012731-1770273851.jpg?lm=1,2006-03-28,83,4
2287,Dodô,18000000.0,2.0,Right-Back,Brazil,https://tmssl.akamaized.net//images/flagge/verysmall/26.png?lm=1520611569,https://img.a.transfermarkt.technology/portrait/medium/401529-1663591985.jpg?lm=1,1998-11-17,83,4
2288,Tariq Lamptey,5000000.0,48.0,Right-Back,Ghana,https://tmssl.akamaized.net//images/flagge/verysmall/54.png?lm=1520611569,https://img.a.transfermarkt.technology/portrait/medium/504148-1692364960.jpg?lm=1,2000-09-30,83,4
2289,Rolando Mandragora,10000000.0,8.0,Defensive Midfield,Italy,https://tmssl.akamaized.net//images/flagge/verysmall/75.png?lm=1520611569,https://img.a.transfermarkt.technology/portrait/medium/308279-1663591807.jpg?lm=1,1997-06-29,83,4
2290,Nicolò Fagioli,16000000.0,44.0,Central Midfield,Italy,https://tmssl.akamaized.net//images/flagge/verysmall/75.png?lm=1520611569,https://img.a.transfermarkt.technology/portrait/medium/432090-1695025310.jpg?lm=1,2001-02-12,83,4
2291,Cher Ndour,10000000.0,27.0,Central Midfield,Italy,https://tmssl.akamaized.net//images/flagge/verysmall/75.png?lm=1520611569,https://img.a.transfermarkt.technology/portrait/medium/651005-1758718132.jpg?lm=1,2004-07-27,83,4
2292,Marco Brescianini,9000000.0,4.0,Central Midfield,Italy,https://tmssl.akamaized.net//images/flagge/verysmall/75.png?lm=1520611569,https://img.a.transfermarkt.technology/portrait/medium/459128-1730183739.jpg?lm=1,2000-01-20,83,4
2293,Jacopo Fazzini,9000000.0,22.0,Central Midfield,Italy,https://tmssl.akamaized.net//images/flagge/verysmall/75.png?lm=1520611569,https://img.a.transfermarkt.technology/portrait/medium/691482-1673249779.jpg?lm=1,2003-03-16,83,4
2294,Giovanni Fabbian,10000000.0,80.0,Attacking Midfield,Italy,https://tmssl.akamaized.net//images/flagge/verysmall/75.png?lm=1520611569,https://img.a.transfermarkt.technology/portrait/medium/633668-1695027735.jpg?lm=1,2003-01-14,83,4
2295,Abdelhamid Sabiri,1000000.0,11.0,Attacking Midfield,Morocco,https://tmssl.akamaized.net//images/flagge/verysmall/107.png?lm=1520611569,https://img.a.transfermarkt.technology/portrait/medium/340394-1661514460.jpg?lm=1,1996-11-28,83,4
2296,Manor Solomon,9000000.0,19.0,Left Winger,Israel,https://tmssl.akamaized.net//images/flagge/verysmall/74.png?lm=1520611569,https://img.a.transfermarkt.technology/portrait/medium/396638-1684793985.jpg?lm=1,1999-07-24,83,4
2297,Jack Harrison,8000000.0,17.0,Left Winger,England,https://tmssl.akamaized.net//images/flagge/verysmall/189.png?lm=1520611569,https://img.a.transfermarkt.technology/portrait/medium/417346-1711746777.jpg?lm=1,1996-11-20,83,4
2298,Albert Gudmundsson,13000000.0,10.0,Second Striker,Iceland,https://tmssl.akamaized.net//images/flagge/verysmall/73.png?lm=1520611569,https://img.a.transfermarkt.technology/portrait/medium/305947-1705389252.jpg?lm=1,1997-06-15,83,4
2299,Moise Kean,40000000.0,20.0,Centre-Forward,Italy,https://tmssl.akamaized.net//images/flagge/verysmall/75.png?lm=1520611569,https://img.a.transfermarkt.technology/portrait/medium/364135-1725532147.jpg?lm=1,2000-02-28,83,4
2300,Roberto Piccoli,16000000.0,91.0,Centre-Forward,Italy,https://tmssl.akamaized.net//images/flagge/verysmall/75.png?lm=1520611569,https://img.a.transfermarkt.technology/portrait/medium/432092-1753438910.jpg?lm=1,2001-01-27,83,4
2301,Mile Svilar,35000000.0,99.0,Goalkeeper,Serbia,https://tmssl.akamaized.net//images/flagge/verysmall/215.png?lm=1520611569,https://img.a.transfermarkt.technology/portrait/medium/338670-1725532174.jpg?lm=1,1999-08-27,84,4
2302,Pierluigi Gollini,800000.0,95.0,Goalkeeper,Italy,https://tmssl.akamaized.net//images/flagge/verysmall/75.png?lm=1520611569,https://img.a.transfermarkt.technology/portrait/medium/244192-1695026486.jpg?lm=1,1995-03-18,84,4
2303,Radoslaw Zelezny,200000.0,91.0,Goalkeeper,Poland,https://tmssl.akamaized.net//images/flagge/verysmall/135.png?lm=1520611569,https://img.a.transfermarkt.technology/portrait/medium/1073023-1753683100.jpg?lm=1,2006-09-06,84,4
2304,Evan Ndicka,35000000.0,5.0,Centre-Back,Cote d'Ivoire,https://tmssl.akamaized.net//images/flagge/verysmall/38.png?lm=1520611569,https://img.a.transfermarkt.technology/portrait/medium/371149-1757605149.jpg?lm=1,1999-08-20,84,4
2305,Gianluca Mancini,15000000.0,23.0,Centre-Back,Italy,https://tmssl.akamaized.net//images/flagge/verysmall/75.png?lm=1520611569,https://img.a.transfermarkt.technology/portrait/medium/256448-1663581060.jpg?lm=1,1996-04-17,84,4
2306,Daniele Ghilardi,15000000.0,87.0,Centre-Back,Italy,https://tmssl.akamaized.net//images/flagge/verysmall/75.png?lm=1520611569,https://img.a.transfermarkt.technology/portrait/medium/701819-1725530673.jpg?lm=1,2003-01-06,84,4
2307,Jan Ziolkowski,12000000.0,24.0,Centre-Back,Poland,https://tmssl.akamaized.net//images/flagge/verysmall/135.png?lm=1520611569,https://img.a.transfermarkt.technology/portrait/medium/1046867-1757603793.jpg?lm=1,2005-06-05,84,4
2308,Mario Hermoso,7000000.0,22.0,Centre-Back,Spain,https://tmssl.akamaized.net//images/flagge/verysmall/157.png?lm=1520611569,https://img.a.transfermarkt.technology/portrait/medium/281769-1666818938.jpg?lm=1,1995-06-18,84,4
2309,Angeliño,10000000.0,3.0,Left-Back,Spain,https://tmssl.akamaized.net//images/flagge/verysmall/157.png?lm=1520611569,https://img.a.transfermarkt.technology/portrait/medium/277179-1706626191.jpg?lm=1,1997-01-04,84,4
2310,Konstantinos Tsimikas,8000000.0,12.0,Left-Back,Greece,https://tmssl.akamaized.net//images/flagge/verysmall/56.png?lm=1520611569,https://img.a.transfermarkt.technology/portrait/medium/338070-1682088468.jpg?lm=1,1996-05-12,84,4
2311,Wesley,40000000.0,43.0,Right-Back,Brazil,https://tmssl.akamaized.net//images/flagge/verysmall/26.png?lm=1520611569,https://img.a.transfermarkt.technology/portrait/medium/964580-1743167536.jpg?lm=1,2003-09-06,84,4
2312,Zeki Çelik,12000000.0,19.0,Right-Back,Türkiye,https://tmssl.akamaized.net//images/flagge/verysmall/174.png?lm=1520611569,https://img.a.transfermarkt.technology/portrait/medium/251075-1725530746.jpg?lm=1,1997-02-17,84,4
2313,Devyne Rensch,8500000.0,2.0,Right-Back,Netherlands,https://tmssl.akamaized.net//images/flagge/verysmall/122.png?lm=1520611569,https://img.a.transfermarkt.technology/portrait/medium/557407-1683881379.jpg?lm=1,2003-01-18,84,4
2314,Bryan Cristante,7000000.0,4.0,Defensive Midfield,Italy,https://tmssl.akamaized.net//images/flagge/verysmall/75.png?lm=1520611569,https://img.a.transfermarkt.technology/portrait/medium/199248-1724827920.jpg?lm=1,1995-03-03,84,4
2315,Manu Koné,50000000.0,17.0,Central Midfield,France,https://tmssl.akamaized.net//images/flagge/verysmall/50.png?lm=1520611569,https://img.a.transfermarkt.technology/portrait/medium/624690-1757931309.jpg?lm=1,2001-05-17,84,4
2316,Neil El Aynaoui,20000000.0,8.0,Central Midfield,Morocco,https://tmssl.akamaized.net//images/flagge/verysmall/107.png?lm=1520611569,https://img.a.transfermarkt.technology/portrait/medium/901019-1757603917.jpg?lm=1,2001-07-02,84,4
2317,Niccolò Pisilli,20000000.0,61.0,Central Midfield,Italy,https://tmssl.akamaized.net//images/flagge/verysmall/75.png?lm=1520611569,https://img.a.transfermarkt.technology/portrait/medium/813137-1683527978.jpg?lm=1,2004-09-23,84,4
2318,Lorenzo Pellegrini,9000000.0,7.0,Attacking Midfield,Italy,https://tmssl.akamaized.net//images/flagge/verysmall/75.png?lm=1520611569,https://img.a.transfermarkt.technology/portrait/medium/286297-1692962972.jpg?lm=1,1996-06-19,84,4
2319,Bryan Zaragoza,10000000.0,97.0,Left Winger,Spain,https://tmssl.akamaized.net//images/flagge/verysmall/157.png?lm=1520611569,https://img.a.transfermarkt.technology/portrait/medium/713644-1714503809.jpg?lm=1,2001-09-09,84,4
2320,Stephan El Shaarawy,2500000.0,92.0,Left Winger,Italy,https://tmssl.akamaized.net//images/flagge/verysmall/75.png?lm=1520611569,https://img.a.transfermarkt.technology/portrait/medium/94529-1730124909.jpg?lm=1,1992-10-27,84,4
2321,Matías Soulé,35000000.0,18.0,Right Winger,Argentina,https://tmssl.akamaized.net//images/flagge/verysmall/9.png?lm=1520611569,https://img.a.transfermarkt.technology/portrait/medium/668951-1725529266.jpg?lm=1,2003-04-15,84,4
2322,Lorenzo Venturino,4500000.0,20.0,Right Winger,Italy,https://tmssl.akamaized.net//images/flagge/verysmall/75.png?lm=1520611569,https://img.a.transfermarkt.technology/portrait/medium/1061820-1737358590.jpg?lm=1,2006-06-22,84,4
2323,Paulo Dybala,5000000.0,21.0,Second Striker,Argentina,https://tmssl.akamaized.net//images/flagge/verysmall/9.png?lm=1520611569,https://img.a.transfermarkt.technology/portrait/medium/206050-1725530843.jpg?lm=1,1993-11-15,84,4
2324,Donyell Malen,35000000.0,14.0,Centre-Forward,Netherlands,https://tmssl.akamaized.net//images/flagge/verysmall/122.png?lm=1520611569,https://img.a.transfermarkt.technology/portrait/medium/326029-1711746104.jpg?lm=1,1999-01-19,84,4
2325,Evan Ferguson,25000000.0,11.0,Centre-Forward,Ireland,https://tmssl.akamaized.net//images/flagge/verysmall/72.png?lm=1520611569,https://img.a.transfermarkt.technology/portrait/medium/648046-1681739980.jpg?lm=1,2004-10-19,84,4
2326,Robinio Vaz,18000000.0,78.0,Centre-Forward,France,https://tmssl.akamaized.net//images/flagge/verysmall/50.png?lm=1520611569,https://img.a.transfermarkt.technology/portrait/medium/1131161-1761232363.jpg?lm=1,2007-02-17,84,4
2327,Artem Dovbyk,15000000.0,9.0,Centre-Forward,Ukraine,https://tmssl.akamaized.net//images/flagge/verysmall/177.png?lm=1520611569,https://img.a.transfermarkt.technology/portrait/medium/343537-1719215184.jpg?lm=1,1997-06-21,84,4
2328,Marco Carnesecchi,25000000.0,29.0,Goalkeeper,Italy,https://tmssl.akamaized.net//images/flagge/verysmall/75.png?lm=1520611569,https://img.a.transfermarkt.technology/portrait/medium/459763-1695027944.jpg?lm=1,2000-07-01,85,4
2329,Marco Sportiello,1000000.0,57.0,Goalkeeper,Italy,https://tmssl.akamaized.net//images/flagge/verysmall/75.png?lm=1520611569,https://img.a.transfermarkt.technology/portrait/medium/199976-1661351013.jpg?lm=1,1992-05-10,85,4
2330,Francesco Rossi,100000.0,31.0,Goalkeeper,Italy,https://tmssl.akamaized.net//images/flagge/verysmall/75.png?lm=1520611569,https://img.a.transfermarkt.technology/portrait/medium/126634-1757604568.jpg?lm=1,1991-04-27,85,4
2331,Giorgio Scalvini,30000000.0,42.0,Centre-Back,Italy,https://tmssl.akamaized.net//images/flagge/verysmall/75.png?lm=1520611569,https://img.a.transfermarkt.technology/portrait/medium/571604-1701860841.jpg?lm=1,2003-12-11,85,4
2332,Honest Ahanor,25000000.0,69.0,Centre-Back,Italy,https://tmssl.akamaized.net//images/flagge/verysmall/75.png?lm=1520611569,https://img.a.transfermarkt.technology/portrait/medium/1077175-1725265871.jpg?lm=1,2008-02-23,85,4
2333,Isak Hien,22000000.0,4.0,Centre-Back,Sweden,https://tmssl.akamaized.net//images/flagge/verysmall/147.png?lm=1520611569,https://img.a.transfermarkt.technology/portrait/medium/503075-1725531359.jpg?lm=1,1999-01-13,85,4
2334,Odilon Kossounou,18000000.0,3.0,Centre-Back,Cote d'Ivoire,https://tmssl.akamaized.net//images/flagge/verysmall/38.png?lm=1520611569,https://img.a.transfermarkt.technology/portrait/medium/644771-1730183693.jpg?lm=1,2001-01-04,85,4
2335,Sead Kolasinac,6000000.0,23.0,Centre-Back,Bosnia-Herzegovina,https://tmssl.akamaized.net//images/flagge/verysmall/24.png?lm=1569523290,https://img.a.transfermarkt.technology/portrait/medium/94005-1666815100.jpg?lm=1,1993-06-20,85,4
2336,Berat Djimsiti,5000000.0,19.0,Centre-Back,Albania,https://tmssl.akamaized.net//images/flagge/verysmall/3.png?lm=1520611569,https://img.a.transfermarkt.technology/portrait/medium/165513-1718627443.jpg?lm=1,1993-02-19,85,4
2337,Marten de Roon,3500000.0,15.0,Defensive Midfield,Netherlands,https://tmssl.akamaized.net//images/flagge/verysmall/122.png?lm=1520611569,https://img.a.transfermarkt.technology/portrait/medium/133179-1663582942.jpg?lm=1,1991-03-29,85,4
2338,Éderson,40000000.0,13.0,Central Midfield,Brazil,https://tmssl.akamaized.net//images/flagge/verysmall/26.png?lm=1520611569,https://img.a.transfermarkt.technology/portrait/medium/607854-1646648856.jpg?lm=1,1999-07-07,85,4
2339,Yunus Musah,18000000.0,6.0,Central Midfield,United States,https://tmssl.akamaized.net//images/flagge/verysmall/184.png?lm=1520611569,https://img.a.transfermarkt.technology/portrait/medium/503991-1684913655.jpg?lm=1,2002-11-29,85,4
2340,Mario Pašalić,7000000.0,8.0,Central Midfield,Croatia,https://tmssl.akamaized.net//images/flagge/verysmall/37.png?lm=1520611569,https://img.a.transfermarkt.technology/portrait/medium/205938-1716240830.jpg?lm=1,1995-02-09,85,4
2341,Raoul Bellanova,18000000.0,16.0,Right Midfield,Italy,https://tmssl.akamaized.net//images/flagge/verysmall/75.png?lm=1520611569,https://img.a.transfermarkt.technology/portrait/medium/357992-1695028689.jpg?lm=1,2000-05-17,85,4
2342,Davide Zappacosta,3500000.0,77.0,Right Midfield,Italy,https://tmssl.akamaized.net//images/flagge/verysmall/75.png?lm=1520611569,https://img.a.transfermarkt.technology/portrait/medium/173859-1661268432.jpg?lm=1,1992-06-11,85,4
2343,Nicola Zalewski,20000000.0,59.0,Left Midfield,Poland,https://tmssl.akamaized.net//images/flagge/verysmall/135.png?lm=1520611569,https://img.a.transfermarkt.technology/portrait/medium/550108-1725530902.jpg?lm=1,2002-01-23,85,4
2344,Lorenzo Bernasconi,15000000.0,47.0,Left Midfield,Italy,https://tmssl.akamaized.net//images/flagge/verysmall/75.png?lm=1520611569,https://img.a.transfermarkt.technology/portrait/medium/708635-1773300882.jpg?lm=1,2003-11-16,85,4
2345,Mitchel Bakker,4000000.0,5.0,Left Midfield,Netherlands,https://tmssl.akamaized.net//images/flagge/verysmall/122.png?lm=1520611569,https://img.a.transfermarkt.technology/portrait/medium/361065-1658913284.jpg?lm=1,2000-06-20,85,4
2346,Charles De Ketelaere,35000000.0,17.0,Attacking Midfield,Belgium,https://tmssl.akamaized.net//images/flagge/verysmall/19.png?lm=1520611569,https://img.a.transfermarkt.technology/portrait/medium/435772-1659601388.jpg?lm=1,2001-03-10,85,4
2347,Lazar Samardžić,17000000.0,10.0,Attacking Midfield,Serbia,https://tmssl.akamaized.net//images/flagge/verysmall/215.png?lm=1520611569,https://img.a.transfermarkt.technology/portrait/medium/528833-1757605226.jpg?lm=1,2002-02-24,85,4
2348,Kamaldeen Sulemana,18000000.0,7.0,Left Winger,Ghana,https://tmssl.akamaized.net//images/flagge/verysmall/54.png?lm=1520611569,https://img.a.transfermarkt.technology/portrait/medium/746695-1751520001.jpg?lm=1,2002-02-15,85,4
2349,Giacomo Raspadori,22000000.0,18.0,Second Striker,Italy,https://tmssl.akamaized.net//images/flagge/verysmall/75.png?lm=1520611569,https://img.a.transfermarkt.technology/portrait/medium/405885-1708552564.jpg?lm=1,2000-02-18,85,4
2350,Gianluca Scamacca,25000000.0,9.0,Centre-Forward,Italy,https://tmssl.akamaized.net//images/flagge/verysmall/75.png?lm=1520611569,https://img.a.transfermarkt.technology/portrait/medium/315867-1659354755.jpg?lm=1,1999-01-01,85,4
2351,Nikola Krstović,25000000.0,90.0,Centre-Forward,Montenegro,https://tmssl.akamaized.net//images/flagge/verysmall/216.png?lm=1520611569,https://img.a.transfermarkt.technology/portrait/medium/434433-1730126208.jpg?lm=1,2000-04-05,85,4
2352,Lukasz Skorupski,2500000.0,1.0,Goalkeeper,Poland,https://tmssl.akamaized.net//images/flagge/verysmall/135.png?lm=1520611569,https://img.a.transfermarkt.technology/portrait/medium/80894-1724827036.jpg?lm=1,1991-05-05,86,4
2353,Federico Ravaglia,2000000.0,13.0,Goalkeeper,Italy,https://tmssl.akamaized.net//images/flagge/verysmall/75.png?lm=1520611569,https://img.a.transfermarkt.technology/portrait/medium/390304-1701253429.jpg?lm=1,1999-11-11,86,4
2354,Massimo Pessina,1000000.0,25.0,Goalkeeper,Italy,https://tmssl.akamaized.net//images/flagge/verysmall/75.png?lm=1520611569,https://img.a.transfermarkt.technology/portrait/medium/992569-1762757870.jpg?lm=1,2007-12-25,86,4
2355,Jhon Lucumí,25000000.0,26.0,Centre-Back,Colombia,https://tmssl.akamaized.net//images/flagge/verysmall/83.png?lm=1520611569,https://img.a.transfermarkt.technology/portrait/medium/413565-1753445789.jpg?lm=1,1998-06-26,86,4
2356,Torbjørn Heggem,14000000.0,14.0,Centre-Back,Norway,https://tmssl.akamaized.net//images/flagge/verysmall/125.png?lm=1520611569,https://img.a.transfermarkt.technology/portrait/medium/464469-1702050091.jpg?lm=1,1999-01-12,86,4
2357,Martin Vitík,10000000.0,41.0,Centre-Back,Czech Republic,https://tmssl.akamaized.net//images/flagge/verysmall/172.png?lm=1520611569,https://img.a.transfermarkt.technology/portrait/medium/652054-1716965526.jpg?lm=1,2003-01-21,86,4
2358,Eivind Helland,7000000.0,5.0,Centre-Back,Norway,https://tmssl.akamaized.net//images/flagge/verysmall/125.png?lm=1520611569,https://img.a.transfermarkt.technology/portrait/medium/1129198-1720826278.jpg?lm=1,2005-04-25,86,4
2359,Nicolò Casale,5000000.0,16.0,Centre-Back,Italy,https://tmssl.akamaized.net//images/flagge/verysmall/75.png?lm=1520611569,https://img.a.transfermarkt.technology/portrait/medium/389837-1695026993.jpg?lm=1,1998-02-14,86,4
2360,Kevin Bonifazi,300000.0,,Centre-Back,Italy,https://tmssl.akamaized.net//images/flagge/verysmall/75.png?lm=1520611569,https://img.a.transfermarkt.technology/portrait/medium/247377-1663656615.jpg?lm=1,1996-05-19,86,4
2361,Juan Miranda,15000000.0,33.0,Left-Back,Spain,https://tmssl.akamaized.net//images/flagge/verysmall/157.png?lm=1520611569,https://img.a.transfermarkt.technology/portrait/medium/341227-1752838396.jpg?lm=1,2000-01-19,86,4
2362,Charalampos Lykogiannis,1500000.0,22.0,Left-Back,Greece,https://tmssl.akamaized.net//images/flagge/verysmall/56.png?lm=1520611569,https://img.a.transfermarkt.technology/portrait/medium/136514-1663656826.jpg?lm=1,1993-10-22,86,4
2363,João Mário,8500000.0,17.0,Right-Back,Portugal,https://tmssl.akamaized.net//images/flagge/verysmall/136.png?lm=1520611569,https://img.a.transfermarkt.technology/portrait/medium/537602-1753421209.jpg?lm=1,2000-01-03,86,4
2364,Nadir Zortea,7500000.0,20.0,Right-Back,Italy,https://tmssl.akamaized.net//images/flagge/verysmall/75.png?lm=1520611569,https://img.a.transfermarkt.technology/portrait/medium/392966-1730186481.jpg?lm=1,1999-06-19,86,4
2365,Lorenzo De Silvestri,700000.0,29.0,Right-Back,Italy,https://tmssl.akamaized.net//images/flagge/verysmall/75.png?lm=1520611569,https://img.a.transfermarkt.technology/portrait/medium/33571-1595929290.jpg?lm=1,1988-05-23,86,4
2366,Nikola Moro,6500000.0,6.0,Defensive Midfield,Croatia,https://tmssl.akamaized.net//images/flagge/verysmall/37.png?lm=1520611569,https://img.a.transfermarkt.technology/portrait/medium/316934-1692964241.jpg?lm=1,1998-03-12,86,4
2367,Lewis Ferguson,18000000.0,19.0,Central Midfield,Scotland,https://tmssl.akamaized.net//images/flagge/verysmall/190.png?lm=1520611569,https://img.a.transfermarkt.technology/portrait/medium/428563-1753445535.jpg?lm=1,1999-08-24,86,4
2368,Tommaso Pobega,9000000.0,4.0,Central Midfield,Italy,https://tmssl.akamaized.net//images/flagge/verysmall/75.png?lm=1520611569,https://img.a.transfermarkt.technology/portrait/medium/392538-1661767249.jpg?lm=1,1999-07-15,86,4
2369,Simon Sohm,8000000.0,23.0,Central Midfield,Switzerland,https://tmssl.akamaized.net//images/flagge/verysmall/148.png?lm=1520611569,https://img.a.transfermarkt.technology/portrait/medium/507486-1753435341.jpg?lm=1,2001-04-11,86,4
2370,Remo Freuler,4000000.0,8.0,Central Midfield,Switzerland,https://tmssl.akamaized.net//images/flagge/verysmall/148.png?lm=1520611569,https://img.a.transfermarkt.technology/portrait/medium/148252-1688044464.jpg?lm=1,1992-04-15,86,4
2371,Jens Odgaard,15000000.0,21.0,Attacking Midfield,Denmark,https://tmssl.akamaized.net//images/flagge/verysmall/39.png?lm=1520611569,https://img.a.transfermarkt.technology/portrait/medium/345590-1706697621.jpg?lm=1,1999-03-31,86,4
2372,Jonathan Rowe,20000000.0,11.0,Left Winger,England,https://tmssl.akamaized.net//images/flagge/verysmall/189.png?lm=1520611569,https://img.a.transfermarkt.technology/portrait/medium/672381-1750074903.jpg?lm=1,2003-04-30,86,4
2373,Nicolò Cambiaghi,16000000.0,28.0,Left Winger,Italy,https://tmssl.akamaized.net//images/flagge/verysmall/75.png?lm=1520611569,https://img.a.transfermarkt.technology/portrait/medium/459151-1695031545.jpg?lm=1,2000-12-28,86,4
2374,Benja Domínguez,10000000.0,30.0,Left Winger,Argentina,https://tmssl.akamaized.net//images/flagge/verysmall/9.png?lm=1520611569,https://img.a.transfermarkt.technology/portrait/medium/961022-1757664923.png?lm=1,2003-09-19,86,4
2375,Riccardo Orsolini,18000000.0,7.0,Right Winger,Italy,https://tmssl.akamaized.net//images/flagge/verysmall/75.png?lm=1520611569,https://img.a.transfermarkt.technology/portrait/medium/368482-1724827463.jpg?lm=1,1997-01-24,86,4
2376,Federico Bernardeschi,3500000.0,10.0,Right Winger,Italy,https://tmssl.akamaized.net//images/flagge/verysmall/75.png?lm=1520611569,https://img.a.transfermarkt.technology/portrait/medium/197300-1740819052.jpg?lm=1,1994-02-16,86,4
2377,Santiago Castro,35000000.0,9.0,Centre-Forward,Argentina,https://tmssl.akamaized.net//images/flagge/verysmall/9.png?lm=1520611569,https://img.a.transfermarkt.technology/portrait/medium/849520-1724827267.jpg?lm=1,2004-09-18,86,4
2378,Thijs Dallinga,12000000.0,24.0,Centre-Forward,Netherlands,https://tmssl.akamaized.net//images/flagge/verysmall/122.png?lm=1520611569,https://img.a.transfermarkt.technology/portrait/medium/538964-1737495076.jpg?lm=1,2000-08-03,86,4
2379,Elia Caprile,15000000.0,1.0,Goalkeeper,Italy,https://tmssl.akamaized.net//images/flagge/verysmall/75.png?lm=1520611569,https://img.a.transfermarkt.technology/portrait/medium/421873-1704902651.jpg?lm=1,2001-08-25,87,4
2380,Alen Sherri,1000000.0,12.0,Goalkeeper,Albania,https://tmssl.akamaized.net//images/flagge/verysmall/3.png?lm=1520611569,https://img.a.transfermarkt.technology/portrait/medium/304144-1730124783.jpg?lm=1,1997-12-15,87,4
2381,Giuseppe Ciocci,100000.0,24.0,Goalkeeper,Italy,https://tmssl.akamaized.net//images/flagge/verysmall/75.png?lm=1520611569,https://img.a.transfermarkt.technology/portrait/medium/535740-1767802954.jpg?lm=1,2002-01-24,87,4
2382,Alberto Dossena,7000000.0,22.0,Centre-Back,Italy,https://tmssl.akamaized.net//images/flagge/verysmall/75.png?lm=1520611569,https://img.a.transfermarkt.technology/portrait/medium/385394-1686510717.jpg?lm=1,1998-10-13,87,4
2383,Adam Obert,6500000.0,33.0,Centre-Back,Slovakia,https://tmssl.akamaized.net//images/flagge/verysmall/154.png?lm=1520611569,https://img.a.transfermarkt.technology/portrait/medium/568333-1695033793.jpg?lm=1,2002-08-23,87,4
2384,Juan Rodríguez,5000000.0,15.0,Centre-Back,Uruguay,https://tmssl.akamaized.net//images/flagge/verysmall/179.png?lm=1520611569,https://img.a.transfermarkt.technology/portrait/medium/1228231-1767769559.jpg?lm=1,2005-05-30,87,4
2385,Yerry Mina,3000000.0,26.0,Centre-Back,Colombia,https://tmssl.akamaized.net//images/flagge/verysmall/83.png?lm=1520611569,https://img.a.transfermarkt.technology/portrait/medium/289446-1730186402.jpg?lm=1,1994-09-23,87,4
2386,Zé Pedro,2500000.0,32.0,Centre-Back,Portugal,https://tmssl.akamaized.net//images/flagge/verysmall/136.png?lm=1520611569,https://img.a.transfermarkt.technology/portrait/medium/406151-1756792343.jpg?lm=1,1997-06-06,87,4
2387,Riyad Idrissi,4000000.0,3.0,Left-Back,Italy,https://tmssl.akamaized.net//images/flagge/verysmall/75.png?lm=1520611569,https://img.a.transfermarkt.technology/portrait/medium/885226-1730128832.jpg?lm=1,2005-06-13,87,4
2388,Marco Palestra,30000000.0,2.0,Right-Back,Italy,https://tmssl.akamaized.net//images/flagge/verysmall/75.png?lm=1520611569,https://img.a.transfermarkt.technology/portrait/medium/895937-1704902310.jpg?lm=1,2005-03-03,87,4
2389,Gabriele Zappa,3500000.0,28.0,Right-Back,Italy,https://tmssl.akamaized.net//images/flagge/verysmall/75.png?lm=1520611569,https://img.a.transfermarkt.technology/portrait/medium/392569-1695033763.jpg?lm=1,1999-12-22,87,4
2390,Othniël Raterink,1000000.0,18.0,Right-Back,Netherlands,https://tmssl.akamaized.net//images/flagge/verysmall/122.png?lm=1520611569,https://img.a.transfermarkt.technology/portrait/medium/997478-1767882208.jpg?lm=1,2006-04-07,87,4
2391,Ibrahim Sulemana,6000000.0,25.0,Defensive Midfield,Ghana,https://tmssl.akamaized.net//images/flagge/verysmall/54.png?lm=1520611569,https://img.a.transfermarkt.technology/portrait/medium/982267-1695033715.jpg?lm=1,2003-05-22,87,4
2392,Gianluca Gaetano,5000000.0,10.0,Defensive Midfield,Italy,https://tmssl.akamaized.net//images/flagge/verysmall/75.png?lm=1520611569,https://img.a.transfermarkt.technology/portrait/medium/358008-1757604842.jpg?lm=1,2000-05-05,87,4
2393,Michel Adopo,6000000.0,8.0,Central Midfield,France,https://tmssl.akamaized.net//images/flagge/verysmall/50.png?lm=1520611569,https://img.a.transfermarkt.technology/portrait/medium/564305-1730186534.jpg?lm=1,2000-07-19,87,4
2394,Michael Folorunsho,6000000.0,90.0,Central Midfield,Italy,https://tmssl.akamaized.net//images/flagge/verysmall/75.png?lm=1520611569,https://img.a.transfermarkt.technology/portrait/medium/377042-1722173196.jpg?lm=1,1998-02-07,87,4
2395,Joseph Liteta,3500000.0,27.0,Central Midfield,Zambia,https://tmssl.akamaized.net//images/flagge/verysmall/142.png?lm=1520611569,https://img.a.transfermarkt.technology/portrait/medium/1134304-1752133481.jpg?lm=1,2006-02-22,87,4
2396,Alessandro Deiola,1600000.0,14.0,Central Midfield,Italy,https://tmssl.akamaized.net//images/flagge/verysmall/75.png?lm=1520611569,https://img.a.transfermarkt.technology/portrait/medium/235931-1692964002.jpg?lm=1,1995-08-01,87,4
2397,Luca Mazzitelli,1400000.0,4.0,Central Midfield,Italy,https://tmssl.akamaized.net//images/flagge/verysmall/75.png?lm=1520611569,https://img.a.transfermarkt.technology/portrait/medium/226025-1730185840.jpg?lm=1,1995-11-15,87,4
2398,Mattia Felici,2800000.0,17.0,Left Winger,Italy,https://tmssl.akamaized.net//images/flagge/verysmall/75.png?lm=1520611569,https://img.a.transfermarkt.technology/portrait/medium/600041-1730125232.jpg?lm=1,2001-04-17,87,4
2399,Agustín Albarracín,2300000.0,20.0,Left Winger,Uruguay,https://tmssl.akamaized.net//images/flagge/verysmall/179.png?lm=1520611569,https://img.a.transfermarkt.technology/portrait/medium/1104206-1769528142.png?lm=1,2005-08-29,87,4
2400,Sebastiano Esposito,12000000.0,94.0,Second Striker,Italy,https://tmssl.akamaized.net//images/flagge/verysmall/75.png?lm=1520611569,https://img.a.transfermarkt.technology/portrait/medium/538918-1730127469.jpg?lm=1,2002-07-02,87,4
2401,Semih Kılıçsoy,13000000.0,9.0,Centre-Forward,Türkiye,https://tmssl.akamaized.net//images/flagge/verysmall/174.png?lm=1520611569,https://img.a.transfermarkt.technology/portrait/medium/875334-1774624387.jpeg?lm=1,2005-08-15,87,4
2402,Gennaro Borrelli,3000000.0,29.0,Centre-Forward,Italy,https://tmssl.akamaized.net//images/flagge/verysmall/75.png?lm=1520611569,https://img.a.transfermarkt.technology/portrait/medium/459988-1756452626.jpg?lm=1,2000-03-10,87,4
2403,Andrea Belotti,1500000.0,19.0,Centre-Forward,Italy,https://tmssl.akamaized.net//images/flagge/verysmall/75.png?lm=1520611569,https://img.a.transfermarkt.technology/portrait/medium/167727-1663581136.jpg?lm=1,1993-12-20,87,4
2404,Yael Trepy,1500000.0,37.0,Centre-Forward,France,https://tmssl.akamaized.net//images/flagge/verysmall/50.png?lm=1520611569,https://img.a.transfermarkt.technology/portrait/medium/1099924-1757602928.jpg?lm=1,2006-05-20,87,4
2405,Paul Mendy,800000.0,31.0,Centre-Forward,Senegal,https://tmssl.akamaized.net//images/flagge/verysmall/149.png?lm=1520611569,https://img.a.transfermarkt.technology/portrait/medium/1371793-1757603190.jpg?lm=1,2007-01-13,87,4
2406,Leonardo Pavoletti,700000.0,30.0,Centre-Forward,Italy,https://tmssl.akamaized.net//images/flagge/verysmall/75.png?lm=1520611569,https://img.a.transfermarkt.technology/portrait/medium/64793-1725530760.jpg?lm=1,1988-11-26,87,4
2407,Jean Butez,8000000.0,1.0,Goalkeeper,France,https://tmssl.akamaized.net//images/flagge/verysmall/50.png?lm=1520611569,https://img.a.transfermarkt.technology/portrait/medium/290537-1704961364.jpg?lm=1,1995-06-08,88,4
2408,Noel Törnqvist,2000000.0,21.0,Goalkeeper,Sweden,https://tmssl.akamaized.net//images/flagge/verysmall/147.png?lm=1520611569,https://img.a.transfermarkt.technology/portrait/medium/730531-1743175380.jpg?lm=1,2002-02-01,88,4
2409,Nikola Cavlina,750000.0,44.0,Goalkeeper,Croatia,https://tmssl.akamaized.net//images/flagge/verysmall/37.png?lm=1520611569,https://img.a.transfermarkt.technology/portrait/medium/587505-1767803458.jpg?lm=1,2002-06-02,88,4
2410,Henrique Menke,300000.0,12.0,Goalkeeper,Brazil,https://tmssl.akamaized.net//images/flagge/verysmall/26.png?lm=1520611569,https://img.a.transfermarkt.technology/portrait/medium/1259706-1759849686.jpg?lm=1,2007-01-12,88,4
2411,Mauro Vigorito,150000.0,22.0,Goalkeeper,Italy,https://tmssl.akamaized.net//images/flagge/verysmall/75.png?lm=1520611569,https://img.a.transfermarkt.technology/portrait/medium/88595-1757604061.jpg?lm=1,1990-05-22,88,4
2412,Jacobo Ramón,25000000.0,14.0,Centre-Back,Spain,https://tmssl.akamaized.net//images/flagge/verysmall/157.png?lm=1520611569,https://img.a.transfermarkt.technology/portrait/medium/948278-1759837942.jpg?lm=1,2005-01-06,88,4
2413,Diego Carlos,6000000.0,34.0,Centre-Back,Brazil,https://tmssl.akamaized.net//images/flagge/verysmall/26.png?lm=1520611569,https://img.a.transfermarkt.technology/portrait/medium/329145-1737106245.jpg?lm=1,1993-03-15,88,4
2414,Marc Oliver Kempf,3500000.0,2.0,Centre-Back,Germany,https://tmssl.akamaized.net//images/flagge/verysmall/40.png?lm=1520612525,https://img.a.transfermarkt.technology/portrait/medium/160938-1753445146.jpg?lm=1,1995-01-28,88,4
2415,Edoardo Goldaniga,2500000.0,5.0,Centre-Back,Italy,https://tmssl.akamaized.net//images/flagge/verysmall/75.png?lm=1520611569,https://img.a.transfermarkt.technology/portrait/medium/242940-1725530007.jpg?lm=1,1993-11-02,88,4
2416,Álex Valle,10000000.0,3.0,Left-Back,Spain,https://tmssl.akamaized.net//images/flagge/verysmall/157.png?lm=1520611569,https://img.a.transfermarkt.technology/portrait/medium/709957-1757603064.jpg?lm=1,2004-04-25,88,4
2417,Alberto Moreno,1000000.0,18.0,Left-Back,Spain,https://tmssl.akamaized.net//images/flagge/verysmall/157.png?lm=1520611569,https://img.a.transfermarkt.technology/portrait/medium/207917-1687268193.jpg?lm=1,1992-07-05,88,4
2418,Ignace Van der Brempt,3500000.0,77.0,Right-Back,Belgium,https://tmssl.akamaized.net//images/flagge/verysmall/19.png?lm=1520611569,https://img.a.transfermarkt.technology/portrait/medium/490423-1757664819.jpg?lm=1,2002-04-01,88,4
2419,Mërgim Vojvoda,3000000.0,31.0,Right-Back,Kosovo,https://tmssl.akamaized.net//images/flagge/verysmall/244.png?lm=1520611569,https://img.a.transfermarkt.technology/portrait/medium/336125-1661351703.jpg?lm=1,1995-02-01,88,4
2420,Ivan Smolcic,2500000.0,28.0,Right-Back,Croatia,https://tmssl.akamaized.net//images/flagge/verysmall/37.png?lm=1520611569,https://img.a.transfermarkt.technology/portrait/medium/571271-1738499181.jpg?lm=1,2000-08-17,88,4
2421,Máximo Perrone,30000000.0,23.0,Defensive Midfield,Argentina,https://tmssl.akamaized.net//images/flagge/verysmall/9.png?lm=1520611569,https://img.a.transfermarkt.technology/portrait/medium/668547-1681246573.jpg?lm=1,2003-01-07,88,4
2422,Lucas Da Cunha,20000000.0,33.0,Central Midfield,France,https://tmssl.akamaized.net//images/flagge/verysmall/50.png?lm=1520611569,https://img.a.transfermarkt.technology/portrait/medium/495667-1778088169.jpg?lm=1,2001-06-09,88,4
2423,Maxence Caqueret,15000000.0,6.0,Central Midfield,France,https://tmssl.akamaized.net//images/flagge/verysmall/50.png?lm=1520611569,https://img.a.transfermarkt.technology/portrait/medium/395237-1739281407.jpg?lm=1,2000-02-15,88,4
2424,Adrian Lahdo,10000000.0,15.0,Central Midfield,Sweden,https://tmssl.akamaized.net//images/flagge/verysmall/147.png?lm=1520611569,https://img.a.transfermarkt.technology/portrait/medium/1231993-1770014850.jpg?lm=1,2007-12-26,88,4
2425,Sergi Roberto,1500000.0,8.0,Central Midfield,Spain,https://tmssl.akamaized.net//images/flagge/verysmall/157.png?lm=1520611569,https://img.a.transfermarkt.technology/portrait/medium/85370-1662585931.jpg?lm=1,1992-02-07,88,4
2426,Nico Paz,65000000.0,10.0,Attacking Midfield,Argentina,https://tmssl.akamaized.net//images/flagge/verysmall/9.png?lm=1520611569,https://img.a.transfermarkt.technology/portrait/medium/948294-1699472504.jpg?lm=1,2004-09-08,88,4
2427,Martin Baturina,24000000.0,20.0,Attacking Midfield,Croatia,https://tmssl.akamaized.net//images/flagge/verysmall/37.png?lm=1520611569,https://img.a.transfermarkt.technology/portrait/medium/580451-1716240952.jpg?lm=1,2003-02-16,88,4
2428,Jesús Rodríguez,30000000.0,17.0,Left Winger,Spain,https://tmssl.akamaized.net//images/flagge/verysmall/157.png?lm=1520611569,https://img.a.transfermarkt.technology/portrait/medium/1190411-1744375833.jpg?lm=1,2005-11-21,88,4
2429,Assane Diao,30000000.0,38.0,Left Winger,Senegal,https://tmssl.akamaized.net//images/flagge/verysmall/149.png?lm=1520611569,https://img.a.transfermarkt.technology/portrait/medium/1061282-1699273116.jpg?lm=1,2005-09-07,88,4
2430,Jayden Addai,20000000.0,42.0,Right Winger,Netherlands,https://tmssl.akamaized.net//images/flagge/verysmall/122.png?lm=1520611569,https://img.a.transfermarkt.technology/portrait/medium/747720-1723819872.jpg?lm=1,2005-08-26,88,4
2431,Nicolas Kühn,12000000.0,19.0,Right Winger,Germany,https://tmssl.akamaized.net//images/flagge/verysmall/40.png?lm=1520612525,https://img.a.transfermarkt.technology/portrait/medium/336012-1752477155.jpg?lm=1,2000-01-01,88,4
2432,Anastasios Douvikas,18000000.0,11.0,Centre-Forward,Greece,https://tmssl.akamaized.net//images/flagge/verysmall/56.png?lm=1520611569,https://img.a.transfermarkt.technology/portrait/medium/523318-1682331342.jpg?lm=1,1999-08-02,88,4
2433,Álvaro Morata,8000000.0,7.0,Centre-Forward,Spain,https://tmssl.akamaized.net//images/flagge/verysmall/157.png?lm=1520611569,https://img.a.transfermarkt.technology/portrait/medium/128223-1719989301.jpg?lm=1,1992-10-23,88,4
2434,Justin Bijlow,4000000.0,16.0,Goalkeeper,Netherlands,https://tmssl.akamaized.net//images/flagge/verysmall/122.png?lm=1520611569,https://img.a.transfermarkt.technology/portrait/medium/315121-1676465549.jpg?lm=1,1998-01-22,89,4
2435,Nicola Leali,1500000.0,1.0,Goalkeeper,Italy,https://tmssl.akamaized.net//images/flagge/verysmall/75.png?lm=1520611569,https://img.a.transfermarkt.technology/portrait/medium/136111-1692963337.jpg?lm=1,1993-02-17,89,4
2436,Benjamin Siegrist,600000.0,31.0,Goalkeeper,Switzerland,https://tmssl.akamaized.net//images/flagge/verysmall/148.png?lm=1520611569,https://img.a.transfermarkt.technology/portrait/medium/111426-1770273039.jpg?lm=1,1992-01-31,89,4
2437,Ernestas Lysionok,200000.0,35.0,Goalkeeper,Lithuania,https://tmssl.akamaized.net//images/flagge/verysmall/98.png?lm=1520611569,https://img.a.transfermarkt.technology/portrait/medium/874967-1760450182.jpg?lm=1,2007-03-09,89,4
2438,Daniele Sommariva,100000.0,39.0,Goalkeeper,Italy,https://tmssl.akamaized.net//images/flagge/verysmall/75.png?lm=1520611569,https://img.a.transfermarkt.technology/portrait/medium/312773-1692963278.jpg?lm=1,1997-07-18,89,4
2439,Johan Vásquez,13000000.0,22.0,Centre-Back,Mexico,https://tmssl.akamaized.net//images/flagge/verysmall/110.png?lm=1520611569,https://img.a.transfermarkt.technology/portrait/medium/532937-1742929864.jpg?lm=1,1998-10-22,89,4
2440,Leo Østigård,10000000.0,5.0,Centre-Back,Norway,https://tmssl.akamaized.net//images/flagge/verysmall/125.png?lm=1520611569,https://img.a.transfermarkt.technology/portrait/medium/367284-1708552959.jpg?lm=1,1999-11-28,89,4
2441,Alessandro Marcandalli,7000000.0,27.0,Centre-Back,Italy,https://tmssl.akamaized.net//images/flagge/verysmall/75.png?lm=1520611569,https://img.a.transfermarkt.technology/portrait/medium/818448-1739282452.jpg?lm=1,2002-10-25,89,4
2442,Nils Zätterström,3000000.0,13.0,Centre-Back,Sweden,https://tmssl.akamaized.net//images/flagge/verysmall/147.png?lm=1520611569,https://img.a.transfermarkt.technology/portrait/medium/1191520-1723542792.jpg?lm=1,2005-03-29,89,4
2443,Sebastian Otoa,2500000.0,34.0,Centre-Back,Denmark,https://tmssl.akamaized.net//images/flagge/verysmall/39.png?lm=1520611569,https://img.a.transfermarkt.technology/portrait/medium/890385-1736924404.jpg?lm=1,2004-05-13,89,4
2444,Aarón Martín,7000000.0,3.0,Left-Back,Spain,https://tmssl.akamaized.net//images/flagge/verysmall/157.png?lm=1520611569,https://img.a.transfermarkt.technology/portrait/medium/251878-1730126148.jpg?lm=1,1997-04-22,89,4
2445,Brooke Norton-Cuffy,16000000.0,15.0,Right-Back,England,https://tmssl.akamaized.net//images/flagge/verysmall/189.png?lm=1520611569,https://img.a.transfermarkt.technology/portrait/medium/728733-1736498622.jpg?lm=1,2004-01-12,89,4
2446,Stefano Sabelli,1400000.0,20.0,Right-Back,Italy,https://tmssl.akamaized.net//images/flagge/verysmall/75.png?lm=1520611569,https://img.a.transfermarkt.technology/portrait/medium/167491-1753439397.jpg?lm=1,1993-01-13,89,4
2447,Morten Frendrup,18000000.0,32.0,Defensive Midfield,Denmark,https://tmssl.akamaized.net//images/flagge/verysmall/39.png?lm=1520611569,https://img.a.transfermarkt.technology/portrait/medium/503871-1707815910.jpg?lm=1,2001-04-07,89,4
2448,Jean Onana,1300000.0,14.0,Defensive Midfield,Cameroon,https://tmssl.akamaized.net//images/flagge/verysmall/31.png?lm=1520611569,https://img.a.transfermarkt.technology/portrait/medium/656441-1727356174.png?lm=1,2000-01-08,89,4
2449,Amorim,6500000.0,4.0,Central Midfield,Brazil,https://tmssl.akamaized.net//images/flagge/verysmall/26.png?lm=1520611569,https://img.a.transfermarkt.technology/portrait/medium/1082774-1766511456.jpg?lm=1,2005-05-18,89,4
2450,Mikael Egill Ellertsson,6000000.0,77.0,Central Midfield,Iceland,https://tmssl.akamaized.net//images/flagge/verysmall/73.png?lm=1520611569,https://img.a.transfermarkt.technology/portrait/medium/566615-1730125923.jpg?lm=1,2002-03-11,89,4
2451,Patrizio Masini,5000000.0,73.0,Central Midfield,Italy,https://tmssl.akamaized.net//images/flagge/verysmall/75.png?lm=1520611569,https://img.a.transfermarkt.technology/portrait/medium/459665-1742901177.jpg?lm=1,2001-01-27,89,4
2452,Ruslan Malinovskyi,2500000.0,17.0,Central Midfield,Ukraine,https://tmssl.akamaized.net//images/flagge/verysmall/177.png?lm=1520611569,https://img.a.transfermarkt.technology/portrait/medium/207877-1663583019.jpg?lm=1,1993-05-04,89,4
2453,Tommaso Baldanzi,9000000.0,8.0,Attacking Midfield,Italy,https://tmssl.akamaized.net//images/flagge/verysmall/75.png?lm=1520611569,https://img.a.transfermarkt.technology/portrait/medium/641537-1661764089.jpg?lm=1,2003-03-23,89,4
2454,Maxwel Cornet,2500000.0,70.0,Left Winger,Cote d'Ivoire,https://tmssl.akamaized.net//images/flagge/verysmall/38.png?lm=1520611569,https://img.a.transfermarkt.technology/portrait/medium/234781-1739281982.jpg?lm=1,1996-09-27,89,4
2455,Junior Messias,1200000.0,10.0,Right Winger,Brazil,https://tmssl.akamaized.net//images/flagge/verysmall/26.png?lm=1520611569,https://img.a.transfermarkt.technology/portrait/medium/449151-1663575000.jpg?lm=1,1991-05-13,89,4
2456,Jeff Ekhator,13000000.0,21.0,Centre-Forward,Italy,https://tmssl.akamaized.net//images/flagge/verysmall/75.png?lm=1520611569,https://img.a.transfermarkt.technology/portrait/medium/934878-1757663221.jpg?lm=1,2006-11-11,89,4
2457,Lorenzo Colombo,10000000.0,29.0,Centre-Forward,Italy,https://tmssl.akamaized.net//images/flagge/verysmall/75.png?lm=1520611569,https://img.a.transfermarkt.technology/portrait/medium/487843-1730186148.jpg?lm=1,2002-03-08,89,4
2458,Vitinha,8000000.0,9.0,Centre-Forward,Portugal,https://tmssl.akamaized.net//images/flagge/verysmall/136.png?lm=1520611569,https://img.a.transfermarkt.technology/portrait/medium/586853-1730184491.jpg?lm=1,2000-03-15,89,4
2459,Caleb Ekuban,1300000.0,18.0,Centre-Forward,Ghana,https://tmssl.akamaized.net//images/flagge/verysmall/54.png?lm=1520611569,https://img.a.transfermarkt.technology/portrait/medium/199953-1707213734.jpg?lm=1,1994-03-23,89,4
2460,Lorenzo Montipò,1300000.0,1.0,Goalkeeper,Italy,https://tmssl.akamaized.net//images/flagge/verysmall/75.png?lm=1520611569,https://img.a.transfermarkt.technology/portrait/medium/241923-1724828092.jpg?lm=1,1996-02-20,90,4
2461,Simone Perilli,400000.0,34.0,Goalkeeper,Italy,https://tmssl.akamaized.net//images/flagge/verysmall/75.png?lm=1520611569,https://img.a.transfermarkt.technology/portrait/medium/240675-1659601467.jpg?lm=1,1995-01-07,90,4
2462,Giacomo Toniolo,75000.0,94.0,Goalkeeper,Italy,https://tmssl.akamaized.net//images/flagge/verysmall/75.png?lm=1520611569,https://img.a.transfermarkt.technology/portrait/medium/709986-1755497123.jpg?lm=1,2004-04-01,90,4
2463,Arthur Borghi,50000.0,47.0,Goalkeeper,Brazil,https://tmssl.akamaized.net//images/flagge/verysmall/26.png?lm=1520611569,https://img.a.transfermarkt.technology/portrait/medium/default.jpg?lm=1,2007-07-27,90,4
2464,Victor Nelsson,7500000.0,15.0,Centre-Back,Denmark,https://tmssl.akamaized.net//images/flagge/verysmall/39.png?lm=1520611569,https://img.a.transfermarkt.technology/portrait/medium/422951-1739281438.jpg?lm=1,1998-10-14,90,4
2465,Armel Bella-Kotchap,7500000.0,37.0,Centre-Back,Germany,https://tmssl.akamaized.net//images/flagge/verysmall/40.png?lm=1520612525,https://img.a.transfermarkt.technology/portrait/medium/467563-1663251475.jpg?lm=1,2001-12-11,90,4
2466,Nicolás Valentini,3500000.0,6.0,Centre-Back,Argentina,https://tmssl.akamaized.net//images/flagge/verysmall/9.png?lm=1520611569,https://img.a.transfermarkt.technology/portrait/medium/860992-1711028718.jpg?lm=1,2001-04-06,90,4
2467,Tobias Slotsager,3000000.0,19.0,Centre-Back,Denmark,https://tmssl.akamaized.net//images/flagge/verysmall/39.png?lm=1520611569,https://img.a.transfermarkt.technology/portrait/medium/851385-1687342165.jpg?lm=1,2006-01-01,90,4
2468,Andrias Edmundsson,2500000.0,5.0,Centre-Back,Faroe Islands,https://tmssl.akamaized.net//images/flagge/verysmall/208.png?lm=1520611569,https://img.a.transfermarkt.technology/portrait/medium/495839-1753817752.jpg?lm=1,2000-12-18,90,4
2469,Martin Frese,2500000.0,3.0,Left-Back,Denmark,https://tmssl.akamaized.net//images/flagge/verysmall/39.png?lm=1520611569,https://img.a.transfermarkt.technology/portrait/medium/488785-1701443446.jpg?lm=1,1998-01-04,90,4
2470,Domagoj Bradarić,2500000.0,12.0,Left-Back,Croatia,https://tmssl.akamaized.net//images/flagge/verysmall/37.png?lm=1520611569,https://img.a.transfermarkt.technology/portrait/medium/357796-1730186706.jpg?lm=1,1999-12-10,90,4
2471,Rafik Belghali,7000000.0,7.0,Right-Back,Algeria,https://tmssl.akamaized.net//images/flagge/verysmall/4.png?lm=1520611569,https://img.a.transfermarkt.technology/portrait/medium/864306-1706263707.jpg?lm=1,2002-06-07,90,4
2472,Pol Lirola,2000000.0,14.0,Right-Back,Spain,https://tmssl.akamaized.net//images/flagge/verysmall/157.png?lm=1520611569,https://img.a.transfermarkt.technology/portrait/medium/298975-1673514557.jpg?lm=1,1997-08-13,90,4
2473,Fallou Cham,1000000.0,70.0,Right-Back,The Gambia,https://tmssl.akamaized.net//images/flagge/verysmall/52.png?lm=1520611569,https://img.a.transfermarkt.technology/portrait/medium/1315458-1757603675.jpg?lm=1,2006-02-14,90,4
2474,Daniel Oyegoke,500000.0,2.0,Right-Back,England,https://tmssl.akamaized.net//images/flagge/verysmall/189.png?lm=1520611569,https://img.a.transfermarkt.technology/portrait/medium/586984-1669114349.jpg?lm=1,2003-01-03,90,4
2475,Moatasem Al-Musrati,7000000.0,73.0,Defensive Midfield,Libya,https://tmssl.akamaized.net//images/flagge/verysmall/96.png?lm=1520611569,https://img.a.transfermarkt.technology/portrait/medium/377641-1770272958.jpg?lm=1,1996-04-06,90,4
2476,Cheikh Niasse,2500000.0,36.0,Defensive Midfield,Senegal,https://tmssl.akamaized.net//images/flagge/verysmall/149.png?lm=1520611569,https://img.a.transfermarkt.technology/portrait/medium/644032-1595970130.jpg?lm=1,2000-01-19,90,4
2477,Sandi Lovrić,4500000.0,4.0,Central Midfield,Slovenia,https://tmssl.akamaized.net//images/flagge/verysmall/155.png?lm=1520611569,https://img.a.transfermarkt.technology/portrait/medium/268429-1725531957.jpg?lm=1,1998-03-28,90,4
2478,Suat Serdar,3500000.0,8.0,Central Midfield,Germany,https://tmssl.akamaized.net//images/flagge/verysmall/40.png?lm=1520612525,https://img.a.transfermarkt.technology/portrait/medium/261905-1744314720.jpg?lm=1,1997-04-11,90,4
2479,Antoine Bernede,3500000.0,24.0,Central Midfield,France,https://tmssl.akamaized.net//images/flagge/verysmall/50.png?lm=1520611569,https://img.a.transfermarkt.technology/portrait/medium/395512-1739282210.jpg?lm=1,1999-05-26,90,4
2480,Abdou Harroui,1800000.0,21.0,Central Midfield,Morocco,https://tmssl.akamaized.net//images/flagge/verysmall/107.png?lm=1520611569,https://img.a.transfermarkt.technology/portrait/medium/416386-1730186775.jpg?lm=1,1998-01-13,90,4
2481,Roberto Gagliardini,1400000.0,63.0,Central Midfield,Italy,https://tmssl.akamaized.net//images/flagge/verysmall/75.png?lm=1520611569,https://img.a.transfermarkt.technology/portrait/medium/197471-1641817964.jpg?lm=1,1994-04-07,90,4
2482,Jean-Daniel Akpa Akpro,500000.0,11.0,Central Midfield,Cote d'Ivoire,https://tmssl.akamaized.net//images/flagge/verysmall/38.png?lm=1520611569,https://img.a.transfermarkt.technology/portrait/medium/170481-1739282767.jpg?lm=1,1992-10-11,90,4
2483,Tomas Suslov,5000000.0,10.0,Attacking Midfield,Slovakia,https://tmssl.akamaized.net//images/flagge/verysmall/154.png?lm=1520611569,https://img.a.transfermarkt.technology/portrait/medium/540333-1695032418.jpg?lm=1,2002-06-07,90,4
2484,Gift Orban,10000000.0,16.0,Centre-Forward,Nigeria,https://tmssl.akamaized.net//images/flagge/verysmall/124.png?lm=1520611569,https://img.a.transfermarkt.technology/portrait/medium/1018259-1755091563.jpg?lm=1,2002-07-17,90,4
2485,Kieron Bowie,6000000.0,18.0,Centre-Forward,Scotland,https://tmssl.akamaized.net//images/flagge/verysmall/190.png?lm=1520611569,https://img.a.transfermarkt.technology/portrait/medium/647280-1755308021.jpg?lm=1,2002-09-21,90,4
2486,Amin Sarr,3000000.0,9.0,Centre-Forward,Sweden,https://tmssl.akamaized.net//images/flagge/verysmall/147.png?lm=1520611569,https://img.a.transfermarkt.technology/portrait/medium/748382-1695624167.jpg?lm=1,2001-03-11,90,4
2487,Daniel Mosquera,2500000.0,25.0,Centre-Forward,Colombia,https://tmssl.akamaized.net//images/flagge/verysmall/83.png?lm=1520611569,https://img.a.transfermarkt.technology/portrait/medium/651569-1722324016.jpg?lm=1,1999-10-20,90,4
2488,Isaac,700000.0,41.0,Centre-Forward,Brazil,https://tmssl.akamaized.net//images/flagge/verysmall/26.png?lm=1520611569,https://img.a.transfermarkt.technology/portrait/medium/1083069-1777961186.jpg?lm=1,2004-03-26,90,4
2489,Junior Ajayi,300000.0,72.0,Centre-Forward,Cote d'Ivoire,https://tmssl.akamaized.net//images/flagge/verysmall/38.png?lm=1520611569,https://img.a.transfermarkt.technology/portrait/medium/1111820-1739287294.jpg?lm=1,2004-10-11,90,4
2490,Josep Martínez,7500000.0,13.0,Goalkeeper,Spain,https://tmssl.akamaized.net//images/flagge/verysmall/157.png?lm=1520611569,https://img.a.transfermarkt.technology/portrait/medium/388516-1686153132.jpg?lm=1,1998-05-27,91,4
2491,Yann Sommer,2500000.0,1.0,Goalkeeper,Switzerland,https://tmssl.akamaized.net//images/flagge/verysmall/148.png?lm=1520611569,https://img.a.transfermarkt.technology/portrait/medium/42205-1669897427.jpg?lm=1,1988-12-17,91,4
2492,Raffaele Di Gennaro,300000.0,12.0,Goalkeeper,Italy,https://tmssl.akamaized.net//images/flagge/verysmall/75.png?lm=1520611569,https://img.a.transfermarkt.technology/portrait/medium/70580-1692961707.jpg?lm=1,1993-10-03,91,4
2493,Alessandro Bastoni,70000000.0,95.0,Centre-Back,Italy,https://tmssl.akamaized.net//images/flagge/verysmall/75.png?lm=1520611569,https://img.a.transfermarkt.technology/portrait/medium/315853-1742497518.jpg?lm=1,1999-04-13,91,4
2494,Yann Bisseck,40000000.0,31.0,Centre-Back,Germany,https://tmssl.akamaized.net//images/flagge/verysmall/40.png?lm=1520612525,https://img.a.transfermarkt.technology/portrait/medium/441986-1742497863.jpg?lm=1,2000-11-29,91,4
2495,Manuel Akanji,18000000.0,25.0,Centre-Back,Switzerland,https://tmssl.akamaized.net//images/flagge/verysmall/148.png?lm=1520611569,https://img.a.transfermarkt.technology/portrait/medium/284730-1684165752.jpg?lm=1,1995-07-19,91,4
2496,Stefan de Vrij,3500000.0,6.0,Centre-Back,Netherlands,https://tmssl.akamaized.net//images/flagge/verysmall/122.png?lm=1520611569,https://img.a.transfermarkt.technology/portrait/medium/111196-1663572651.jpg?lm=1,1992-02-05,91,4
2497,Francesco Acerbi,2500000.0,15.0,Centre-Back,Italy,https://tmssl.akamaized.net//images/flagge/verysmall/75.png?lm=1520611569,https://img.a.transfermarkt.technology/portrait/medium/131075-1663572709.jpg?lm=1,1988-02-10,91,4
2498,Federico Dimarco,50000000.0,32.0,Left-Back,Italy,https://tmssl.akamaized.net//images/flagge/verysmall/75.png?lm=1520611569,https://img.a.transfermarkt.technology/portrait/medium/198116-1725531769.jpg?lm=1,1997-11-10,91,4
2499,Carlos Augusto,26000000.0,30.0,Left-Back,Brazil,https://tmssl.akamaized.net//images/flagge/verysmall/26.png?lm=1520611569,https://img.a.transfermarkt.technology/portrait/medium/585982-1735891597.jpg?lm=1,1999-01-07,91,4
2500,Denzel Dumfries,25000000.0,2.0,Right-Back,Netherlands,https://tmssl.akamaized.net//images/flagge/verysmall/122.png?lm=1520611569,https://img.a.transfermarkt.technology/portrait/medium/321528-1746042223.jpg?lm=1,1996-04-18,91,4
2501,Matteo Darmian,1500000.0,36.0,Right-Back,Italy,https://tmssl.akamaized.net//images/flagge/verysmall/75.png?lm=1520611569,https://img.a.transfermarkt.technology/portrait/medium/54906-1695027410.jpg?lm=1,1989-12-02,91,4
2502,Hakan Çalhanoğlu,18000000.0,20.0,Defensive Midfield,Türkiye,https://tmssl.akamaized.net//images/flagge/verysmall/174.png?lm=1520611569,https://img.a.transfermarkt.technology/portrait/medium/126414-1709035146.jpg?lm=1,1994-02-08,91,4
2503,Nicolò Barella,50000000.0,23.0,Central Midfield,Italy,https://tmssl.akamaized.net//images/flagge/verysmall/75.png?lm=1520611569,https://img.a.transfermarkt.technology/portrait/medium/255942-1725531625.jpg?lm=1,1997-02-07,91,4
2504,Petar Sučić,30000000.0,8.0,Central Midfield,Croatia,https://tmssl.akamaized.net//images/flagge/verysmall/37.png?lm=1520611569,https://img.a.transfermarkt.technology/portrait/medium/668207-1757603291.jpg?lm=1,2003-10-25,91,4
2505,Davide Frattesi,22000000.0,16.0,Central Midfield,Italy,https://tmssl.akamaized.net//images/flagge/verysmall/75.png?lm=1520611569,https://img.a.transfermarkt.technology/portrait/medium/394300-1730126974.jpg?lm=1,1999-09-22,91,4
2506,Andy Diouf,18000000.0,17.0,Central Midfield,France,https://tmssl.akamaized.net//images/flagge/verysmall/50.png?lm=1520611569,https://img.a.transfermarkt.technology/portrait/medium/711976-1756099849.jpg?lm=1,2003-05-17,91,4
2507,Piotr Zieliński,10000000.0,7.0,Central Midfield,Poland,https://tmssl.akamaized.net//images/flagge/verysmall/135.png?lm=1520611569,https://img.a.transfermarkt.technology/portrait/medium/181136-1692962961.jpg?lm=1,1994-05-20,91,4
2508,Henrikh Mkhitaryan,3500000.0,22.0,Central Midfield,Armenia,https://tmssl.akamaized.net//images/flagge/verysmall/10.png?lm=1520611569,https://img.a.transfermarkt.technology/portrait/medium/55735-1664973670.jpg?lm=1,1989-01-21,91,4
2509,Luis Henrique,23000000.0,11.0,Right Midfield,Brazil,https://tmssl.akamaized.net//images/flagge/verysmall/26.png?lm=1520611569,https://img.a.transfermarkt.technology/portrait/medium/691316-1743759325.jpg?lm=1,2001-12-14,91,4
2510,Lautaro Martínez,85000000.0,10.0,Centre-Forward,Argentina,https://tmssl.akamaized.net//images/flagge/verysmall/9.png?lm=1520611569,https://img.a.transfermarkt.technology/portrait/medium/406625-1695024988.jpg?lm=1,1997-08-22,91,4
2511,Marcus Thuram,50000000.0,9.0,Centre-Forward,France,https://tmssl.akamaized.net//images/flagge/verysmall/50.png?lm=1520611569,https://img.a.transfermarkt.technology/portrait/medium/318528-1746041509.jpg?lm=1,1997-08-06,91,4
2512,Pio Esposito,45000000.0,94.0,Centre-Forward,Italy,https://tmssl.akamaized.net//images/flagge/verysmall/75.png?lm=1520611569,https://img.a.transfermarkt.technology/portrait/medium/930781-1757605256.jpg?lm=1,2005-06-28,91,4
2513,Ange-Yoan Bonny,35000000.0,14.0,Centre-Forward,Cote d'Ivoire,https://tmssl.akamaized.net//images/flagge/verysmall/38.png?lm=1520611569,https://img.a.transfermarkt.technology/portrait/medium/827734-1751380953.jpg?lm=1,2003-10-25,91,4
2514,Michele Di Gregorio,14000000.0,16.0,Goalkeeper,Italy,https://tmssl.akamaized.net//images/flagge/verysmall/75.png?lm=1520611569,https://img.a.transfermarkt.technology/portrait/medium/301238-1730125609.jpg?lm=1,1997-07-27,92,4
2515,Mattia Perin,2000000.0,1.0,Goalkeeper,Italy,https://tmssl.akamaized.net//images/flagge/verysmall/75.png?lm=1520611569,https://img.a.transfermarkt.technology/portrait/medium/110923-1695107834.jpg?lm=1,1992-11-10,92,4
2516,Carlo Pinsoglio,200000.0,23.0,Goalkeeper,Italy,https://tmssl.akamaized.net//images/flagge/verysmall/75.png?lm=1520611569,https://img.a.transfermarkt.technology/portrait/medium/75411-1663577377.jpg?lm=1,1990-03-16,92,4
2517,Bremer,35000000.0,3.0,Centre-Back,Brazil,https://tmssl.akamaized.net//images/flagge/verysmall/26.png?lm=1520611569,https://img.a.transfermarkt.technology/portrait/medium/516716-1725531520.jpg?lm=1,1997-03-18,92,4
2518,Pierre Kalulu,32000000.0,15.0,Centre-Back,France,https://tmssl.akamaized.net//images/flagge/verysmall/50.png?lm=1520611569,https://img.a.transfermarkt.technology/portrait/medium/585949-1684854558.jpg?lm=1,2000-06-05,92,4
2519,Lloyd Kelly,20000000.0,6.0,Centre-Back,England,https://tmssl.akamaized.net//images/flagge/verysmall/189.png?lm=1520611569,https://img.a.transfermarkt.technology/portrait/medium/480116-1739281396.jpg?lm=1,1998-10-06,92,4
2520,Federico Gatti,16000000.0,4.0,Centre-Back,Italy,https://tmssl.akamaized.net//images/flagge/verysmall/75.png?lm=1520611569,https://img.a.transfermarkt.technology/portrait/medium/509022-1725531068.jpg?lm=1,1998-06-24,92,4
2521,Andrea Cambiaso,30000000.0,27.0,Left-Back,Italy,https://tmssl.akamaized.net//images/flagge/verysmall/75.png?lm=1520611569,https://img.a.transfermarkt.technology/portrait/medium/459658-1662127057.jpg?lm=1,2000-02-20,92,4
2522,Juan Cabal,9000000.0,32.0,Left-Back,Colombia,https://tmssl.akamaized.net//images/flagge/verysmall/83.png?lm=1520611569,https://img.a.transfermarkt.technology/portrait/medium/686965-1692964112.jpg?lm=1,2001-01-08,92,4
2523,Emil Holm,13000000.0,2.0,Right-Back,Sweden,https://tmssl.akamaized.net//images/flagge/verysmall/147.png?lm=1520611569,https://img.a.transfermarkt.technology/portrait/medium/496745-1688450376.jpg?lm=1,2000-05-13,92,4
2524,Manuel Locatelli,25000000.0,5.0,Defensive Midfield,Italy,https://tmssl.akamaized.net//images/flagge/verysmall/75.png?lm=1520611569,https://img.a.transfermarkt.technology/portrait/medium/265088-1730125083.jpg?lm=1,1998-01-08,92,4
2525,Teun Koopmeiners,20000000.0,8.0,Defensive Midfield,Netherlands,https://tmssl.akamaized.net//images/flagge/verysmall/122.png?lm=1520611569,https://img.a.transfermarkt.technology/portrait/medium/360518-1707302998.jpg?lm=1,1998-02-28,92,4
2526,Khéphren Thuram,40000000.0,19.0,Central Midfield,France,https://tmssl.akamaized.net//images/flagge/verysmall/50.png?lm=1520611569,https://img.a.transfermarkt.technology/portrait/medium/463618-1683889273.jpg?lm=1,2001-03-26,92,4
2527,Weston McKennie,30000000.0,22.0,Central Midfield,United States,https://tmssl.akamaized.net//images/flagge/verysmall/184.png?lm=1520611569,https://img.a.transfermarkt.technology/portrait/medium/332697-1754245044.jpg?lm=1,1998-08-28,92,4
2528,Fabio Miretti,16000000.0,21.0,Central Midfield,Italy,https://tmssl.akamaized.net//images/flagge/verysmall/75.png?lm=1520611569,https://img.a.transfermarkt.technology/portrait/medium/571607-1652773586.jpg?lm=1,2003-08-03,92,4
2529,Filip Kostić,3500000.0,18.0,Left Midfield,Serbia,https://tmssl.akamaized.net//images/flagge/verysmall/215.png?lm=1520611569,https://img.a.transfermarkt.technology/portrait/medium/161011-1757663094.jpg?lm=1,1992-11-01,92,4
2530,Vasilije Adžić,8000000.0,17.0,Attacking Midfield,Montenegro,https://tmssl.akamaized.net//images/flagge/verysmall/216.png?lm=1520611569,https://img.a.transfermarkt.technology/portrait/medium/944570-1730123395.jpg?lm=1,2006-05-12,92,4
2531,Kenan Yıldız,75000000.0,10.0,Left Winger,Türkiye,https://tmssl.akamaized.net//images/flagge/verysmall/174.png?lm=1520611569,https://img.a.transfermarkt.technology/portrait/medium/845654-1759822280.jpg?lm=1,2005-05-04,92,4
2532,Jérémie Boga,8000000.0,13.0,Left Winger,Cote d'Ivoire,https://tmssl.akamaized.net//images/flagge/verysmall/38.png?lm=1520611569,https://img.a.transfermarkt.technology/portrait/medium/216569-1756824408.jpg?lm=1,1997-01-03,92,4
2533,Francisco Conceição,30000000.0,7.0,Right Winger,Portugal,https://tmssl.akamaized.net//images/flagge/verysmall/136.png?lm=1520611569,https://img.a.transfermarkt.technology/portrait/medium/487474-1749069081.jpg?lm=1,2002-12-14,92,4
2534,Edon Zhegrova,14000000.0,11.0,Right Winger,Kosovo,https://tmssl.akamaized.net//images/flagge/verysmall/244.png?lm=1520611569,https://img.a.transfermarkt.technology/portrait/medium/496857-1767803628.jpg?lm=1,1999-03-31,92,4
2535,Dušan Vlahović,35000000.0,9.0,Centre-Forward,Serbia,https://tmssl.akamaized.net//images/flagge/verysmall/215.png?lm=1520611569,https://img.a.transfermarkt.technology/portrait/medium/357498-1683293071.jpg?lm=1,2000-01-28,92,4
2536,Jonathan David,35000000.0,30.0,Centre-Forward,Canada,https://tmssl.akamaized.net//images/flagge/verysmall/80.png?lm=1520611569,https://img.a.transfermarkt.technology/portrait/medium/533738-1760114012.jpg?lm=1,2000-01-14,92,4
2537,Loïs Openda,32000000.0,20.0,Centre-Forward,Belgium,https://tmssl.akamaized.net//images/flagge/verysmall/19.png?lm=1520611569,https://img.a.transfermarkt.technology/portrait/medium/368887-1713944805.jpg?lm=1,2000-02-16,92,4
2538,Arkadiusz Milik,1500000.0,14.0,Centre-Forward,Poland,https://tmssl.akamaized.net//images/flagge/verysmall/135.png?lm=1520611569,https://img.a.transfermarkt.technology/portrait/medium/191891-1661518258.jpg?lm=1,1994-02-28,92,4
2539,Zion Suzuki,20000000.0,31.0,Goalkeeper,Japan,https://tmssl.akamaized.net//images/flagge/verysmall/77.png?lm=1520611569,https://img.a.transfermarkt.technology/portrait/medium/432298-1713345567.png?lm=1,2002-08-21,93,4
2540,Edoardo Corvi,1500000.0,40.0,Goalkeeper,Italy,https://tmssl.akamaized.net//images/flagge/verysmall/75.png?lm=1520611569,https://img.a.transfermarkt.technology/portrait/medium/528181-1712347686.jpg?lm=1,2001-03-23,93,4
2541,Filippo Rinaldi,600000.0,66.0,Goalkeeper,Italy,https://tmssl.akamaized.net//images/flagge/verysmall/75.png?lm=1520611569,https://img.a.transfermarkt.technology/portrait/medium/604207-1758687826.jpg?lm=1,2002-12-04,93,4
2542,Alessandro Circati,10000000.0,39.0,Centre-Back,Australia,https://tmssl.akamaized.net//images/flagge/verysmall/12.png?lm=1520611569,https://img.a.transfermarkt.technology/portrait/medium/867137-1712749046.jpeg?lm=1,2003-10-10,93,4
2543,Mariano Troilo,7500000.0,37.0,Centre-Back,Argentina,https://tmssl.akamaized.net//images/flagge/verysmall/9.png?lm=1520611569,https://img.a.transfermarkt.technology/portrait/medium/1159864-1755605683.jpg?lm=1,2003-06-28,93,4
2544,Abdoulaye Ndiaye,6500000.0,3.0,Centre-Back,Senegal,https://tmssl.akamaized.net//images/flagge/verysmall/149.png?lm=1520611569,https://img.a.transfermarkt.technology/portrait/medium/673514-1767803264.jpg?lm=1,2002-04-10,93,4
2545,Lautaro Valenti,1500000.0,5.0,Centre-Back,Argentina,https://tmssl.akamaized.net//images/flagge/verysmall/9.png?lm=1520611569,https://img.a.transfermarkt.technology/portrait/medium/625202-1725530168.jpg?lm=1,1999-01-14,93,4
2546,Emanuele Valeri,3000000.0,14.0,Left-Back,Italy,https://tmssl.akamaized.net//images/flagge/verysmall/75.png?lm=1520611569,https://img.a.transfermarkt.technology/portrait/medium/445126-1663684061.jpg?lm=1,1998-12-07,93,4
2547,Franco Carboni,900000.0,29.0,Left-Back,Argentina,https://tmssl.akamaized.net//images/flagge/verysmall/9.png?lm=1520611569,https://img.a.transfermarkt.technology/portrait/medium/731491-1675245800.jpg?lm=1,2003-04-04,93,4
2548,Sascha Britschgi,10000000.0,27.0,Right-Back,Switzerland,https://tmssl.akamaized.net//images/flagge/verysmall/148.png?lm=1520611569,https://img.a.transfermarkt.technology/portrait/medium/932187-1756106334.jpg?lm=1,2006-08-27,93,4
2549,Enrico Delprato,6000000.0,15.0,Right-Back,Italy,https://tmssl.akamaized.net//images/flagge/verysmall/75.png?lm=1520611569,https://img.a.transfermarkt.technology/portrait/medium/392956-1730185180.jpg?lm=1,1999-11-10,93,4
2550,Mandela Keita,18000000.0,16.0,Defensive Midfield,Belgium,https://tmssl.akamaized.net//images/flagge/verysmall/19.png?lm=1520611569,https://img.a.transfermarkt.technology/portrait/medium/707844-1706174326.jpg?lm=1,2002-05-10,93,4
2551,Hans Nicolussi Caviglia,6000000.0,41.0,Defensive Midfield,Italy,https://tmssl.akamaized.net//images/flagge/verysmall/75.png?lm=1520611569,https://img.a.transfermarkt.technology/portrait/medium/430280-1743004805.jpg?lm=1,2000-06-18,93,4
2552,Nahuel Estévez,1500000.0,8.0,Defensive Midfield,Argentina,https://tmssl.akamaized.net//images/flagge/verysmall/9.png?lm=1520611569,https://img.a.transfermarkt.technology/portrait/medium/552472-1739284138.jpg?lm=1,1995-11-14,93,4
2553,Adrián Bernabé,15000000.0,10.0,Central Midfield,Spain,https://tmssl.akamaized.net//images/flagge/verysmall/157.png?lm=1520611569,https://img.a.transfermarkt.technology/portrait/medium/466802-1714503707.jpg?lm=1,2001-05-26,93,4
2554,Oliver Sørensen,7500000.0,22.0,Central Midfield,Denmark,https://tmssl.akamaized.net//images/flagge/verysmall/39.png?lm=1520611569,https://img.a.transfermarkt.technology/portrait/medium/514888-1727290198.jpg?lm=1,2002-03-10,93,4
2555,Christian Ordóñez,6500000.0,24.0,Central Midfield,Argentina,https://tmssl.akamaized.net//images/flagge/verysmall/9.png?lm=1520611569,https://img.a.transfermarkt.technology/portrait/medium/1043646-1751354832.jpg?lm=1,2004-07-24,93,4
2556,Benja Cremaschi,4500000.0,25.0,Central Midfield,United States,https://tmssl.akamaized.net//images/flagge/verysmall/184.png?lm=1520611569,https://img.a.transfermarkt.technology/portrait/medium/999127-1740775093.jpg?lm=1,2005-03-02,93,4
2557,Gaetano Oristanio,6000000.0,21.0,Attacking Midfield,Italy,https://tmssl.akamaized.net//images/flagge/verysmall/75.png?lm=1520611569,https://img.a.transfermarkt.technology/portrait/medium/613393-1692963581.jpg?lm=1,2002-09-28,93,4
2558,Jacob Ondrejka,6500000.0,17.0,Left Winger,Sweden,https://tmssl.akamaized.net//images/flagge/verysmall/147.png?lm=1520611569,https://img.a.transfermarkt.technology/portrait/medium/663237-1751532865.jpg?lm=1,2002-09-02,93,4
2559,Gabriel Strefezza,7000000.0,7.0,Right Winger,Brazil,https://tmssl.akamaized.net//images/flagge/verysmall/26.png?lm=1520611569,https://img.a.transfermarkt.technology/portrait/medium/457673-1757716704.png?lm=1,1997-04-18,93,4
2560,Pontus Almqvist,2000000.0,11.0,Right Winger,Sweden,https://tmssl.akamaized.net//images/flagge/verysmall/147.png?lm=1520611569,https://img.a.transfermarkt.technology/portrait/medium/300532-1692964187.jpg?lm=1,1999-07-10,93,4
2561,Mateo Pellegrino,15000000.0,9.0,Centre-Forward,Argentina,https://tmssl.akamaized.net//images/flagge/verysmall/9.png?lm=1520611569,https://img.a.transfermarkt.technology/portrait/medium/856530-1751532694.jpg?lm=1,2001-10-22,93,4
2562,Matija Frigan,7500000.0,20.0,Centre-Forward,Croatia,https://tmssl.akamaized.net//images/flagge/verysmall/37.png?lm=1520611569,https://img.a.transfermarkt.technology/portrait/medium/840149-1757665206.jpg?lm=1,2003-02-11,93,4
2563,Nesta Elphege,2000000.0,23.0,Centre-Forward,France,https://tmssl.akamaized.net//images/flagge/verysmall/50.png?lm=1520611569,https://img.a.transfermarkt.technology/portrait/medium/862606-1777961604.jpg?lm=1,2001-01-09,93,4
2564,Adrian Semper,2000000.0,1.0,Goalkeeper,Croatia,https://tmssl.akamaized.net//images/flagge/verysmall/37.png?lm=1520611569,https://img.a.transfermarkt.technology/portrait/medium/317057-1714817983.jpg?lm=1,1998-01-12,94,4
2565,Simone Scuffet,1000000.0,22.0,Goalkeeper,Italy,https://tmssl.akamaized.net//images/flagge/verysmall/75.png?lm=1520611569,https://img.a.transfermarkt.technology/portrait/medium/238993-1753431413.jpg?lm=1,1996-05-31,94,4
2566,Nícolas,100000.0,12.0,Goalkeeper,Brazil,https://tmssl.akamaized.net//images/flagge/verysmall/26.png?lm=1520611569,https://img.a.transfermarkt.technology/portrait/medium/99523-1757676452.jpg?lm=1,1988-04-12,94,4
2567,Simone Canestrelli,6000000.0,5.0,Centre-Back,Italy,https://tmssl.akamaized.net//images/flagge/verysmall/75.png?lm=1520611569,https://img.a.transfermarkt.technology/portrait/medium/358003-1753431201.jpg?lm=1,2000-09-11,94,4
2568,Rosen Bozhinov,4000000.0,2.0,Centre-Back,Bulgaria,https://tmssl.akamaized.net//images/flagge/verysmall/28.png?lm=1520611569,https://img.a.transfermarkt.technology/portrait/medium/877124-1768203188.jpg?lm=1,2005-01-23,94,4
2569,Francesco Coppola,3500000.0,26.0,Centre-Back,Italy,https://tmssl.akamaized.net//images/flagge/verysmall/75.png?lm=1520611569,https://img.a.transfermarkt.technology/portrait/medium/925838-1767796250.jpg?lm=1,2005-04-11,94,4
2570,Antonio Caracciolo,800000.0,4.0,Centre-Back,Italy,https://tmssl.akamaized.net//images/flagge/verysmall/75.png?lm=1520611569,https://img.a.transfermarkt.technology/portrait/medium/149525-1751531197.jpg?lm=1,1990-06-30,94,4
2571,Arturo Calabresi,800000.0,33.0,Centre-Back,Italy,https://tmssl.akamaized.net//images/flagge/verysmall/75.png?lm=1520611569,https://img.a.transfermarkt.technology/portrait/medium/240897-1757604377.jpg?lm=1,1996-03-17,94,4
2572,Raúl Albiol,800000.0,39.0,Centre-Back,Spain,https://tmssl.akamaized.net//images/flagge/verysmall/157.png?lm=1520611569,https://img.a.transfermarkt.technology/portrait/medium/15452-1664974689.jpg?lm=1,1985-09-04,94,4
2573,Daniel Denoon,500000.0,44.0,Centre-Back,Switzerland,https://tmssl.akamaized.net//images/flagge/verysmall/148.png?lm=1520611569,https://img.a.transfermarkt.technology/portrait/medium/692187-1772114219.png?lm=1,2004-01-28,94,4
2574,Marius Marin,3000000.0,6.0,Defensive Midfield,Romania,https://tmssl.akamaized.net//images/flagge/verysmall/140.png?lm=1520611569,https://img.a.transfermarkt.technology/portrait/medium/379163-1751530473.jpg?lm=1,1998-08-30,94,4
2575,Malthe Højholt,1200000.0,8.0,Defensive Midfield,Denmark,https://tmssl.akamaized.net//images/flagge/verysmall/39.png?lm=1520611569,https://img.a.transfermarkt.technology/portrait/medium/543822-1757676074.jpg?lm=1,2001-04-16,94,4
2576,Felipe Loyola,8000000.0,35.0,Central Midfield,Chile,https://tmssl.akamaized.net//images/flagge/verysmall/33.png?lm=1520611569,https://img.a.transfermarkt.technology/portrait/medium/843286-1745998450.jpg?lm=1,2000-11-09,94,4
2577,Ebenezer Akinsanmiro,6500000.0,14.0,Central Midfield,Nigeria,https://tmssl.akamaized.net//images/flagge/verysmall/124.png?lm=1520611569,https://img.a.transfermarkt.technology/portrait/medium/969192-1692945465.jpg?lm=1,2004-11-25,94,4
2578,İsak Vural,5000000.0,21.0,Central Midfield,Türkiye,https://tmssl.akamaized.net//images/flagge/verysmall/174.png?lm=1520611569,https://img.a.transfermarkt.technology/portrait/medium/989621-1767803076.jpg?lm=1,2006-05-28,94,4
2579,Michel Aebischer,4500000.0,20.0,Central Midfield,Switzerland,https://tmssl.akamaized.net//images/flagge/verysmall/148.png?lm=1520611569,https://img.a.transfermarkt.technology/portrait/medium/237658-1669289063.jpg?lm=1,1997-01-06,94,4
2580,Gabriele Piccinini,3500000.0,36.0,Central Midfield,Italy,https://tmssl.akamaized.net//images/flagge/verysmall/75.png?lm=1520611569,https://img.a.transfermarkt.technology/portrait/medium/628365-1734528164.jpg?lm=1,2001-04-06,94,4
2581,Idrissa Touré,6000000.0,15.0,Right Midfield,Germany,https://tmssl.akamaized.net//images/flagge/verysmall/40.png?lm=1520612525,https://img.a.transfermarkt.technology/portrait/medium/335516-1753431661.jpg?lm=1,1998-04-29,94,4
2582,Juan Cuadrado,1000000.0,11.0,Right Midfield,Colombia,https://tmssl.akamaized.net//images/flagge/verysmall/83.png?lm=1520611569,https://img.a.transfermarkt.technology/portrait/medium/91970-1663576912.jpg?lm=1,1988-05-26,94,4
2583,Samuel Iling-Junior,8000000.0,19.0,Left Midfield,England,https://tmssl.akamaized.net//images/flagge/verysmall/189.png?lm=1520611569,https://img.a.transfermarkt.technology/portrait/medium/581672-1730183382.jpg?lm=1,2003-10-04,94,4
2584,Samuele Angori,5000000.0,3.0,Left Midfield,Italy,https://tmssl.akamaized.net//images/flagge/verysmall/75.png?lm=1520611569,https://img.a.transfermarkt.technology/portrait/medium/705063-1737972567.jpg?lm=1,2003-10-07,94,4
2585,Calvin Stengs,6000000.0,23.0,Attacking Midfield,Netherlands,https://tmssl.akamaized.net//images/flagge/verysmall/122.png?lm=1520611569,https://img.a.transfermarkt.technology/portrait/medium/409344-1697637081.jpg?lm=1,1998-12-18,94,4
2586,Lorran,6000000.0,99.0,Attacking Midfield,Brazil,https://tmssl.akamaized.net//images/flagge/verysmall/26.png?lm=1520611569,https://img.a.transfermarkt.technology/portrait/medium/1009030-1757676794.jpg?lm=1,2006-07-04,94,4
2587,Matteo Tramoni,5000000.0,10.0,Attacking Midfield,France,https://tmssl.akamaized.net//images/flagge/verysmall/50.png?lm=1520611569,https://img.a.transfermarkt.technology/portrait/medium/475410-1734911698.jpg?lm=1,2000-01-20,94,4
2588,Mehdi Léris,2000000.0,7.0,Right Winger,Algeria,https://tmssl.akamaized.net//images/flagge/verysmall/4.png?lm=1520611569,https://img.a.transfermarkt.technology/portrait/medium/348601-1661523919.jpg?lm=1,1998-05-23,94,4
2589,Rafiu Durosinmi,7500000.0,17.0,Centre-Forward,Nigeria,https://tmssl.akamaized.net//images/flagge/verysmall/124.png?lm=1520611569,https://img.a.transfermarkt.technology/portrait/medium/935760-1763134122.jpg?lm=1,2003-01-01,94,4
2590,Henrik Meister,4000000.0,9.0,Centre-Forward,Denmark,https://tmssl.akamaized.net//images/flagge/verysmall/39.png?lm=1520611569,https://img.a.transfermarkt.technology/portrait/medium/914934-1723453803.jpg?lm=1,2003-11-13,94,4
2591,Filip Stojilkovic,3000000.0,81.0,Centre-Forward,Switzerland,https://tmssl.akamaized.net//images/flagge/verysmall/148.png?lm=1520611569,https://img.a.transfermarkt.technology/portrait/medium/464195-1720776176.jpg?lm=1,2000-01-04,94,4
2592,Stefano Moreo,1500000.0,32.0,Centre-Forward,Italy,https://tmssl.akamaized.net//images/flagge/verysmall/75.png?lm=1520611569,https://img.a.transfermarkt.technology/portrait/medium/279823-1757604203.jpg?lm=1,1993-06-30,94,4
2593,Edoardo Motta,4000000.0,40.0,Goalkeeper,Italy,https://tmssl.akamaized.net//images/flagge/verysmall/75.png?lm=1520611569,https://img.a.transfermarkt.technology/portrait/medium/916430-1745844405.jpg?lm=1,2005-01-13,95,4
2594,Ivan Provedel,3000000.0,94.0,Goalkeeper,Italy,https://tmssl.akamaized.net//images/flagge/verysmall/75.png?lm=1520611569,https://img.a.transfermarkt.technology/portrait/medium/197929-1695160944.jpg?lm=1,1994-03-17,95,4
2595,Alessio Furlanetto,50000.0,55.0,Goalkeeper,Italy,https://tmssl.akamaized.net//images/flagge/verysmall/75.png?lm=1520611569,https://img.a.transfermarkt.technology/portrait/medium/538079-1757604115.jpg?lm=1,2002-02-07,95,4
2596,Mario Gila,30000000.0,34.0,Centre-Back,Spain,https://tmssl.akamaized.net//images/flagge/verysmall/157.png?lm=1520611569,https://img.a.transfermarkt.technology/portrait/medium/618341-1730127774.jpg?lm=1,2000-08-29,95,4
2597,Oliver Provstgaard,7500000.0,25.0,Centre-Back,Denmark,https://tmssl.akamaized.net//images/flagge/verysmall/39.png?lm=1520611569,https://img.a.transfermarkt.technology/portrait/medium/644408-1739282123.jpg?lm=1,2003-06-04,95,4
2598,Alessio Romagnoli,7000000.0,13.0,Centre-Back,Italy,https://tmssl.akamaized.net//images/flagge/verysmall/75.png?lm=1520611569,https://img.a.transfermarkt.technology/portrait/medium/197747-1730125586.jpg?lm=1,1995-01-12,95,4
2599,Samuel Gigot,1500000.0,2.0,Centre-Back,France,https://tmssl.akamaized.net//images/flagge/verysmall/50.png?lm=1520611569,https://img.a.transfermarkt.technology/portrait/medium/276896-1703066101.jpg?lm=1,1993-10-12,95,4
2600,Patric,1500000.0,4.0,Centre-Back,Spain,https://tmssl.akamaized.net//images/flagge/verysmall/157.png?lm=1520611569,https://img.a.transfermarkt.technology/portrait/medium/126729-1695026786.jpg?lm=1,1993-04-17,95,4
2601,Nuno Tavares,13000000.0,17.0,Left-Back,Portugal,https://tmssl.akamaized.net//images/flagge/verysmall/136.png?lm=1520611569,https://img.a.transfermarkt.technology/portrait/medium/535955-1730127360.jpg?lm=1,2000-01-26,95,4
2602,Luca Pellegrini,3500000.0,3.0,Left-Back,Italy,https://tmssl.akamaized.net//images/flagge/verysmall/75.png?lm=1520611569,https://img.a.transfermarkt.technology/portrait/medium/346567-1663065246.jpg?lm=1,1999-03-07,95,4
2603,Adam Marusic,3000000.0,77.0,Right-Back,Montenegro,https://tmssl.akamaized.net//images/flagge/verysmall/216.png?lm=1520611569,https://img.a.transfermarkt.technology/portrait/medium/239802-1692962856.jpg?lm=1,1992-10-17,95,4
2604,Manuel Lazzari,2000000.0,29.0,Right-Back,Italy,https://tmssl.akamaized.net//images/flagge/verysmall/75.png?lm=1520611569,https://img.a.transfermarkt.technology/portrait/medium/331401-1707947147.jpg?lm=1,1993-11-29,95,4
2605,Elseid Hysaj,1500000.0,23.0,Right-Back,Albania,https://tmssl.akamaized.net//images/flagge/verysmall/3.png?lm=1520611569,https://img.a.transfermarkt.technology/portrait/medium/200056-1661350737.jpg?lm=1,1994-02-02,95,4
2606,Nicolò Rovella,23000000.0,6.0,Defensive Midfield,Italy,https://tmssl.akamaized.net//images/flagge/verysmall/75.png?lm=1520611569,https://img.a.transfermarkt.technology/portrait/medium/525704-1730127184.jpg?lm=1,2001-12-04,95,4
2607,Reda Belahyane,8500000.0,21.0,Defensive Midfield,Morocco,https://tmssl.akamaized.net//images/flagge/verysmall/107.png?lm=1520611569,https://img.a.transfermarkt.technology/portrait/medium/982855-1757602905.jpg?lm=1,2004-06-01,95,4
2608,Danilo Cataldi,3500000.0,32.0,Defensive Midfield,Italy,https://tmssl.akamaized.net//images/flagge/verysmall/75.png?lm=1520611569,https://img.a.transfermarkt.technology/portrait/medium/199733-1661513736.jpg?lm=1,1994-08-06,95,4
2609,Kenneth Taylor,20000000.0,24.0,Central Midfield,Netherlands,https://tmssl.akamaized.net//images/flagge/verysmall/122.png?lm=1520611569,https://img.a.transfermarkt.technology/portrait/medium/470394-1745076706.jpg?lm=1,2002-05-16,95,4
2610,Fisayo Dele-Bashiru,6500000.0,7.0,Central Midfield,Nigeria,https://tmssl.akamaized.net//images/flagge/verysmall/124.png?lm=1520611569,https://img.a.transfermarkt.technology/portrait/medium/530742-1683029896.jpg?lm=1,2001-02-06,95,4
2611,Toma Bašić,2500000.0,26.0,Central Midfield,Croatia,https://tmssl.akamaized.net//images/flagge/verysmall/37.png?lm=1520611569,https://img.a.transfermarkt.technology/portrait/medium/334835-1770717982.jpg?lm=1,1996-11-25,95,4
2612,Daniel Maldini,10000000.0,27.0,Attacking Midfield,Italy,https://tmssl.akamaized.net//images/flagge/verysmall/75.png?lm=1520611569,https://img.a.transfermarkt.technology/portrait/medium/539134-1695031448.jpg?lm=1,2001-10-11,95,4
2613,Adrian Przyborek,7000000.0,28.0,Attacking Midfield,Poland,https://tmssl.akamaized.net//images/flagge/verysmall/135.png?lm=1520611569,https://img.a.transfermarkt.technology/portrait/medium/1018395-1777961309.jpg?lm=1,2007-01-01,95,4
2614,Mattia Zaccagni,12000000.0,10.0,Left Winger,Italy,https://tmssl.akamaized.net//images/flagge/verysmall/75.png?lm=1520611569,https://img.a.transfermarkt.technology/portrait/medium/283735-1695026445.jpg?lm=1,1995-06-16,95,4
2615,Gustav Isaksen,17000000.0,18.0,Right Winger,Denmark,https://tmssl.akamaized.net//images/flagge/verysmall/39.png?lm=1520611569,https://img.a.transfermarkt.technology/portrait/medium/462823-1695026324.jpg?lm=1,2001-04-19,95,4
2616,Tijjani Noslin,6500000.0,14.0,Right Winger,Netherlands,https://tmssl.akamaized.net//images/flagge/verysmall/122.png?lm=1520611569,https://img.a.transfermarkt.technology/portrait/medium/457736-1730184958.jpg?lm=1,1999-07-07,95,4
2617,Matteo Cancellieri,5500000.0,22.0,Right Winger,Italy,https://tmssl.akamaized.net//images/flagge/verysmall/75.png?lm=1520611569,https://img.a.transfermarkt.technology/portrait/medium/550106-1687191024.jpg?lm=1,2002-02-12,95,4
2618,Pedro,1000000.0,9.0,Right Winger,Spain,https://tmssl.akamaized.net//images/flagge/verysmall/157.png?lm=1520611569,https://img.a.transfermarkt.technology/portrait/medium/65278-1695027154.jpg?lm=1,1987-07-28,95,4
2619,Petar Ratkov,10000000.0,20.0,Centre-Forward,Serbia,https://tmssl.akamaized.net//images/flagge/verysmall/215.png?lm=1520611569,https://img.a.transfermarkt.technology/portrait/medium/846254-1770273673.jpg?lm=1,2003-08-18,95,4
2620,Boulaye Dia,7000000.0,19.0,Centre-Forward,Senegal,https://tmssl.akamaized.net//images/flagge/verysmall/149.png?lm=1520611569,https://img.a.transfermarkt.technology/portrait/medium/626913-1730127040.jpg?lm=1,1996-11-16,95,4
2621,Vanja Milinković-Savić,20000000.0,32.0,Goalkeeper,Serbia,https://tmssl.akamaized.net//images/flagge/verysmall/215.png?lm=1520611569,https://img.a.transfermarkt.technology/portrait/medium/257474-1730125139.jpg?lm=1,1997-02-20,96,4
2622,Alex Meret,14000000.0,1.0,Goalkeeper,Italy,https://tmssl.akamaized.net//images/flagge/verysmall/75.png?lm=1520611569,https://img.a.transfermarkt.technology/portrait/medium/240414-1695025886.jpg?lm=1,1997-03-22,96,4
2623,Nikita Contini,400000.0,14.0,Goalkeeper,Italy,https://tmssl.akamaized.net//images/flagge/verysmall/75.png?lm=1520611569,https://img.a.transfermarkt.technology/portrait/medium/250683-1663679972.jpg?lm=1,1996-05-21,96,4
2624,Mathias Ferrante,200000.0,25.0,Goalkeeper,Italy,https://tmssl.akamaized.net//images/flagge/verysmall/75.png?lm=1520611569,https://img.a.transfermarkt.technology/portrait/medium/1195798-1707491711.jpg?lm=1,2006-09-01,96,4
2625,Alessandro Buongiorno,35000000.0,4.0,Centre-Back,Italy,https://tmssl.akamaized.net//images/flagge/verysmall/75.png?lm=1520611569,https://img.a.transfermarkt.technology/portrait/medium/386446-1663596475.jpg?lm=1,1999-06-06,96,4
2626,Sam Beukema,25000000.0,31.0,Centre-Back,Netherlands,https://tmssl.akamaized.net//images/flagge/verysmall/122.png?lm=1520611569,https://img.a.transfermarkt.technology/portrait/medium/433984-1696837343.jpg?lm=1,1998-11-17,96,4
2627,Amir Rrahmani,12000000.0,13.0,Centre-Back,Kosovo,https://tmssl.akamaized.net//images/flagge/verysmall/244.png?lm=1520611569,https://img.a.transfermarkt.technology/portrait/medium/257732-1663579350.jpg?lm=1,1994-02-24,96,4
2628,Juan Jesus,1500000.0,5.0,Centre-Back,Brazil,https://tmssl.akamaized.net//images/flagge/verysmall/26.png?lm=1520611569,https://img.a.transfermarkt.technology/portrait/medium/121985-1630496408.jpg?lm=1,1991-06-10,96,4
2629,Miguel Gutiérrez,17000000.0,3.0,Left-Back,Spain,https://tmssl.akamaized.net//images/flagge/verysmall/157.png?lm=1520611569,https://img.a.transfermarkt.technology/portrait/medium/525299-1755681125.jpg?lm=1,2001-07-27,96,4
2630,Mathías Olivera,15000000.0,17.0,Left-Back,Uruguay,https://tmssl.akamaized.net//images/flagge/verysmall/179.png?lm=1520611569,https://img.a.transfermarkt.technology/portrait/medium/376514-1681910576.jpg?lm=1,1997-10-31,96,4
2631,Leonardo Spinazzola,3500000.0,37.0,Left-Back,Italy,https://tmssl.akamaized.net//images/flagge/verysmall/75.png?lm=1520611569,https://img.a.transfermarkt.technology/portrait/medium/118689-1663580982.jpg?lm=1,1993-03-25,96,4
2632,Giovanni Di Lorenzo,10000000.0,22.0,Right-Back,Italy,https://tmssl.akamaized.net//images/flagge/verysmall/75.png?lm=1520611569,https://img.a.transfermarkt.technology/portrait/medium/169880-1730126691.jpg?lm=1,1993-08-04,96,4
2633,Pasquale Mazzocchi,1700000.0,30.0,Right-Back,Italy,https://tmssl.akamaized.net//images/flagge/verysmall/75.png?lm=1520611569,https://img.a.transfermarkt.technology/portrait/medium/250153-1725529479.jpg?lm=1,1995-07-27,96,4
2634,Billy Gilmour,20000000.0,6.0,Defensive Midfield,Scotland,https://tmssl.akamaized.net//images/flagge/verysmall/190.png?lm=1520611569,https://img.a.transfermarkt.technology/portrait/medium/423744-1701544195.jpg?lm=1,2001-06-11,96,4
2635,Stanislav Lobotka,15000000.0,68.0,Defensive Midfield,Slovakia,https://tmssl.akamaized.net//images/flagge/verysmall/154.png?lm=1520611569,https://img.a.transfermarkt.technology/portrait/medium/192735-1661509021.jpg?lm=1,1994-11-25,96,4
2636,Scott McTominay,45000000.0,8.0,Central Midfield,Scotland,https://tmssl.akamaized.net//images/flagge/verysmall/190.png?lm=1520611569,https://img.a.transfermarkt.technology/portrait/medium/315969-1718626681.jpg?lm=1,1996-12-08,96,4
2637,Frank Anguissa,20000000.0,99.0,Central Midfield,Cameroon,https://tmssl.akamaized.net//images/flagge/verysmall/31.png?lm=1520611569,https://img.a.transfermarkt.technology/portrait/medium/354361-1695026237.jpg?lm=1,1995-11-16,96,4
2638,Antonio Vergara,15000000.0,26.0,Attacking Midfield,Italy,https://tmssl.akamaized.net//images/flagge/verysmall/75.png?lm=1520611569,https://img.a.transfermarkt.technology/portrait/medium/703245-1757662637.jpg?lm=1,2003-01-16,96,4
2639,Eljif Elmas,14000000.0,20.0,Attacking Midfield,North Macedonia,https://tmssl.akamaized.net//images/flagge/verysmall/100.png?lm=1520611569,https://img.a.transfermarkt.technology/portrait/medium/400489-1709127683.jpg?lm=1,1999-09-24,96,4
2640,Kevin De Bruyne,10000000.0,11.0,Attacking Midfield,Belgium,https://tmssl.akamaized.net//images/flagge/verysmall/19.png?lm=1520611569,https://img.a.transfermarkt.technology/portrait/medium/88755-1713391485.jpg?lm=1,1991-06-28,96,4
2641,Alisson Santos,13000000.0,27.0,Left Winger,Brazil,https://tmssl.akamaized.net//images/flagge/verysmall/26.png?lm=1520611569,https://img.a.transfermarkt.technology/portrait/medium/830365-1765306584.jpg?lm=1,2002-09-27,96,4
2642,David Neres,28000000.0,7.0,Right Winger,Brazil,https://tmssl.akamaized.net//images/flagge/verysmall/26.png?lm=1520611569,https://img.a.transfermarkt.technology/portrait/medium/469822-1701334470.jpg?lm=1,1997-03-03,96,4
2643,Matteo Politano,8000000.0,21.0,Right Winger,Italy,https://tmssl.akamaized.net//images/flagge/verysmall/75.png?lm=1520611569,https://img.a.transfermarkt.technology/portrait/medium/165895-1692963030.jpg?lm=1,1993-08-03,96,4
2644,Rasmus Højlund,50000000.0,19.0,Centre-Forward,Denmark,https://tmssl.akamaized.net//images/flagge/verysmall/39.png?lm=1520611569,https://img.a.transfermarkt.technology/portrait/medium/610442-1757931324.jpg?lm=1,2003-02-04,96,4
2645,Romelu Lukaku,12000000.0,9.0,Centre-Forward,Belgium,https://tmssl.akamaized.net//images/flagge/verysmall/19.png?lm=1520611569,https://img.a.transfermarkt.technology/portrait/medium/96341-1661780981.jpg?lm=1,1993-05-13,96,4
2646,Giovane,12000000.0,23.0,Centre-Forward,Brazil,https://tmssl.akamaized.net//images/flagge/verysmall/26.png?lm=1520611569,https://img.a.transfermarkt.technology/portrait/medium/1005165-1757603428.jpg?lm=1,2003-11-24,96,4
2647,Franco Israel,3000000.0,81.0,Goalkeeper,Uruguay,https://tmssl.akamaized.net//images/flagge/verysmall/179.png?lm=1520611569,https://img.a.transfermarkt.technology/portrait/medium/492319-1753680657.jpg?lm=1,2000-04-22,97,4
2648,Alberto Paleari,1000000.0,1.0,Goalkeeper,Italy,https://tmssl.akamaized.net//images/flagge/verysmall/75.png?lm=1520611569,https://img.a.transfermarkt.technology/portrait/medium/163048-1753444583.jpg?lm=1,1992-08-29,97,4
2649,Lapo Siviero,300000.0,99.0,Goalkeeper,Italy,https://tmssl.akamaized.net//images/flagge/verysmall/75.png?lm=1520611569,https://img.a.transfermarkt.technology/portrait/medium/942103-1758186596.jpg?lm=1,2006-11-23,97,4
2650,Saúl Coco,9000000.0,23.0,Centre-Back,Equatorial Guinea,https://tmssl.akamaized.net//images/flagge/verysmall/8.png?lm=1520611569,https://img.a.transfermarkt.technology/portrait/medium/588426-1725531089.jpg?lm=1,1999-02-09,97,4
2651,Luca Marianucci,7500000.0,35.0,Centre-Back,Italy,https://tmssl.akamaized.net//images/flagge/verysmall/75.png?lm=1520611569,https://img.a.transfermarkt.technology/portrait/medium/814446-1721740329.jpg?lm=1,2004-07-23,97,4
2652,Ardian Ismajli,5000000.0,44.0,Centre-Back,Albania,https://tmssl.akamaized.net//images/flagge/verysmall/3.png?lm=1520611569,https://img.a.transfermarkt.technology/portrait/medium/435228-1663677962.jpg?lm=1,1996-09-30,97,4
2653,Guillermo Maripán,3000000.0,13.0,Centre-Back,Chile,https://tmssl.akamaized.net//images/flagge/verysmall/33.png?lm=1520611569,https://img.a.transfermarkt.technology/portrait/medium/249730-1730123458.jpg?lm=1,1994-05-06,97,4
2654,Enzo Ebosse,1500000.0,77.0,Centre-Back,Cameroon,https://tmssl.akamaized.net//images/flagge/verysmall/31.png?lm=1520611569,https://img.a.transfermarkt.technology/portrait/medium/342877-1659337327.jpg?lm=1,1999-03-11,97,4
2655,Saba Sazonov,1000000.0,15.0,Centre-Back,Georgia,https://tmssl.akamaized.net//images/flagge/verysmall/53.png?lm=1520611569,https://img.a.transfermarkt.technology/portrait/medium/655456-1695386095.jpg?lm=1,2002-02-01,97,4
2656,Rafa Obrador,4000000.0,33.0,Left-Back,Spain,https://tmssl.akamaized.net//images/flagge/verysmall/157.png?lm=1520611569,https://img.a.transfermarkt.technology/portrait/medium/646747-1724425498.jpg?lm=1,2004-02-24,97,4
2657,Niels Nkounkou,3500000.0,25.0,Left-Back,France,https://tmssl.akamaized.net//images/flagge/verysmall/50.png?lm=1520611569,https://img.a.transfermarkt.technology/portrait/medium/591193-1696509000.jpg?lm=1,2000-11-01,97,4
2658,Cristiano Biraghi,1400000.0,34.0,Left-Back,Italy,https://tmssl.akamaized.net//images/flagge/verysmall/75.png?lm=1520611569,https://img.a.transfermarkt.technology/portrait/medium/124555-1724827712.jpg?lm=1,1992-09-01,97,4
2659,Marcus Pedersen,3500000.0,16.0,Right-Back,Norway,https://tmssl.akamaized.net//images/flagge/verysmall/125.png?lm=1520611569,https://img.a.transfermarkt.technology/portrait/medium/583404-1660759624.jpg?lm=1,2000-07-16,97,4
2660,Matteo Prati,6000000.0,4.0,Defensive Midfield,Italy,https://tmssl.akamaized.net//images/flagge/verysmall/75.png?lm=1520611569,https://img.a.transfermarkt.technology/portrait/medium/876298-1686214955.jpg?lm=1,2003-12-28,97,4
2661,Adrien Tamèze,1500000.0,61.0,Defensive Midfield,France,https://tmssl.akamaized.net//images/flagge/verysmall/50.png?lm=1520611569,https://img.a.transfermarkt.technology/portrait/medium/157507-1663672063.jpg?lm=1,1994-02-04,97,4
2662,Cesare Casadei,14000000.0,22.0,Central Midfield,Italy,https://tmssl.akamaized.net//images/flagge/verysmall/75.png?lm=1520611569,https://img.a.transfermarkt.technology/portrait/medium/622380-1692967622.jpg?lm=1,2003-01-10,97,4
2663,Ivan Ilić,10000000.0,8.0,Central Midfield,Serbia,https://tmssl.akamaized.net//images/flagge/verysmall/215.png?lm=1520611569,https://img.a.transfermarkt.technology/portrait/medium/470794-1716239802.jpg?lm=1,2001-03-17,97,4
2664,Gvidas Gineitis,5500000.0,66.0,Central Midfield,Lithuania,https://tmssl.akamaized.net//images/flagge/verysmall/98.png?lm=1520611569,https://img.a.transfermarkt.technology/portrait/medium/798929-1730125690.jpg?lm=1,2004-04-15,97,4
2665,Emirhan İlkhan,5000000.0,6.0,Central Midfield,Türkiye,https://tmssl.akamaized.net//images/flagge/verysmall/174.png?lm=1520611569,https://img.a.transfermarkt.technology/portrait/medium/743091-1757662852.jpg?lm=1,2004-06-01,97,4
2666,Valentino Lazaro,4000000.0,20.0,Right Midfield,Austria,https://tmssl.akamaized.net//images/flagge/verysmall/127.png?lm=1520611569,https://img.a.transfermarkt.technology/portrait/medium/186368-1692819728.jpg?lm=1,1996-03-24,97,4
2667,Nikola Vlašić,9000000.0,10.0,Attacking Midfield,Croatia,https://tmssl.akamaized.net//images/flagge/verysmall/37.png?lm=1520611569,https://img.a.transfermarkt.technology/portrait/medium/293200-1695028630.jpg?lm=1,1997-10-04,97,4
2668,Tino Anjorin,4000000.0,14.0,Attacking Midfield,England,https://tmssl.akamaized.net//images/flagge/verysmall/189.png?lm=1520611569,https://img.a.transfermarkt.technology/portrait/medium/433181-1751866018.jpg?lm=1,2001-11-23,97,4
2669,Sergiu Perciun,1500000.0,83.0,Attacking Midfield,Moldova,https://tmssl.akamaized.net//images/flagge/verysmall/112.png?lm=1520611569,https://img.a.transfermarkt.technology/portrait/medium/980632-1734332485.jpg?lm=1,2006-04-23,97,4
2670,Alieu Njie,2500000.0,92.0,Left Winger,Sweden,https://tmssl.akamaized.net//images/flagge/verysmall/147.png?lm=1520611569,https://img.a.transfermarkt.technology/portrait/medium/934527-1739284093.jpg?lm=1,2005-05-14,97,4
2671,Zakaria Aboukhlal,7500000.0,7.0,Right Winger,Morocco,https://tmssl.akamaized.net//images/flagge/verysmall/107.png?lm=1520611569,https://img.a.transfermarkt.technology/portrait/medium/393238-1753798031.jpg?lm=1,2000-02-18,97,4
2672,Zanos Savva,200000.0,79.0,Right Winger,Cyprus,https://tmssl.akamaized.net//images/flagge/verysmall/188.png?lm=1520611569,https://img.a.transfermarkt.technology/portrait/medium/928900-1719824810.png?lm=1,2005-11-26,97,4
2673,Ché Adams,8500000.0,19.0,Centre-Forward,Scotland,https://tmssl.akamaized.net//images/flagge/verysmall/190.png?lm=1520611569,https://img.a.transfermarkt.technology/portrait/medium/346779-1716381473.jpg?lm=1,1996-07-13,97,4
2674,Giovanni Simeone,5000000.0,18.0,Centre-Forward,Argentina,https://tmssl.akamaized.net//images/flagge/verysmall/9.png?lm=1520611569,https://img.a.transfermarkt.technology/portrait/medium/282388-1690294694.jpg?lm=1,1995-07-05,97,4
2675,Sandro Kulenović,4000000.0,17.0,Centre-Forward,Croatia,https://tmssl.akamaized.net//images/flagge/verysmall/37.png?lm=1520611569,https://img.a.transfermarkt.technology/portrait/medium/357778-1770273801.jpg?lm=1,1999-12-04,97,4
2676,Duván Zapata,3000000.0,91.0,Centre-Forward,Colombia,https://tmssl.akamaized.net//images/flagge/verysmall/83.png?lm=1520611569,https://img.a.transfermarkt.technology/portrait/medium/73794-1730126644.jpg?lm=1,1991-04-01,97,4
2677,Emil Audero,3200000.0,1.0,Goalkeeper,Indonesia,https://tmssl.akamaized.net//images/flagge/verysmall/68.png?lm=1520611569,https://img.a.transfermarkt.technology/portrait/medium/256339-1663679682.jpg?lm=1,1997-01-18,98,4
2678,Marco Silvestri,500000.0,16.0,Goalkeeper,Italy,https://tmssl.akamaized.net//images/flagge/verysmall/75.png?lm=1520611569,https://img.a.transfermarkt.technology/portrait/medium/85528-1663664993.jpg?lm=1,1991-03-02,98,4
2679,Lapo Nava,100000.0,69.0,Goalkeeper,Italy,https://tmssl.akamaized.net//images/flagge/verysmall/75.png?lm=1520611569,https://img.a.transfermarkt.technology/portrait/medium/815563-1681206054.jpg?lm=1,2004-01-22,98,4
2680,Mikayil Faye,5000000.0,30.0,Centre-Back,Senegal,https://tmssl.akamaized.net//images/flagge/verysmall/149.png?lm=1520611569,https://img.a.transfermarkt.technology/portrait/medium/666974-1737970456.jpg?lm=1,2004-07-14,98,4
2681,Filippo Terracciano,4500000.0,24.0,Centre-Back,Italy,https://tmssl.akamaized.net//images/flagge/verysmall/75.png?lm=1520611569,https://img.a.transfermarkt.technology/portrait/medium/631007-1739283881.jpg?lm=1,2003-02-08,98,4
2682,Sebastiano Luperto,4000000.0,5.0,Centre-Back,Italy,https://tmssl.akamaized.net//images/flagge/verysmall/75.png?lm=1520611569,https://img.a.transfermarkt.technology/portrait/medium/278531-1730125275.jpg?lm=1,1996-09-06,98,4
2683,Federico Baschirotto,4000000.0,6.0,Centre-Back,Italy,https://tmssl.akamaized.net//images/flagge/verysmall/75.png?lm=1520611569,https://img.a.transfermarkt.technology/portrait/medium/351955-1730126092.jpg?lm=1,1996-09-20,98,4
2684,Matteo Bianchetti,800000.0,15.0,Centre-Back,Italy,https://tmssl.akamaized.net//images/flagge/verysmall/75.png?lm=1520611569,https://img.a.transfermarkt.technology/portrait/medium/160986-1663683697.jpg?lm=1,1993-03-17,98,4
2685,Francesco Folino,700000.0,55.0,Centre-Back,Italy,https://tmssl.akamaized.net//images/flagge/verysmall/75.png?lm=1520611569,https://img.a.transfermarkt.technology/portrait/medium/603675-1737968311.jpg?lm=1,2002-01-23,98,4
2686,Federico Ceccherini,400000.0,23.0,Centre-Back,Italy,https://tmssl.akamaized.net//images/flagge/verysmall/75.png?lm=1520611569,https://img.a.transfermarkt.technology/portrait/medium/163639-1695211483.png?lm=1,1992-05-11,98,4
2687,Giuseppe Pezzella,2500000.0,3.0,Left-Back,Italy,https://tmssl.akamaized.net//images/flagge/verysmall/75.png?lm=1520611569,https://img.a.transfermarkt.technology/portrait/medium/336960-1661521548.jpg?lm=1,1997-11-29,98,4
2688,Tommaso Barbieri,4000000.0,4.0,Right-Back,Italy,https://tmssl.akamaized.net//images/flagge/verysmall/75.png?lm=1520611569,https://img.a.transfermarkt.technology/portrait/medium/569939-1681713735.jpg?lm=1,2002-08-26,98,4
2689,Romano Floriani Mussolini,2500000.0,22.0,Right-Back,Italy,https://tmssl.akamaized.net//images/flagge/verysmall/75.png?lm=1520611569,https://img.a.transfermarkt.technology/portrait/medium/708086-1752505857.jpg?lm=1,2003-01-27,98,4
2690,Alberto Grassi,1800000.0,33.0,Defensive Midfield,Italy,https://tmssl.akamaized.net//images/flagge/verysmall/75.png?lm=1520611569,https://img.a.transfermarkt.technology/portrait/medium/197473-1695031303.jpg?lm=1,1995-03-07,98,4
2691,Warren Bondo,7500000.0,38.0,Central Midfield,France,https://tmssl.akamaized.net//images/flagge/verysmall/50.png?lm=1520611569,https://img.a.transfermarkt.technology/portrait/medium/659516-1739281834.jpg?lm=1,2003-09-15,98,4
2692,Martín Payero,6000000.0,32.0,Central Midfield,Argentina,https://tmssl.akamaized.net//images/flagge/verysmall/9.png?lm=1520611569,https://img.a.transfermarkt.technology/portrait/medium/555820-1707213845.jpg?lm=1,1998-09-11,98,4
2693,Jari Vandeputte,3500000.0,27.0,Central Midfield,Belgium,https://tmssl.akamaized.net//images/flagge/verysmall/19.png?lm=1520611569,https://img.a.transfermarkt.technology/portrait/medium/258827-1712490921.jpg?lm=1,1996-02-14,98,4
2694,Morten Thorsby,3000000.0,2.0,Central Midfield,Norway,https://tmssl.akamaized.net//images/flagge/verysmall/125.png?lm=1520611569,https://img.a.transfermarkt.technology/portrait/medium/226524-1725529624.jpg?lm=1,1996-05-05,98,4
2695,Michele Collocolo,3000000.0,18.0,Central Midfield,Italy,https://tmssl.akamaized.net//images/flagge/verysmall/75.png?lm=1520611569,https://img.a.transfermarkt.technology/portrait/medium/434551-1753430710.jpg?lm=1,1999-11-08,98,4
2696,Youssef Maleh,1000000.0,29.0,Central Midfield,Morocco,https://tmssl.akamaized.net//images/flagge/verysmall/107.png?lm=1520611569,https://img.a.transfermarkt.technology/portrait/medium/324377-1753434607.jpg?lm=1,1998-08-22,98,4
2697,Alessio Zerbin,2200000.0,7.0,Right Midfield,Italy,https://tmssl.akamaized.net//images/flagge/verysmall/75.png?lm=1520611569,https://img.a.transfermarkt.technology/portrait/medium/433584-1757604547.jpg?lm=1,1999-03-03,98,4
2698,Faris Moumbagna,4000000.0,14.0,Centre-Forward,Cameroon,https://tmssl.akamaized.net//images/flagge/verysmall/31.png?lm=1520611569,https://img.a.transfermarkt.technology/portrait/medium/599663-1767803513.jpg?lm=1,2000-07-01,98,4
2699,Federico Bonazzoli,2500000.0,90.0,Centre-Forward,Italy,https://tmssl.akamaized.net//images/flagge/verysmall/75.png?lm=1520611569,https://img.a.transfermarkt.technology/portrait/medium/241527-1692962795.jpg?lm=1,1997-05-21,98,4
2700,Antonio Sanabria,2000000.0,99.0,Centre-Forward,Paraguay,https://tmssl.akamaized.net//images/flagge/verysmall/132.png?lm=1520611569,https://img.a.transfermarkt.technology/portrait/medium/234523-1692963077.jpg?lm=1,1996-03-04,98,4
2701,David Okereke,1500000.0,77.0,Centre-Forward,Nigeria,https://tmssl.akamaized.net//images/flagge/verysmall/124.png?lm=1520611569,https://img.a.transfermarkt.technology/portrait/medium/413605-1732532463.jpg?lm=1,1997-08-29,98,4
2702,Milan Djuric,1000000.0,9.0,Centre-Forward,Bosnia-Herzegovina,https://tmssl.akamaized.net//images/flagge/verysmall/24.png?lm=1569523290,https://img.a.transfermarkt.technology/portrait/medium/67556-1628670733.jpg?lm=1,1990-05-22,98,4
2703,Jamie Vardy,1000000.0,10.0,Centre-Forward,England,https://tmssl.akamaized.net//images/flagge/verysmall/189.png?lm=1520611569,https://img.a.transfermarkt.technology/portrait/medium/197838-1683031278.jpg?lm=1,1987-01-11,98,4
2704,Wladimiro Falcone,3500000.0,30.0,Goalkeeper,Italy,https://tmssl.akamaized.net//images/flagge/verysmall/75.png?lm=1520611569,https://img.a.transfermarkt.technology/portrait/medium/238537-1693308504.jpg?lm=1,1995-04-12,99,4
2705,Christian Früchtl,1000000.0,1.0,Goalkeeper,Germany,https://tmssl.akamaized.net//images/flagge/verysmall/40.png?lm=1520612525,https://img.a.transfermarkt.technology/portrait/medium/336307-1695655759.jpg?lm=1,2000-01-28,99,4
2706,Jasper Samooja,75000.0,32.0,Goalkeeper,Finland,https://tmssl.akamaized.net//images/flagge/verysmall/49.png?lm=1520611569,https://img.a.transfermarkt.technology/portrait/medium/712911-1730122886.jpg?lm=1,2003-07-21,99,4
2707,Tiago Gabriel,15000000.0,44.0,Centre-Back,Portugal,https://tmssl.akamaized.net//images/flagge/verysmall/136.png?lm=1520611569,https://img.a.transfermarkt.technology/portrait/medium/1112449-1737958874.jpg?lm=1,2004-12-26,99,4
2708,Jamil Siebert,4500000.0,5.0,Centre-Back,Germany,https://tmssl.akamaized.net//images/flagge/verysmall/40.png?lm=1520612525,https://img.a.transfermarkt.technology/portrait/medium/604113-1753692148.jpg?lm=1,2002-04-02,99,4
2709,Gaspar,3500000.0,4.0,Centre-Back,Angola,https://tmssl.akamaized.net//images/flagge/verysmall/6.png?lm=1520611569,https://img.a.transfermarkt.technology/portrait/medium/836441-1730185525.jpg?lm=1,1997-09-27,99,4
2710,Gaby Jean,1500000.0,18.0,Centre-Back,France,https://tmssl.akamaized.net//images/flagge/verysmall/50.png?lm=1520611569,https://img.a.transfermarkt.technology/portrait/medium/805886-1692033275.png?lm=1,2000-02-19,99,4
2711,Matías Pérez,500000.0,13.0,Centre-Back,Chile,https://tmssl.akamaized.net//images/flagge/verysmall/33.png?lm=1520611569,https://img.a.transfermarkt.technology/portrait/medium/1175410-1757603578.jpg?lm=1,2005-04-13,99,4
2712,Antonino Gallo,4000000.0,25.0,Left-Back,Italy,https://tmssl.akamaized.net//images/flagge/verysmall/75.png?lm=1520611569,https://img.a.transfermarkt.technology/portrait/medium/392516-1663745734.jpg?lm=1,2000-01-05,99,4
2713,Corrie Ndaba,900000.0,3.0,Left-Back,Ireland,https://tmssl.akamaized.net//images/flagge/verysmall/72.png?lm=1520611569,https://img.a.transfermarkt.technology/portrait/medium/433329-1753768662.jpg?lm=1,1999-12-25,99,4
2714,Danilo Veiga,2000000.0,17.0,Right-Back,Portugal,https://tmssl.akamaized.net//images/flagge/verysmall/136.png?lm=1520611569,https://img.a.transfermarkt.technology/portrait/medium/728485-1739282699.jpg?lm=1,2002-09-25,99,4
2715,Oumar Ngom,2500000.0,79.0,Defensive Midfield,Mauritania,https://tmssl.akamaized.net//images/flagge/verysmall/108.png?lm=1520611569,https://img.a.transfermarkt.technology/portrait/medium/980575-1768202944.jpg?lm=1,2004-03-09,99,4
2716,Ylber Ramadani,1800000.0,20.0,Defensive Midfield,Albania,https://tmssl.akamaized.net//images/flagge/verysmall/3.png?lm=1520611569,https://img.a.transfermarkt.technology/portrait/medium/442703-1691151579.jpg?lm=1,1996-04-12,99,4
2717,Sadik Fofana,600000.0,8.0,Defensive Midfield,Togo,https://tmssl.akamaized.net//images/flagge/verysmall/168.png?lm=1520611569,https://img.a.transfermarkt.technology/portrait/medium/644613-1659622952.jpg?lm=1,2003-05-16,99,4
2718,Medon Berisha,6000000.0,10.0,Central Midfield,Albania,https://tmssl.akamaized.net//images/flagge/verysmall/3.png?lm=1520611569,https://img.a.transfermarkt.technology/portrait/medium/583046-1662114572.jpg?lm=1,2003-10-21,99,4
2719,Lassana Coulibaly,2500000.0,29.0,Central Midfield,Mali,https://tmssl.akamaized.net//images/flagge/verysmall/105.png?lm=1520611569,https://img.a.transfermarkt.technology/portrait/medium/386552-1725529617.jpg?lm=1,1996-04-10,99,4
2720,Thórir Jóhann Helgason,2300000.0,14.0,Central Midfield,Iceland,https://tmssl.akamaized.net//images/flagge/verysmall/73.png?lm=1520611569,https://img.a.transfermarkt.technology/portrait/medium/488996-1725530709.jpg?lm=1,2000-09-28,99,4
2721,Álex Sala,1500000.0,6.0,Central Midfield,Spain,https://tmssl.akamaized.net//images/flagge/verysmall/157.png?lm=1520611569,https://img.a.transfermarkt.technology/portrait/medium/582664-1734477018.jpg?lm=1,2001-04-09,99,4
2722,Omri Gandelman,4000000.0,16.0,Attacking Midfield,Israel,https://tmssl.akamaized.net//images/flagge/verysmall/74.png?lm=1520611569,https://img.a.transfermarkt.technology/portrait/medium/780548-1706693476.jpg?lm=1,2000-05-16,99,4
2723,Filip Marchwinski,2500000.0,36.0,Attacking Midfield,Poland,https://tmssl.akamaized.net//images/flagge/verysmall/135.png?lm=1520611569,https://img.a.transfermarkt.technology/portrait/medium/555106-1757664884.jpg?lm=1,2002-01-10,99,4
2724,Riccardo Sottil,3500000.0,23.0,Left Winger,Italy,https://tmssl.akamaized.net//images/flagge/verysmall/75.png?lm=1520611569,https://img.a.transfermarkt.technology/portrait/medium/386455-1663591627.jpg?lm=1,1999-06-03,99,4
2725,Lameck Banda,3000000.0,19.0,Left Winger,Zambia,https://tmssl.akamaized.net//images/flagge/verysmall/142.png?lm=1520611569,https://img.a.transfermarkt.technology/portrait/medium/545538-1663744937.jpg?lm=1,2001-01-29,99,4
2726,Santiago Pierotti,3500000.0,50.0,Right Winger,Argentina,https://tmssl.akamaized.net//images/flagge/verysmall/9.png?lm=1520611569,https://img.a.transfermarkt.technology/portrait/medium/674806-1709016512.jpg?lm=1,2001-04-03,99,4
2727,Konan N’Dri,1500000.0,11.0,Right Winger,Cote d'Ivoire,https://tmssl.akamaized.net//images/flagge/verysmall/38.png?lm=1520611569,https://img.a.transfermarkt.technology/portrait/medium/649490-1713338739.png?lm=1,2000-10-27,99,4
2728,Francesco Camarda,15000000.0,22.0,Centre-Forward,Italy,https://tmssl.akamaized.net//images/flagge/verysmall/75.png?lm=1520611569,https://img.a.transfermarkt.technology/portrait/medium/1058368-1751957691.jpg?lm=1,2008-03-10,99,4
2729,Nikola Stulic,4500000.0,9.0,Centre-Forward,Serbia,https://tmssl.akamaized.net//images/flagge/verysmall/215.png?lm=1520611569,https://img.a.transfermarkt.technology/portrait/medium/595650-1705056566.jpg?lm=1,2001-09-08,99,4
2730,Walid Cheddira,2300000.0,99.0,Centre-Forward,Morocco,https://tmssl.akamaized.net//images/flagge/verysmall/107.png?lm=1520611569,https://img.a.transfermarkt.technology/portrait/medium/521407-1770273321.jpg?lm=1,1998-01-22,99,4
2731,Arijanet Murić,7500000.0,49.0,Goalkeeper,Kosovo,https://tmssl.akamaized.net//images/flagge/verysmall/244.png?lm=1520611569,https://img.a.transfermarkt.technology/portrait/medium/371021-1685718424.jpg?lm=1,1998-11-07,100,4
2732,Stefano Turati,3000000.0,13.0,Goalkeeper,Italy,https://tmssl.akamaized.net//images/flagge/verysmall/75.png?lm=1520611569,https://img.a.transfermarkt.technology/portrait/medium/543666-1686126590.jpg?lm=1,2001-09-05,100,4
2733,Gioele Zacchi,600000.0,16.0,Goalkeeper,Italy,https://tmssl.akamaized.net//images/flagge/verysmall/75.png?lm=1520611569,https://img.a.transfermarkt.technology/portrait/medium/659648-1757676122.jpg?lm=1,2003-07-10,100,4
2734,Giacomo Satalino,400000.0,12.0,Goalkeeper,Italy,https://tmssl.akamaized.net//images/flagge/verysmall/75.png?lm=1520611569,https://img.a.transfermarkt.technology/portrait/medium/323255-1757662685.jpg?lm=1,1999-05-20,100,4
2735,Tarik Muharemović,20000000.0,80.0,Centre-Back,Bosnia-Herzegovina,https://tmssl.akamaized.net//images/flagge/verysmall/24.png?lm=1569523290,https://img.a.transfermarkt.technology/portrait/medium/679423-1751529111.jpg?lm=1,2003-02-28,100,4
2736,Jay Idzes,10000000.0,21.0,Centre-Back,Indonesia,https://tmssl.akamaized.net//images/flagge/verysmall/68.png?lm=1520611569,https://img.a.transfermarkt.technology/portrait/medium/546926-1725530125.jpg?lm=1,2000-06-02,100,4
2737,Fali Candé,3000000.0,5.0,Centre-Back,Guinea-Bissau,https://tmssl.akamaized.net//images/flagge/verysmall/60.png?lm=1520611569,https://img.a.transfermarkt.technology/portrait/medium/520530-1697463489.png?lm=1,1998-01-24,100,4
2738,Filippo Romagna,800000.0,19.0,Centre-Back,Italy,https://tmssl.akamaized.net//images/flagge/verysmall/75.png?lm=1520611569,https://img.a.transfermarkt.technology/portrait/medium/256678-1751529345.jpg?lm=1,1997-05-26,100,4
2739,Pedro Felipe,700000.0,66.0,Centre-Back,Brazil,https://tmssl.akamaized.net//images/flagge/verysmall/26.png?lm=1520611569,https://img.a.transfermarkt.technology/portrait/medium/1082581-1670983210.jpeg?lm=1,2004-05-23,100,4
2740,Josh Doig,5000000.0,3.0,Left-Back,Scotland,https://tmssl.akamaized.net//images/flagge/verysmall/190.png?lm=1520611569,https://img.a.transfermarkt.technology/portrait/medium/567129-1701544110.jpg?lm=1,2002-05-18,100,4
2741,Ulisses Garcia,3000000.0,23.0,Left-Back,Switzerland,https://tmssl.akamaized.net//images/flagge/verysmall/148.png?lm=1520611569,https://img.a.transfermarkt.technology/portrait/medium/192616-1700236348.jpg?lm=1,1996-01-11,100,4
2742,Edoardo Pieragnolo,2000000.0,15.0,Left-Back,Italy,https://tmssl.akamaized.net//images/flagge/verysmall/75.png?lm=1520611569,https://img.a.transfermarkt.technology/portrait/medium/691825-1757662713.jpg?lm=1,2003-01-03,100,4
2743,Sebastian Walukiewicz,4500000.0,6.0,Right-Back,Poland,https://tmssl.akamaized.net//images/flagge/verysmall/135.png?lm=1520611569,https://img.a.transfermarkt.technology/portrait/medium/345458-1716985042.jpg?lm=1,2000-04-05,100,4
2744,Woyo Coulibaly,2000000.0,25.0,Right-Back,Mali,https://tmssl.akamaized.net//images/flagge/verysmall/105.png?lm=1520611569,https://img.a.transfermarkt.technology/portrait/medium/592975-1725530223.jpg?lm=1,1999-05-26,100,4
2745,Luca Lipani,7500000.0,35.0,Defensive Midfield,Italy,https://tmssl.akamaized.net//images/flagge/verysmall/75.png?lm=1520611569,https://img.a.transfermarkt.technology/portrait/medium/724106-1681206396.jpg?lm=1,2005-05-18,100,4
2746,Daniel Boloca,5000000.0,11.0,Defensive Midfield,Italy,https://tmssl.akamaized.net//images/flagge/verysmall/75.png?lm=1520611569,https://img.a.transfermarkt.technology/portrait/medium/441515-1692881633.jpg?lm=1,1998-12-22,100,4
2747,Nemanja Matić,1800000.0,18.0,Defensive Midfield,Serbia,https://tmssl.akamaized.net//images/flagge/verysmall/215.png?lm=1520611569,https://img.a.transfermarkt.technology/portrait/medium/74683-1655212906.jpg?lm=1,1988-08-01,100,4
2748,Ismaël Koné,20000000.0,90.0,Central Midfield,Canada,https://tmssl.akamaized.net//images/flagge/verysmall/80.png?lm=1520611569,https://img.a.transfermarkt.technology/portrait/medium/921655-1757604633.jpg?lm=1,2002-06-16,100,4
2749,Kristian Thorstvedt,10000000.0,42.0,Central Midfield,Norway,https://tmssl.akamaized.net//images/flagge/verysmall/125.png?lm=1520611569,https://img.a.transfermarkt.technology/portrait/medium/564785-1692883043.jpg?lm=1,1999-03-13,100,4
2750,Aster Vranckx,7000000.0,40.0,Central Midfield,Belgium,https://tmssl.akamaized.net//images/flagge/verysmall/19.png?lm=1520611569,https://img.a.transfermarkt.technology/portrait/medium/503881-1657202999.jpg?lm=1,2002-10-04,100,4
2751,Edoardo Iannoni,800000.0,44.0,Central Midfield,Italy,https://tmssl.akamaized.net//images/flagge/verysmall/75.png?lm=1520611569,https://img.a.transfermarkt.technology/portrait/medium/700053-1757662739.jpg?lm=1,2001-04-11,100,4
2752,Cristian Volpato,10000000.0,7.0,Attacking Midfield,Italy,https://tmssl.akamaized.net//images/flagge/verysmall/75.png?lm=1520611569,https://img.a.transfermarkt.technology/portrait/medium/746891-1753432220.jpg?lm=1,2003-11-15,100,4
2753,Darryl Bakola,8000000.0,50.0,Attacking Midfield,France,https://tmssl.akamaized.net//images/flagge/verysmall/50.png?lm=1520611569,https://img.a.transfermarkt.technology/portrait/medium/1170286-1736792764.jpg?lm=1,2007-11-30,100,4
2754,Armand Laurienté,18000000.0,45.0,Left Winger,France,https://tmssl.akamaized.net//images/flagge/verysmall/50.png?lm=1520611569,https://img.a.transfermarkt.technology/portrait/medium/579930-1753431935.jpg?lm=1,1998-12-04,100,4
2755,Alieu Fadera,4500000.0,20.0,Left Winger,The Gambia,https://tmssl.akamaized.net//images/flagge/verysmall/52.png?lm=1520611569,https://img.a.transfermarkt.technology/portrait/medium/749552-1753767931.jpg?lm=1,2001-11-03,100,4
2756,Domenico Berardi,7500000.0,10.0,Right Winger,Italy,https://tmssl.akamaized.net//images/flagge/verysmall/75.png?lm=1520611569,https://img.a.transfermarkt.technology/portrait/medium/177843-1692883147.jpg?lm=1,1994-08-01,100,4
2757,Andrea Pinamonti,15000000.0,99.0,Centre-Forward,Italy,https://tmssl.akamaized.net//images/flagge/verysmall/75.png?lm=1520611569,https://img.a.transfermarkt.technology/portrait/medium/315865-1692883161.jpg?lm=1,1999-05-19,100,4
2758,M'Bala Nzola,4500000.0,8.0,Centre-Forward,Angola,https://tmssl.akamaized.net//images/flagge/verysmall/6.png?lm=1520611569,https://img.a.transfermarkt.technology/portrait/medium/354814-1664974000.jpg?lm=1,1996-08-18,100,4
2759,Luca Moro,2000000.0,24.0,Centre-Forward,Italy,https://tmssl.akamaized.net//images/flagge/verysmall/75.png?lm=1520611569,https://img.a.transfermarkt.technology/portrait/medium/600936-1772549757.jpg?lm=1,2001-01-25,100,4
2760,Maduka Okoye,10000000.0,40.0,Goalkeeper,Nigeria,https://tmssl.akamaized.net//images/flagge/verysmall/124.png?lm=1520611569,https://img.a.transfermarkt.technology/portrait/medium/340353-1729542646.jpg?lm=1,1999-08-28,101,4
2761,Răzvan Sava,2500000.0,90.0,Goalkeeper,Romania,https://tmssl.akamaized.net//images/flagge/verysmall/140.png?lm=1520611569,https://img.a.transfermarkt.technology/portrait/medium/568617-1730124399.jpg?lm=1,2002-06-21,101,4
2762,Alessandro Nunziante,1800000.0,1.0,Goalkeeper,Italy,https://tmssl.akamaized.net//images/flagge/verysmall/75.png?lm=1520611569,https://img.a.transfermarkt.technology/portrait/medium/956588-1753853869.jpg?lm=1,2007-03-14,101,4
2763,Daniele Padelli,150000.0,93.0,Goalkeeper,Italy,https://tmssl.akamaized.net//images/flagge/verysmall/75.png?lm=1520611569,https://img.a.transfermarkt.technology/portrait/medium/27807-1630653305.jpg?lm=1,1985-10-25,101,4
2764,Oumar Solet,20000000.0,28.0,Centre-Back,France,https://tmssl.akamaized.net//images/flagge/verysmall/50.png?lm=1520611569,https://img.a.transfermarkt.technology/portrait/medium/463665-1739281800.jpg?lm=1,2000-02-07,101,4
2765,Thomas Kristensen,12000000.0,31.0,Centre-Back,Denmark,https://tmssl.akamaized.net//images/flagge/verysmall/39.png?lm=1520611569,https://img.a.transfermarkt.technology/portrait/medium/698259-1696837568.jpg?lm=1,2002-01-17,101,4
2766,Nicolò Bertola,6000000.0,13.0,Centre-Back,Italy,https://tmssl.akamaized.net//images/flagge/verysmall/75.png?lm=1520611569,https://img.a.transfermarkt.technology/portrait/medium/632831-1734888290.jpg?lm=1,2003-03-23,101,4
2767,Branimir Mlacic,4000000.0,22.0,Centre-Back,Croatia,https://tmssl.akamaized.net//images/flagge/verysmall/37.png?lm=1520611569,https://img.a.transfermarkt.technology/portrait/medium/1300966-1767281419.jpg?lm=1,2007-03-12,101,4
2768,Christian Kabasele,800000.0,27.0,Centre-Back,Belgium,https://tmssl.akamaized.net//images/flagge/verysmall/19.png?lm=1520611569,https://img.a.transfermarkt.technology/portrait/medium/81512-1692277533.jpg?lm=1,1991-02-24,101,4
2769,Jordan Zemura,5000000.0,33.0,Left-Back,Zimbabwe,https://tmssl.akamaized.net//images/flagge/verysmall/187.png?lm=1520611569,https://img.a.transfermarkt.technology/portrait/medium/633530-1730184134.jpg?lm=1,1999-11-14,101,4
2770,Hassane Kamara,3000000.0,11.0,Left-Back,Cote d'Ivoire,https://tmssl.akamaized.net//images/flagge/verysmall/38.png?lm=1520611569,https://img.a.transfermarkt.technology/portrait/medium/290017-1730126484.jpg?lm=1,1994-03-05,101,4
2771,Alessandro Zanoli,5000000.0,59.0,Right-Back,Italy,https://tmssl.akamaized.net//images/flagge/verysmall/75.png?lm=1520611569,https://img.a.transfermarkt.technology/portrait/medium/397225-1673603620.jpg?lm=1,2000-10-03,101,4
2772,Kingsley Ehizibue,2000000.0,19.0,Right-Back,Netherlands,https://tmssl.akamaized.net//images/flagge/verysmall/122.png?lm=1520611569,https://img.a.transfermarkt.technology/portrait/medium/272812-1753444231.jpg?lm=1,1995-05-25,101,4
2773,Jesper Karlström,4000000.0,8.0,Defensive Midfield,Sweden,https://tmssl.akamaized.net//images/flagge/verysmall/147.png?lm=1520611569,https://img.a.transfermarkt.technology/portrait/medium/222855-1730184243.jpg?lm=1,1995-06-21,101,4
2774,Abdoulaye Camara,1500000.0,29.0,Defensive Midfield,France,https://tmssl.akamaized.net//images/flagge/verysmall/50.png?lm=1520611569,https://img.a.transfermarkt.technology/portrait/medium/1210116-1767803175.jpg?lm=1,2008-09-28,101,4
2775,Arthur Atta,15000000.0,14.0,Central Midfield,France,https://tmssl.akamaized.net//images/flagge/verysmall/50.png?lm=1520611569,https://img.a.transfermarkt.technology/portrait/medium/855308-1752140643.jpg?lm=1,2003-01-14,101,4
2776,Lennon Miller,10000000.0,38.0,Central Midfield,Scotland,https://tmssl.akamaized.net//images/flagge/verysmall/190.png?lm=1520611569,https://img.a.transfermarkt.technology/portrait/medium/924857-1701702197.jpg?lm=1,2006-08-25,101,4
2777,Jurgen Ekkelenkamp,7000000.0,32.0,Central Midfield,Netherlands,https://tmssl.akamaized.net//images/flagge/verysmall/122.png?lm=1520611569,https://img.a.transfermarkt.technology/portrait/medium/361068-1757604896.jpg?lm=1,2000-04-05,101,4
2778,Jakub Piotrowski,4500000.0,24.0,Central Midfield,Poland,https://tmssl.akamaized.net//images/flagge/verysmall/135.png?lm=1520611569,https://img.a.transfermarkt.technology/portrait/medium/377243-1753958125.jpg?lm=1,1997-10-04,101,4
2779,Oier Zarraga,1800000.0,6.0,Central Midfield,Spain,https://tmssl.akamaized.net//images/flagge/verysmall/157.png?lm=1520611569,https://img.a.transfermarkt.technology/portrait/medium/524010-1692963352.jpg?lm=1,1999-01-04,101,4
2780,Juan Arizala,3000000.0,20.0,Left Midfield,Colombia,https://tmssl.akamaized.net//images/flagge/verysmall/83.png?lm=1520611569,https://img.a.transfermarkt.technology/portrait/medium/1118347-1777961114.jpg?lm=1,2005-10-10,101,4
2781,Nicolò Zaniolo,13000000.0,10.0,Second Striker,Italy,https://tmssl.akamaized.net//images/flagge/verysmall/75.png?lm=1520611569,https://img.a.transfermarkt.technology/portrait/medium/392085-1713472570.jpg?lm=1,1999-07-02,101,4
2782,Keinan Davis,9000000.0,9.0,Centre-Forward,England,https://tmssl.akamaized.net//images/flagge/verysmall/189.png?lm=1520611569,https://img.a.transfermarkt.technology/portrait/medium/412660-1707127382.jpg?lm=1,1998-02-13,101,4
2783,Idrissa Gueye,4000000.0,7.0,Centre-Forward,Senegal,https://tmssl.akamaized.net//images/flagge/verysmall/149.png?lm=1520611569,https://img.a.transfermarkt.technology/portrait/medium/1178488-1741265032.jpg?lm=1,2006-09-16,101,4
2784,Adam Buksa,4000000.0,18.0,Centre-Forward,Poland,https://tmssl.akamaized.net//images/flagge/verysmall/135.png?lm=1520611569,https://img.a.transfermarkt.technology/portrait/medium/267160-1725875279.jpg?lm=1,1996-07-12,101,4
2785,Vakoun Bayo,3500000.0,15.0,Centre-Forward,Cote d'Ivoire,https://tmssl.akamaized.net//images/flagge/verysmall/38.png?lm=1520611569,https://img.a.transfermarkt.technology/portrait/medium/375877-1757604280.jpg?lm=1,1997-01-10,101,4
2786,Donovan Léon,900000.0,16.0,Goalkeeper,French Guiana,https://tmssl.akamaized.net//images/flagge/verysmall/252.png?lm=1520611569,https://img.a.transfermarkt.technology/portrait/medium/170911-1593969267.jpg?lm=1,1992-11-03,102,5
2787,Théo De Percin,300000.0,40.0,Goalkeeper,France,https://tmssl.akamaized.net//images/flagge/verysmall/50.png?lm=1520611569,https://img.a.transfermarkt.technology/portrait/medium/695422-1672329898.jpg?lm=1,2001-02-02,102,5
2788,Tom Negrel,50000.0,30.0,Goalkeeper,France,https://tmssl.akamaized.net//images/flagge/verysmall/50.png?lm=1520611569,https://img.a.transfermarkt.technology/portrait/medium/866916-1711305451.jpg?lm=1,2003-04-13,102,5
2789,Louis Mezerette,50000.0,37.0,Goalkeeper,France,https://tmssl.akamaized.net//images/flagge/verysmall/50.png?lm=1520611569,https://img.a.transfermarkt.technology/portrait/medium/default.jpg?lm=1,2006-08-30,102,5
2790,Clément Akpa,9000000.0,92.0,Centre-Back,Cote d'Ivoire,https://tmssl.akamaized.net//images/flagge/verysmall/38.png?lm=1520611569,https://img.a.transfermarkt.technology/portrait/medium/806793-1709202392.jpg?lm=1,2001-11-24,102,5
2791,Sinaly Diomandé,5000000.0,20.0,Centre-Back,Cote d'Ivoire,https://tmssl.akamaized.net//images/flagge/verysmall/38.png?lm=1520611569,https://img.a.transfermarkt.technology/portrait/medium/702441-1672831343.jpg?lm=1,2001-04-09,102,5
2792,Bryan Okoh,2500000.0,24.0,Centre-Back,Switzerland,https://tmssl.akamaized.net//images/flagge/verysmall/148.png?lm=1520611569,https://img.a.transfermarkt.technology/portrait/medium/539795-1722523891.png?lm=1,2003-05-16,102,5
2793,Francisco Sierralta,1500000.0,4.0,Centre-Back,Chile,https://tmssl.akamaized.net//images/flagge/verysmall/33.png?lm=1520611569,https://img.a.transfermarkt.technology/portrait/medium/371436-1724773614.jpg?lm=1,1997-05-06,102,5
2794,Telli Siwe,1000000.0,13.0,Centre-Back,France,https://tmssl.akamaized.net//images/flagge/verysmall/50.png?lm=1520611569,https://img.a.transfermarkt.technology/portrait/medium/1091353-1758200091.jpg?lm=1,2004-12-14,102,5
2795,Elikya Legros,50000.0,35.0,Centre-Back,France,https://tmssl.akamaized.net//images/flagge/verysmall/50.png?lm=1520611569,https://img.a.transfermarkt.technology/portrait/medium/1291928-1758200427.jpg?lm=1,2008-06-06,102,5
2796,Alvin Petit Dol,50000.0,38.0,Centre-Back,France,https://tmssl.akamaized.net//images/flagge/verysmall/50.png?lm=1520611569,https://img.a.transfermarkt.technology/portrait/medium/default.jpg?lm=1,2006-11-07,102,5
2797,Gideon Mensah,3500000.0,14.0,Left-Back,Ghana,https://tmssl.akamaized.net//images/flagge/verysmall/54.png?lm=1520611569,https://img.a.transfermarkt.technology/portrait/medium/397171-1565700436.jpg?lm=1,1998-07-18,102,5
2798,Fredrik Oppegård,800000.0,22.0,Left-Back,Norway,https://tmssl.akamaized.net//images/flagge/verysmall/125.png?lm=1520611569,https://img.a.transfermarkt.technology/portrait/medium/539665-1621853412.jpg?lm=1,2002-08-07,102,5
2799,Marvin Senaya,3000000.0,29.0,Right-Back,Ghana,https://tmssl.akamaized.net//images/flagge/verysmall/54.png?lm=1520611569,https://img.a.transfermarkt.technology/portrait/medium/830890-1732575526.png?lm=1,2001-01-28,102,5
2800,Lamine Sy,2500000.0,27.0,Right-Back,France,https://tmssl.akamaized.net//images/flagge/verysmall/50.png?lm=1520611569,https://img.a.transfermarkt.technology/portrait/medium/796865-1700668998.png?lm=1,2002-08-10,102,5
2801,Elisha Owusu,3500000.0,42.0,Defensive Midfield,Ghana,https://tmssl.akamaized.net//images/flagge/verysmall/54.png?lm=1520611569,https://img.a.transfermarkt.technology/portrait/medium/395695-1626767315.jpg?lm=1,1997-11-07,102,5
2802,Oussama El Azzouzi,1800000.0,17.0,Defensive Midfield,Morocco,https://tmssl.akamaized.net//images/flagge/verysmall/107.png?lm=1520611569,https://img.a.transfermarkt.technology/portrait/medium/531065-1707127581.jpg?lm=1,2001-05-29,102,5
2803,Assane Dioussé,600000.0,18.0,Defensive Midfield,Senegal,https://tmssl.akamaized.net//images/flagge/verysmall/149.png?lm=1520611569,https://img.a.transfermarkt.technology/portrait/medium/287635-1657714916.jpg?lm=1,1997-09-20,102,5
2804,Nathan Buayi-Kiala,100000.0,,Defensive Midfield,France,https://tmssl.akamaized.net//images/flagge/verysmall/50.png?lm=1520611569,https://img.a.transfermarkt.technology/portrait/medium/743523-1660116014.jpg?lm=1,2004-02-29,102,5
2805,Kévin Danois,12000000.0,5.0,Central Midfield,France,https://tmssl.akamaized.net//images/flagge/verysmall/50.png?lm=1520611569,https://img.a.transfermarkt.technology/portrait/medium/743496-1672330479.jpg?lm=1,2004-06-28,102,5
2806,Naouirou Ahamada,3500000.0,8.0,Central Midfield,France,https://tmssl.akamaized.net//images/flagge/verysmall/50.png?lm=1520611569,https://img.a.transfermarkt.technology/portrait/medium/538971-1657181756.jpg?lm=1,2002-03-29,102,5
2807,Tidiane Devernois,300000.0,36.0,Central Midfield,France,https://tmssl.akamaized.net//images/flagge/verysmall/50.png?lm=1520611569,https://img.a.transfermarkt.technology/portrait/medium/default.jpg?lm=1,2007-10-18,102,5
2808,Romain Faivre,5000000.0,28.0,Attacking Midfield,France,https://tmssl.akamaized.net//images/flagge/verysmall/50.png?lm=1520611569,https://img.a.transfermarkt.technology/portrait/medium/555076-1672831296.jpg?lm=1,1998-07-14,102,5
2809,Danny Namaso,5000000.0,19.0,Left Winger,Cameroon,https://tmssl.akamaized.net//images/flagge/verysmall/31.png?lm=1520611569,https://img.a.transfermarkt.technology/portrait/medium/392767-1669115274.png?lm=1,2000-08-28,102,5
2810,Josué Casimir,3500000.0,7.0,Right Winger,Haiti,https://tmssl.akamaized.net//images/flagge/verysmall/62.png?lm=1520611569,https://img.a.transfermarkt.technology/portrait/medium/763182-1661006947.jpg?lm=1,2001-09-24,102,5
2811,Lasso Coulibaly,900000.0,21.0,Right Winger,Cote d'Ivoire,https://tmssl.akamaized.net//images/flagge/verysmall/38.png?lm=1520611569,https://img.a.transfermarkt.technology/portrait/medium/658534-1715880766.jpg?lm=1,2002-10-19,102,5
2812,Lassine Sinayoko,8000000.0,10.0,Centre-Forward,Mali,https://tmssl.akamaized.net//images/flagge/verysmall/105.png?lm=1520611569,https://img.a.transfermarkt.technology/portrait/medium/569140-1635851830.jpg?lm=1,1999-12-08,102,5
2813,Sékou Mara,4000000.0,9.0,Centre-Forward,France,https://tmssl.akamaized.net//images/flagge/verysmall/50.png?lm=1520611569,https://img.a.transfermarkt.technology/portrait/medium/557612-1731603567.png?lm=1,2002-07-30,102,5
2814,Ryan Rodin,300000.0,31.0,Centre-Forward,France,https://tmssl.akamaized.net//images/flagge/verysmall/50.png?lm=1520611569,https://img.a.transfermarkt.technology/portrait/medium/default.jpg?lm=1,2006-03-02,102,5
2815,Philipp Köhn,4000000.0,16.0,Goalkeeper,Switzerland,https://tmssl.akamaized.net//images/flagge/verysmall/148.png?lm=1520611569,https://img.a.transfermarkt.technology/portrait/medium/251322-1661531623.png?lm=1,1998-04-02,103,5
2816,Lukas Hradecky,1800000.0,1.0,Goalkeeper,Finland,https://tmssl.akamaized.net//images/flagge/verysmall/49.png?lm=1520611569,https://img.a.transfermarkt.technology/portrait/medium/48015-1695367833.jpg?lm=1,1989-11-24,103,5
2817,Jules Stawiecki,150000.0,40.0,Goalkeeper,France,https://tmssl.akamaized.net//images/flagge/verysmall/50.png?lm=1520611569,https://img.a.transfermarkt.technology/portrait/medium/1075582-1706741589.jpg?lm=1,2007-04-10,103,5
2818,Yann Lienard,100000.0,50.0,Goalkeeper,France,https://tmssl.akamaized.net//images/flagge/verysmall/50.png?lm=1520611569,https://img.a.transfermarkt.technology/portrait/medium/745341-1663767128.jpg?lm=1,2003-03-16,103,5
2819,Thilo Kehrer,15000000.0,5.0,Centre-Back,Germany,https://tmssl.akamaized.net//images/flagge/verysmall/40.png?lm=1520612525,https://img.a.transfermarkt.technology/portrait/medium/228948-1737490227.jpg?lm=1,1996-09-21,103,5
2820,Christian Mawissa,15000000.0,13.0,Centre-Back,France,https://tmssl.akamaized.net//images/flagge/verysmall/50.png?lm=1520611569,https://img.a.transfermarkt.technology/portrait/medium/1005240-1708555606.jpg?lm=1,2005-04-18,103,5
2821,Mohammed Salisu,10000000.0,22.0,Centre-Back,Ghana,https://tmssl.akamaized.net//images/flagge/verysmall/54.png?lm=1520611569,https://img.a.transfermarkt.technology/portrait/medium/563963-1668428508.jpg?lm=1,1999-04-17,103,5
2822,Wout Faes,10000000.0,25.0,Centre-Back,Belgium,https://tmssl.akamaized.net//images/flagge/verysmall/19.png?lm=1520611569,https://img.a.transfermarkt.technology/portrait/medium/292808-1668080038.jpg?lm=1,1998-04-03,103,5
2823,Eric Dier,5000000.0,3.0,Centre-Back,England,https://tmssl.akamaized.net//images/flagge/verysmall/189.png?lm=1520611569,https://img.a.transfermarkt.technology/portrait/medium/175722-1665608595.jpg?lm=1,1994-01-15,103,5
2824,Caio Henrique,15000000.0,12.0,Left-Back,Brazil,https://tmssl.akamaized.net//images/flagge/verysmall/26.png?lm=1520611569,https://img.a.transfermarkt.technology/portrait/medium/420064-1614091193.jpg?lm=1,1997-07-31,103,5
2825,Kassoum Ouattara,12000000.0,20.0,Left-Back,France,https://tmssl.akamaized.net//images/flagge/verysmall/50.png?lm=1520611569,https://img.a.transfermarkt.technology/portrait/medium/947360-1726834011.jpg?lm=1,2004-10-14,103,5
2826,Vanderson,20000000.0,2.0,Right-Back,Brazil,https://tmssl.akamaized.net//images/flagge/verysmall/26.png?lm=1520611569,https://img.a.transfermarkt.technology/portrait/medium/789082-1655282894.jpg?lm=1,2001-06-21,103,5
2827,Jordan Teze,15000000.0,4.0,Right-Back,Netherlands,https://tmssl.akamaized.net//images/flagge/verysmall/122.png?lm=1520611569,https://img.a.transfermarkt.technology/portrait/medium/364245-1707214531.jpg?lm=1,1999-09-30,103,5
2828,Denis Zakaria,25000000.0,6.0,Defensive Midfield,Switzerland,https://tmssl.akamaized.net//images/flagge/verysmall/148.png?lm=1520611569,https://img.a.transfermarkt.technology/portrait/medium/334526-1667990520.jpg?lm=1,1996-11-20,103,5
2829,Aladji Bamba,10000000.0,23.0,Defensive Midfield,France,https://tmssl.akamaized.net//images/flagge/verysmall/50.png?lm=1520611569,https://img.a.transfermarkt.technology/portrait/medium/975347-1764186059.jpg?lm=1,2006-07-14,103,5
2830,Lamine Camara,35000000.0,15.0,Central Midfield,Senegal,https://tmssl.akamaized.net//images/flagge/verysmall/149.png?lm=1520611569,https://img.a.transfermarkt.technology/portrait/medium/918969-1726834088.jpg?lm=1,2004-01-01,103,5
2831,Mamadou Coulibaly,15000000.0,28.0,Central Midfield,France,https://tmssl.akamaized.net//images/flagge/verysmall/50.png?lm=1520611569,https://img.a.transfermarkt.technology/portrait/medium/745173-1693947752.png?lm=1,2004-04-21,103,5
2832,Paul Pogba,3000000.0,8.0,Central Midfield,France,https://tmssl.akamaized.net//images/flagge/verysmall/50.png?lm=1520611569,https://img.a.transfermarkt.technology/portrait/medium/122153-1764059298.jpg?lm=1,1993-03-15,103,5
2833,Krépin Diatta,6000000.0,27.0,Right Midfield,Senegal,https://tmssl.akamaized.net//images/flagge/verysmall/149.png?lm=1520611569,https://img.a.transfermarkt.technology/portrait/medium/490426-1668163198.jpg?lm=1,1999-02-25,103,5
2834,Aleksandr Golovin,18000000.0,10.0,Attacking Midfield,Russia,https://tmssl.akamaized.net//images/flagge/verysmall/141.png?lm=1520611569,https://img.a.transfermarkt.technology/portrait/medium/263918-1614091807.jpg?lm=1,1996-05-30,103,5
2835,Stanis Idumbo,5000000.0,17.0,Attacking Midfield,Belgium,https://tmssl.akamaized.net//images/flagge/verysmall/19.png?lm=1520611569,https://img.a.transfermarkt.technology/portrait/medium/743387-1652692759.jpg?lm=1,2005-06-29,103,5
2836,Simon Adingra,25000000.0,24.0,Left Winger,Cote d'Ivoire,https://tmssl.akamaized.net//images/flagge/verysmall/38.png?lm=1520611569,https://img.a.transfermarkt.technology/portrait/medium/658536-1746437487.jpg?lm=1,2002-01-01,103,5
2837,Ansu Fati,15000000.0,31.0,Left Winger,Spain,https://tmssl.akamaized.net//images/flagge/verysmall/157.png?lm=1520611569,https://img.a.transfermarkt.technology/portrait/medium/466810-1721828228.jpg?lm=1,2002-10-31,103,5
2838,Takumi Minamino,12000000.0,18.0,Left Winger,Japan,https://tmssl.akamaized.net//images/flagge/verysmall/77.png?lm=1520611569,https://img.a.transfermarkt.technology/portrait/medium/165793-1737490576.jpg?lm=1,1995-01-16,103,5
2839,Maghnes Akliouche,50000000.0,11.0,Right Winger,France,https://tmssl.akamaized.net//images/flagge/verysmall/50.png?lm=1520611569,https://img.a.transfermarkt.technology/portrait/medium/745200-1717406573.jpg?lm=1,2002-02-25,103,5
2840,Folarin Balogun,30000000.0,9.0,Centre-Forward,United States,https://tmssl.akamaized.net//images/flagge/verysmall/184.png?lm=1520611569,https://img.a.transfermarkt.technology/portrait/medium/503770-1672838317.jpg?lm=1,2001-07-03,103,5
2841,Mika Biereth,18000000.0,14.0,Centre-Forward,Denmark,https://tmssl.akamaized.net//images/flagge/verysmall/39.png?lm=1520611569,https://img.a.transfermarkt.technology/portrait/medium/565821-1736777758.jpg?lm=1,2003-02-08,103,5
2842,Paris Brunner,1500000.0,29.0,Centre-Forward,Germany,https://tmssl.akamaized.net//images/flagge/verysmall/40.png?lm=1520612525,https://img.a.transfermarkt.technology/portrait/medium/918414-1759780037.jpg?lm=1,2006-02-15,103,5
2843,Hervé Koffi,5000000.0,12.0,Goalkeeper,Burkina Faso,https://tmssl.akamaized.net//images/flagge/verysmall/29.png?lm=1520611569,https://img.a.transfermarkt.technology/portrait/medium/415383-1672499883.jpg?lm=1,1996-10-16,104,5
2844,Melvin Zinga,300000.0,16.0,Goalkeeper,France,https://tmssl.akamaized.net//images/flagge/verysmall/50.png?lm=1520611569,https://img.a.transfermarkt.technology/portrait/medium/548347-1750955335.png?lm=1,2002-03-16,104,5
2845,Oumar Pona,100000.0,40.0,Goalkeeper,Mali,https://tmssl.akamaized.net//images/flagge/verysmall/105.png?lm=1520611569,https://img.a.transfermarkt.technology/portrait/medium/1073176-1750955375.png?lm=1,2006-06-21,104,5
2846,Ousmane Camara,8000000.0,4.0,Centre-Back,Mali,https://tmssl.akamaized.net//images/flagge/verysmall/105.png?lm=1520611569,https://img.a.transfermarkt.technology/portrait/medium/804711-1672669470.jpg?lm=1,2003-03-06,104,5
2847,Emmanuel Biumla,3000000.0,24.0,Centre-Back,France,https://tmssl.akamaized.net//images/flagge/verysmall/50.png?lm=1520611569,https://img.a.transfermarkt.technology/portrait/medium/1071956-1750955479.png?lm=1,2005-05-08,104,5
2848,Jordan Lefort,1200000.0,21.0,Centre-Back,Mauritania,https://tmssl.akamaized.net//images/flagge/verysmall/108.png?lm=1520611569,https://img.a.transfermarkt.technology/portrait/medium/192492-1750956054.png?lm=1,1993-08-09,104,5
2849,Abdoulaye Bamba,250000.0,25.0,Centre-Back,Cote d'Ivoire,https://tmssl.akamaized.net//images/flagge/verysmall/38.png?lm=1520611569,https://img.a.transfermarkt.technology/portrait/medium/62351-1750955806.png?lm=1,1990-04-25,104,5
2850,Jacques Ekomié,7000000.0,3.0,Left-Back,Gabon,https://tmssl.akamaized.net//images/flagge/verysmall/51.png?lm=1520611569,https://img.a.transfermarkt.technology/portrait/medium/970279-1750955900.png?lm=1,2003-08-19,104,5
2851,Florent Hanin,250000.0,26.0,Left-Back,France,https://tmssl.akamaized.net//images/flagge/verysmall/50.png?lm=1520611569,https://img.a.transfermarkt.technology/portrait/medium/111811-1750955915.png?lm=1,1990-02-04,104,5
2852,Dan Sinaté,100000.0,23.0,Left-Back,Mali,https://tmssl.akamaized.net//images/flagge/verysmall/105.png?lm=1520611569,https://img.a.transfermarkt.technology/portrait/medium/955354-1758708129.png?lm=1,2006-06-09,104,5
2853,Lilian Raolisoa,3500000.0,27.0,Right-Back,France,https://tmssl.akamaized.net//images/flagge/verysmall/50.png?lm=1520611569,https://img.a.transfermarkt.technology/portrait/medium/829874-1750955865.png?lm=1,2000-06-16,104,5
2854,Carlens Arcus,1800000.0,2.0,Right-Back,Haiti,https://tmssl.akamaized.net//images/flagge/verysmall/62.png?lm=1520611569,https://img.a.transfermarkt.technology/portrait/medium/371686-1750955924.png?lm=1,1996-06-28,104,5
2855,Marius Louër,800000.0,20.0,Right-Back,France,https://tmssl.akamaized.net//images/flagge/verysmall/50.png?lm=1520611569,https://img.a.transfermarkt.technology/portrait/medium/default.jpg?lm=1,2007-03-11,104,5
2856,Marius Courcoul,2500000.0,5.0,Defensive Midfield,France,https://tmssl.akamaized.net//images/flagge/verysmall/50.png?lm=1520611569,https://img.a.transfermarkt.technology/portrait/medium/1075575-1750956409.png?lm=1,2007-01-01,104,5
2857,Yassin Belkhdim,7000000.0,14.0,Central Midfield,Morocco,https://tmssl.akamaized.net//images/flagge/verysmall/107.png?lm=1520611569,https://img.a.transfermarkt.technology/portrait/medium/807688-1750956388.png?lm=1,2002-02-14,104,5
2858,Branco van den Boomen,2500000.0,8.0,Central Midfield,Netherlands,https://tmssl.akamaized.net//images/flagge/verysmall/122.png?lm=1520611569,https://img.a.transfermarkt.technology/portrait/medium/203938-1682946572.jpg?lm=1,1995-07-21,104,5
2859,Haris Belkebla,2000000.0,93.0,Central Midfield,Algeria,https://tmssl.akamaized.net//images/flagge/verysmall/4.png?lm=1520611569,https://img.a.transfermarkt.technology/portrait/medium/138055-1750956421.png?lm=1,1994-01-28,104,5
2860,Pierrick Capelle,200000.0,15.0,Central Midfield,France,https://tmssl.akamaized.net//images/flagge/verysmall/50.png?lm=1520611569,https://img.a.transfermarkt.technology/portrait/medium/214532-1750956399.png?lm=1,1987-04-15,104,5
2861,Louis Mouton,4500000.0,6.0,Attacking Midfield,France,https://tmssl.akamaized.net//images/flagge/verysmall/50.png?lm=1520611569,https://img.a.transfermarkt.technology/portrait/medium/904662-1727722197.jpg?lm=1,2002-06-03,104,5
2862,Amine Sbaï,2500000.0,7.0,Left Winger,Morocco,https://tmssl.akamaized.net//images/flagge/verysmall/107.png?lm=1520611569,https://img.a.transfermarkt.technology/portrait/medium/851220-1759940291.jpg?lm=1,2000-11-05,104,5
2863,Harouna Djibirin,1500000.0,31.0,Right Winger,Cameroon,https://tmssl.akamaized.net//images/flagge/verysmall/31.png?lm=1520611569,https://img.a.transfermarkt.technology/portrait/medium/1133929-1770737612.jpg?lm=1,2006-11-05,104,5
2864,Prosper Peter,15000000.0,35.0,Centre-Forward,France,https://tmssl.akamaized.net//images/flagge/verysmall/50.png?lm=1520611569,https://img.a.transfermarkt.technology/portrait/medium/1103958-1758210995.jpg?lm=1,2007-08-09,104,5
2865,Goduine Koyalipou,2500000.0,9.0,Centre-Forward,Central African Republic,https://tmssl.akamaized.net//images/flagge/verysmall/138.png?lm=1520611569,https://img.a.transfermarkt.technology/portrait/medium/525140-1714738152.png?lm=1,2000-02-15,104,5
2866,Lanroy Machine,1200000.0,36.0,Centre-Forward,France,https://tmssl.akamaized.net//images/flagge/verysmall/50.png?lm=1520611569,https://img.a.transfermarkt.technology/portrait/medium/1096744-1762884735.jpg?lm=1,2005-10-13,104,5
2867,Yvon Mvogo,3000000.0,38.0,Goalkeeper,Switzerland,https://tmssl.akamaized.net//images/flagge/verysmall/148.png?lm=1520611569,https://img.a.transfermarkt.technology/portrait/medium/147051-1719215379.jpg?lm=1,1994-06-06,105,5
2868,Bingourou Kamara,700000.0,21.0,Goalkeeper,Senegal,https://tmssl.akamaized.net//images/flagge/verysmall/149.png?lm=1520611569,https://img.a.transfermarkt.technology/portrait/medium/333175-1525697908.jpg?lm=1,1996-10-21,105,5
2869,Benjamin Leroy,100000.0,1.0,Goalkeeper,France,https://tmssl.akamaized.net//images/flagge/verysmall/50.png?lm=1520611569,https://img.a.transfermarkt.technology/portrait/medium/124901-1525692013.jpg?lm=1,1989-04-07,105,5
2870,Montassar Talbi,7000000.0,3.0,Centre-Back,Tunisia,https://tmssl.akamaized.net//images/flagge/verysmall/173.png?lm=1520611569,https://img.a.transfermarkt.technology/portrait/medium/496706-1628493934.png?lm=1,1998-05-26,105,5
2871,Bamo Meïté,7000000.0,5.0,Centre-Back,Cote d'Ivoire,https://tmssl.akamaized.net//images/flagge/verysmall/38.png?lm=1520611569,https://img.a.transfermarkt.technology/portrait/medium/807165-1724754649.jpg?lm=1,2001-12-03,105,5
2872,Abdoulaye Faye,3000000.0,25.0,Centre-Back,Senegal,https://tmssl.akamaized.net//images/flagge/verysmall/149.png?lm=1520611569,https://img.a.transfermarkt.technology/portrait/medium/1182738-1695367426.jpg?lm=1,2004-09-22,105,5
2873,Isaak Touré,1500000.0,95.0,Centre-Back,France,https://tmssl.akamaized.net//images/flagge/verysmall/50.png?lm=1520611569,https://img.a.transfermarkt.technology/portrait/medium/708678-1645641626.jpg?lm=1,2003-03-28,105,5
2874,Nathaniel Adjei,1200000.0,32.0,Centre-Back,Ghana,https://tmssl.akamaized.net//images/flagge/verysmall/54.png?lm=1520611569,https://img.a.transfermarkt.technology/portrait/medium/646829-1706408527.jpg?lm=1,2002-08-21,105,5
2875,Arsène Kouassi,10000000.0,43.0,Left-Back,Burkina Faso,https://tmssl.akamaized.net//images/flagge/verysmall/29.png?lm=1520611569,https://img.a.transfermarkt.technology/portrait/medium/1088199-1741881661.jpg?lm=1,2004-01-02,105,5
2876,Darlin Yongwa,6000000.0,44.0,Left-Back,Cameroon,https://tmssl.akamaized.net//images/flagge/verysmall/31.png?lm=1520611569,https://img.a.transfermarkt.technology/portrait/medium/717118-1704299779.jpg?lm=1,2000-09-22,105,5
2877,Igor Silva,1500000.0,2.0,Right-Back,Brazil,https://tmssl.akamaized.net//images/flagge/verysmall/26.png?lm=1520611569,https://img.a.transfermarkt.technology/portrait/medium/391720-1600971302.jpg?lm=1,1996-08-21,105,5
2878,Laurent Abergel,2000000.0,6.0,Defensive Midfield,France,https://tmssl.akamaized.net//images/flagge/verysmall/50.png?lm=1520611569,https://img.a.transfermarkt.technology/portrait/medium/238626-1704576934.jpg?lm=1,1993-02-01,105,5
2879,Arthur Avom,15000000.0,62.0,Central Midfield,Cameroon,https://tmssl.akamaized.net//images/flagge/verysmall/31.png?lm=1520611569,https://img.a.transfermarkt.technology/portrait/medium/1074628-1733314520.jpg?lm=1,2004-12-15,105,5
2880,Noah Cadiou,2500000.0,8.0,Central Midfield,Guadeloupe,https://tmssl.akamaized.net//images/flagge/verysmall/251.png?lm=1520611569,https://img.a.transfermarkt.technology/portrait/medium/691958-1669326988.jpg?lm=1,1998-10-26,105,5
2881,Théo Le Bris,4500000.0,11.0,Right Midfield,France,https://tmssl.akamaized.net//images/flagge/verysmall/50.png?lm=1520611569,https://img.a.transfermarkt.technology/portrait/medium/766412-1747252694.png?lm=1,2002-10-01,105,5
2882,Panos Katseris,2000000.0,77.0,Right Midfield,Greece,https://tmssl.akamaized.net//images/flagge/verysmall/56.png?lm=1520611569,https://img.a.transfermarkt.technology/portrait/medium/816308-1606484515.jpg?lm=1,2001-07-05,105,5
2883,Jean-Victor Makengo,6000000.0,17.0,Attacking Midfield,France,https://tmssl.akamaized.net//images/flagge/verysmall/50.png?lm=1520611569,https://img.a.transfermarkt.technology/portrait/medium/322305-1663664657.jpg?lm=1,1998-06-12,105,5
2884,Dermane Karim,3000000.0,29.0,Attacking Midfield,Togo,https://tmssl.akamaized.net//images/flagge/verysmall/168.png?lm=1520611569,https://img.a.transfermarkt.technology/portrait/medium/969447-1713870015.png?lm=1,2003-12-26,105,5
2885,Bandiougou Fadiga,250000.0,7.0,Attacking Midfield,France,https://tmssl.akamaized.net//images/flagge/verysmall/50.png?lm=1520611569,https://img.a.transfermarkt.technology/portrait/medium/590914-1601559582.jpg?lm=1,2001-01-15,105,5
2886,Pablo Pagis,10000000.0,10.0,Left Winger,France,https://tmssl.akamaized.net//images/flagge/verysmall/50.png?lm=1520611569,https://img.a.transfermarkt.technology/portrait/medium/810411-1678723431.jpg?lm=1,2002-12-29,105,5
2887,Trevan Sanusi,500000.0,14.0,Left Winger,England,https://tmssl.akamaized.net//images/flagge/verysmall/189.png?lm=1520611569,https://img.a.transfermarkt.technology/portrait/medium/1011152-1746640468.jpg?lm=1,2007-04-25,105,5
2888,Bamba Dieng,6000000.0,12.0,Centre-Forward,Senegal,https://tmssl.akamaized.net//images/flagge/verysmall/149.png?lm=1520611569,https://img.a.transfermarkt.technology/portrait/medium/822458-1750956902.png?lm=1,2000-03-23,105,5
2889,Sambou Soumano,4000000.0,28.0,Centre-Forward,Senegal,https://tmssl.akamaized.net//images/flagge/verysmall/149.png?lm=1520611569,https://img.a.transfermarkt.technology/portrait/medium/704270-1645697334.jpg?lm=1,2001-01-03,105,5
2890,Mohamed Bamba,2500000.0,9.0,Centre-Forward,Cote d'Ivoire,https://tmssl.akamaized.net//images/flagge/verysmall/38.png?lm=1520611569,https://img.a.transfermarkt.technology/portrait/medium/619461-1706309019.jpg?lm=1,2001-12-10,105,5
2891,Aiyegun Tosin,2000000.0,15.0,Centre-Forward,Benin,https://tmssl.akamaized.net//images/flagge/verysmall/21.png?lm=1520611569,https://img.a.transfermarkt.technology/portrait/medium/239647-1647955304.jpg?lm=1,1998-06-26,105,5
2892,Jonathan Fischer,3000000.0,1.0,Goalkeeper,Denmark,https://tmssl.akamaized.net//images/flagge/verysmall/39.png?lm=1520611569,https://img.a.transfermarkt.technology/portrait/medium/542452-1711581097.jpg?lm=1,2001-11-09,106,5
2893,Pape Sy,300000.0,61.0,Goalkeeper,Senegal,https://tmssl.akamaized.net//images/flagge/verysmall/149.png?lm=1520611569,https://img.a.transfermarkt.technology/portrait/medium/568728-1676124787.jpg?lm=1,1997-05-02,106,5
2894,Ousmane Ba,100000.0,40.0,Goalkeeper,Senegal,https://tmssl.akamaized.net//images/flagge/verysmall/149.png?lm=1520611569,https://img.a.transfermarkt.technology/portrait/medium/666975-1692804839.png?lm=1,2002-06-06,106,5
2895,Sadibou Sané,4000000.0,38.0,Centre-Back,Senegal,https://tmssl.akamaized.net//images/flagge/verysmall/149.png?lm=1520611569,https://img.a.transfermarkt.technology/portrait/medium/1111777-1697462116.png?lm=1,2004-06-10,106,5
2896,Terry Yegbe,3000000.0,15.0,Centre-Back,Ghana,https://tmssl.akamaized.net//images/flagge/verysmall/54.png?lm=1520611569,https://img.a.transfermarkt.technology/portrait/medium/991054-1723719474.jpg?lm=1,2001-01-25,106,5
2897,Jean-Philippe Gbamin,2000000.0,5.0,Centre-Back,Cote d'Ivoire,https://tmssl.akamaized.net//images/flagge/verysmall/38.png?lm=1520611569,https://img.a.transfermarkt.technology/portrait/medium/182894-1705317996.png?lm=1,1995-09-25,106,5
2898,Michel Mboula,1000000.0,4.0,Centre-Back,Gabon,https://tmssl.akamaized.net//images/flagge/verysmall/51.png?lm=1520611569,https://img.a.transfermarkt.technology/portrait/medium/1038308-1691065668.png?lm=1,2003-04-30,106,5
2899,Fodé Ballo-Touré,1000000.0,97.0,Left-Back,Senegal,https://tmssl.akamaized.net//images/flagge/verysmall/149.png?lm=1520611569,https://img.a.transfermarkt.technology/portrait/medium/296422-1614110347.jpg?lm=1,1997-01-03,106,5
2900,Yannis Lawson,250000.0,27.0,Left-Back,Togo,https://tmssl.akamaized.net//images/flagge/verysmall/168.png?lm=1520611569,https://img.a.transfermarkt.technology/portrait/medium/1041555-1751554314.jpg?lm=1,2004-11-22,106,5
2901,Koffi Kouao,2500000.0,39.0,Right-Back,Cote d'Ivoire,https://tmssl.akamaized.net//images/flagge/verysmall/38.png?lm=1520611569,https://img.a.transfermarkt.technology/portrait/medium/481513-1697464162.png?lm=1,1998-05-20,106,5
2902,Bouna Sarr,400000.0,70.0,Right-Back,Senegal,https://tmssl.akamaized.net//images/flagge/verysmall/149.png?lm=1520611569,https://img.a.transfermarkt.technology/portrait/medium/190685-1667830340.jpg?lm=1,1992-01-31,106,5
2903,Maxime Colin,300000.0,2.0,Right-Back,France,https://tmssl.akamaized.net//images/flagge/verysmall/50.png?lm=1520611569,https://img.a.transfermarkt.technology/portrait/medium/156618-1697464153.png?lm=1,1991-11-15,106,5
2904,Cléo Mélières,200000.0,25.0,Right-Back,France,https://tmssl.akamaized.net//images/flagge/verysmall/50.png?lm=1520611569,https://img.a.transfermarkt.technology/portrait/medium/default.jpg?lm=1,2005-04-13,106,5
2905,Boubacar Traoré,5000000.0,8.0,Defensive Midfield,Mali,https://tmssl.akamaized.net//images/flagge/verysmall/105.png?lm=1520611569,https://img.a.transfermarkt.technology/portrait/medium/649020-1693477837.jpg?lm=1,2001-08-20,106,5
2906,Alpha Touré,5000000.0,12.0,Defensive Midfield,Senegal,https://tmssl.akamaized.net//images/flagge/verysmall/149.png?lm=1520611569,https://img.a.transfermarkt.technology/portrait/medium/1178489-1751887179.jpg?lm=1,2006-01-25,106,5
2907,Benjamin Stambouli,300000.0,21.0,Defensive Midfield,France,https://tmssl.akamaized.net//images/flagge/verysmall/50.png?lm=1520611569,https://img.a.transfermarkt.technology/portrait/medium/127160-1725991627.jpg?lm=1,1990-08-13,106,5
2908,Believe Munongo,10000000.0,33.0,Central Midfield,France,https://tmssl.akamaized.net//images/flagge/verysmall/50.png?lm=1520611569,https://img.a.transfermarkt.technology/portrait/medium/1297673-1761139330.jpg?lm=1,2009-11-23,106,5
2909,Jessy Deminguet,2500000.0,20.0,Central Midfield,France,https://tmssl.akamaized.net//images/flagge/verysmall/50.png?lm=1520611569,https://img.a.transfermarkt.technology/portrait/medium/539232-1540373365.jpg?lm=1,1998-01-07,106,5
2910,Ismaël Guerti,300000.0,29.0,Attacking Midfield,Morocco,https://tmssl.akamaized.net//images/flagge/verysmall/107.png?lm=1520611569,https://img.a.transfermarkt.technology/portrait/medium/860053-1769702040.jpg?lm=1,2004-07-30,106,5
2911,Lucas Michal,4000000.0,19.0,Left Winger,France,https://tmssl.akamaized.net//images/flagge/verysmall/50.png?lm=1520611569,https://img.a.transfermarkt.technology/portrait/medium/810909-1693948175.png?lm=1,2005-06-22,106,5
2912,Giorgi Tsitaishvili,2500000.0,7.0,Left Winger,Georgia,https://tmssl.akamaized.net//images/flagge/verysmall/53.png?lm=1520611569,https://img.a.transfermarkt.technology/portrait/medium/419067-1742510704.jpg?lm=1,2000-11-18,106,5
2913,Giorgi Abuashvili,1200000.0,9.0,Left Winger,Georgia,https://tmssl.akamaized.net//images/flagge/verysmall/53.png?lm=1520611569,https://img.a.transfermarkt.technology/portrait/medium/677057-1713418839.png?lm=1,2003-02-08,106,5
2914,Gauthier Hein,5000000.0,10.0,Right Winger,France,https://tmssl.akamaized.net//images/flagge/verysmall/50.png?lm=1520611569,https://img.a.transfermarkt.technology/portrait/medium/344892-1648068537.jpg?lm=1,1996-08-07,106,5
2915,Habib Diallo,5000000.0,30.0,Centre-Forward,Senegal,https://tmssl.akamaized.net//images/flagge/verysmall/149.png?lm=1520611569,https://img.a.transfermarkt.technology/portrait/medium/344888-1618500935.jpg?lm=1,1995-06-18,106,5
2916,Nathan Mbala,3000000.0,22.0,Centre-Forward,DR Congo,https://tmssl.akamaized.net//images/flagge/verysmall/193.png?lm=1520611569,https://img.a.transfermarkt.technology/portrait/medium/default.jpg?lm=1,2008-02-19,106,5
2917,Giorgi Kvilitaia,1000000.0,11.0,Centre-Forward,Georgia,https://tmssl.akamaized.net//images/flagge/verysmall/53.png?lm=1520611569,https://img.a.transfermarkt.technology/portrait/medium/186233-1762900163.png?lm=1,1993-10-01,106,5
2918,Joseph Mangondo,50000.0,17.0,Centre-Forward,France,https://tmssl.akamaized.net//images/flagge/verysmall/50.png?lm=1520611569,https://img.a.transfermarkt.technology/portrait/medium/default.jpg?lm=1,2005-08-06,106,5
2919,Anthony Lopes,1000000.0,1.0,Goalkeeper,Portugal,https://tmssl.akamaized.net//images/flagge/verysmall/136.png?lm=1520611569,https://img.a.transfermarkt.technology/portrait/medium/60561-1640775949.jpg?lm=1,1990-10-01,107,5
2920,Patrik Carlgren,500000.0,30.0,Goalkeeper,Sweden,https://tmssl.akamaized.net//images/flagge/verysmall/147.png?lm=1520611569,https://img.a.transfermarkt.technology/portrait/medium/190280-1726237403.jpg?lm=1,1992-01-08,107,5
2921,Alexis Mirbach,50000.0,50.0,Goalkeeper,France,https://tmssl.akamaized.net//images/flagge/verysmall/50.png?lm=1520611569,https://img.a.transfermarkt.technology/portrait/medium/928873-1725962656.jpg?lm=1,2005-03-04,107,5
2922,Tylel Tati,25000000.0,78.0,Centre-Back,France,https://tmssl.akamaized.net//images/flagge/verysmall/50.png?lm=1520611569,https://img.a.transfermarkt.technology/portrait/medium/1241207-1764146203.jpg?lm=1,2008-01-19,107,5
2923,Nicolas Cozza,3000000.0,3.0,Centre-Back,France,https://tmssl.akamaized.net//images/flagge/verysmall/50.png?lm=1520611569,https://img.a.transfermarkt.technology/portrait/medium/485965-1689865641.jpg?lm=1,1999-01-08,107,5
2924,Abakar Sylla,3000000.0,4.0,Centre-Back,Cote d'Ivoire,https://tmssl.akamaized.net//images/flagge/verysmall/38.png?lm=1520611569,https://img.a.transfermarkt.technology/portrait/medium/962555-1732575720.png?lm=1,2002-12-25,107,5
2925,Chidozie Awaziem,3000000.0,6.0,Centre-Back,Nigeria,https://tmssl.akamaized.net//images/flagge/verysmall/124.png?lm=1520611569,https://img.a.transfermarkt.technology/portrait/medium/358143-1740820125.jpg?lm=1,1997-01-01,107,5
2926,Ali Youssif,1500000.0,2.0,Centre-Back,Libya,https://tmssl.akamaized.net//images/flagge/verysmall/96.png?lm=1520611569,https://img.a.transfermarkt.technology/portrait/medium/944724-1757486115.png?lm=1,2001-07-09,107,5
2927,Uros Radakovic,500000.0,26.0,Centre-Back,Serbia,https://tmssl.akamaized.net//images/flagge/verysmall/215.png?lm=1520611569,https://img.a.transfermarkt.technology/portrait/medium/169511-1724074837.png?lm=1,1994-03-31,107,5
2928,Sékou Doucouré,150000.0,72.0,Centre-Back,Mali,https://tmssl.akamaized.net//images/flagge/verysmall/105.png?lm=1520611569,https://img.a.transfermarkt.technology/portrait/medium/825438-1753112262.jpg?lm=1,2005-04-26,107,5
2929,Deiver Machado,2000000.0,27.0,Left-Back,Colombia,https://tmssl.akamaized.net//images/flagge/verysmall/83.png?lm=1520611569,https://img.a.transfermarkt.technology/portrait/medium/332560-1704797088.jpg?lm=1,1993-09-02,107,5
2930,Kelvin Amian,2500000.0,98.0,Right-Back,France,https://tmssl.akamaized.net//images/flagge/verysmall/50.png?lm=1520611569,https://img.a.transfermarkt.technology/portrait/medium/344072-1638174640.jpg?lm=1,1998-02-08,107,5
2931,Fabien Centonze,1200000.0,18.0,Right-Back,France,https://tmssl.akamaized.net//images/flagge/verysmall/50.png?lm=1520611569,https://img.a.transfermarkt.technology/portrait/medium/384859-1703065658.jpg?lm=1,1996-01-16,107,5
2932,Frédéric Guilbert,800000.0,24.0,Right-Back,France,https://tmssl.akamaized.net//images/flagge/verysmall/50.png?lm=1520611569,https://img.a.transfermarkt.technology/portrait/medium/354352-1753434772.jpg?lm=1,1994-12-24,107,5
2933,Mathieu Acapandié,50000.0,22.0,Right-Back,Madagascar,https://tmssl.akamaized.net//images/flagge/verysmall/101.png?lm=1520611569,https://img.a.transfermarkt.technology/portrait/medium/944355-1713535329.jpg?lm=1,2004-12-14,107,5
2934,Johann Lepenant,7000000.0,8.0,Defensive Midfield,France,https://tmssl.akamaized.net//images/flagge/verysmall/50.png?lm=1520611569,https://img.a.transfermarkt.technology/portrait/medium/585973-1672830993.jpg?lm=1,2002-10-22,107,5
2935,Ibrahima Sissoko,2500000.0,28.0,Defensive Midfield,Mali,https://tmssl.akamaized.net//images/flagge/verysmall/105.png?lm=1520611569,https://img.a.transfermarkt.technology/portrait/medium/372712-1721851302.jpg?lm=1,1997-10-27,107,5
2936,Bahmed Deuff,1500000.0,52.0,Defensive Midfield,France,https://tmssl.akamaized.net//images/flagge/verysmall/50.png?lm=1520611569,https://img.a.transfermarkt.technology/portrait/medium/1176215-1762884807.jpg?lm=1,2006-03-10,107,5
2937,Francis Coquelin,800000.0,13.0,Defensive Midfield,France,https://tmssl.akamaized.net//images/flagge/verysmall/50.png?lm=1520611569,https://img.a.transfermarkt.technology/portrait/medium/74869-1515684724.jpg?lm=1,1991-05-13,107,5
2938,Dehmaine Tabibou,4000000.0,17.0,Central Midfield,France,https://tmssl.akamaized.net//images/flagge/verysmall/50.png?lm=1520611569,https://img.a.transfermarkt.technology/portrait/medium/1004619-1762884883.jpg?lm=1,2005-04-17,107,5
2939,Mohamed Kaba,2000000.0,21.0,Central Midfield,Guinea,https://tmssl.akamaized.net//images/flagge/verysmall/59.png?lm=1520611569,https://img.a.transfermarkt.technology/portrait/medium/911328-1695033138.jpg?lm=1,2001-10-27,107,5
2940,Louis Leroux,12000000.0,66.0,Attacking Midfield,France,https://tmssl.akamaized.net//images/flagge/verysmall/50.png?lm=1520611569,https://img.a.transfermarkt.technology/portrait/medium/1119456-1740392399.jpg?lm=1,2006-01-23,107,5
2941,Rémy Cabella,1500000.0,20.0,Attacking Midfield,France,https://tmssl.akamaized.net//images/flagge/verysmall/50.png?lm=1520611569,https://img.a.transfermarkt.technology/portrait/medium/113707-1757716597.png?lm=1,1990-03-08,107,5
2942,Herba Guirassy,8000000.0,11.0,Left Winger,France,https://tmssl.akamaized.net//images/flagge/verysmall/50.png?lm=1520611569,https://img.a.transfermarkt.technology/portrait/medium/1119453-1726236547.jpg?lm=1,2006-08-29,107,5
2943,Matthis Abline,20000000.0,10.0,Centre-Forward,France,https://tmssl.akamaized.net//images/flagge/verysmall/50.png?lm=1520611569,https://img.a.transfermarkt.technology/portrait/medium/659543-1704213657.jpg?lm=1,2003-03-28,107,5
2944,Mostafa Mohamed,4000000.0,31.0,Centre-Forward,Egypt,https://tmssl.akamaized.net//images/flagge/verysmall/2.png?lm=1520611569,https://img.a.transfermarkt.technology/portrait/medium/462348-1703065403.jpg?lm=1,1997-11-28,107,5
2945,Ignatius Ganago,2000000.0,37.0,Centre-Forward,Cameroon,https://tmssl.akamaized.net//images/flagge/verysmall/31.png?lm=1520611569,https://img.a.transfermarkt.technology/portrait/medium/531949-1740678544.jpg?lm=1,1999-02-16,107,5
2946,Amady Camara,1200000.0,14.0,Centre-Forward,Mali,https://tmssl.akamaized.net//images/flagge/verysmall/105.png?lm=1520611569,https://img.a.transfermarkt.technology/portrait/medium/1155608-1736777910.jpg?lm=1,2005-05-28,107,5
2947,Youssef El Arabi,150000.0,19.0,Centre-Forward,Morocco,https://tmssl.akamaized.net//images/flagge/verysmall/107.png?lm=1520611569,https://img.a.transfermarkt.technology/portrait/medium/96533-1447230875.jpg?lm=1,1987-02-03,107,5
2948,Guillaume Restes,18000000.0,1.0,Goalkeeper,France,https://tmssl.akamaized.net//images/flagge/verysmall/50.png?lm=1520611569,https://img.a.transfermarkt.technology/portrait/medium/912902-1676656145.jpg?lm=1,2005-03-11,108,5
2949,Kjetil Haug,500000.0,16.0,Goalkeeper,Norway,https://tmssl.akamaized.net//images/flagge/verysmall/125.png?lm=1520611569,https://img.a.transfermarkt.technology/portrait/medium/328770-1663671597.jpg?lm=1,1998-06-12,108,5
2950,Álex Domínguez,250000.0,30.0,Goalkeeper,Spain,https://tmssl.akamaized.net//images/flagge/verysmall/157.png?lm=1520611569,https://img.a.transfermarkt.technology/portrait/medium/524937-1708555939.jpg?lm=1,1998-07-30,108,5
2951,Charlie Cresswell,25000000.0,4.0,Centre-Back,England,https://tmssl.akamaized.net//images/flagge/verysmall/189.png?lm=1520611569,https://img.a.transfermarkt.technology/portrait/medium/597659-1641461698.jpg?lm=1,2002-08-17,108,5
2952,Mark McKenzie,6000000.0,3.0,Centre-Back,United States,https://tmssl.akamaized.net//images/flagge/verysmall/184.png?lm=1520611569,https://img.a.transfermarkt.technology/portrait/medium/429259-1714036622.png?lm=1,1999-02-25,108,5
2953,Rasmus Nicolaisen,5000000.0,2.0,Centre-Back,Denmark,https://tmssl.akamaized.net//images/flagge/verysmall/39.png?lm=1520611569,https://img.a.transfermarkt.technology/portrait/medium/283227-1626438001.jpg?lm=1,1997-03-16,108,5
2954,Seny Koumbassa,1000000.0,35.0,Centre-Back,France,https://tmssl.akamaized.net//images/flagge/verysmall/50.png?lm=1520611569,https://img.a.transfermarkt.technology/portrait/medium/1075583-1770737252.jpg?lm=1,2007-06-20,108,5
2955,Dayann Methalie,12000000.0,24.0,Left-Back,France,https://tmssl.akamaized.net//images/flagge/verysmall/50.png?lm=1520611569,https://img.a.transfermarkt.technology/portrait/medium/1191444-1758104984.jpg?lm=1,2006-02-15,108,5
2956,Warren Kamanzi,1500000.0,12.0,Right-Back,Norway,https://tmssl.akamaized.net//images/flagge/verysmall/125.png?lm=1520611569,https://img.a.transfermarkt.technology/portrait/medium/794758-1671210731.jpg?lm=1,2000-11-11,108,5
2957,Rafik Messali,1500000.0,22.0,Right-Back,Algeria,https://tmssl.akamaized.net//images/flagge/verysmall/4.png?lm=1520611569,https://img.a.transfermarkt.technology/portrait/medium/883865-1741897311.jpg?lm=1,2003-04-28,108,5
2958,Djibril Sidibé,1000000.0,19.0,Right-Back,France,https://tmssl.akamaized.net//images/flagge/verysmall/50.png?lm=1520611569,https://img.a.transfermarkt.technology/portrait/medium/161869-1604261378.jpg?lm=1,1992-07-29,108,5
2959,Alexis Vossah,15000000.0,45.0,Central Midfield,France,https://tmssl.akamaized.net//images/flagge/verysmall/50.png?lm=1520611569,https://img.a.transfermarkt.technology/portrait/medium/1200427-1758106573.jpg?lm=1,2008-03-11,108,5
2960,Cristian Cásseres Jr.,9000000.0,23.0,Central Midfield,Venezuela,https://tmssl.akamaized.net//images/flagge/verysmall/182.png?lm=1520611569,https://img.a.transfermarkt.technology/portrait/medium/467632-1646141354.JPG?lm=1,2000-01-20,108,5
2961,Pape Demba Diop,8000000.0,18.0,Central Midfield,Senegal,https://tmssl.akamaized.net//images/flagge/verysmall/149.png?lm=1520611569,https://img.a.transfermarkt.technology/portrait/medium/949113-1758195720.jpg?lm=1,2003-09-04,108,5
2962,Abu Francis,2000000.0,17.0,Central Midfield,Ghana,https://tmssl.akamaized.net//images/flagge/verysmall/54.png?lm=1520611569,https://img.a.transfermarkt.technology/portrait/medium/658533-1672485121.jpg?lm=1,2001-04-27,108,5
2963,Mario Sauer,1800000.0,77.0,Central Midfield,Slovakia,https://tmssl.akamaized.net//images/flagge/verysmall/154.png?lm=1520611569,https://img.a.transfermarkt.technology/portrait/medium/710885-1699980894.png?lm=1,2004-05-15,108,5
2964,Aron Dønnum,5000000.0,15.0,Right Midfield,Norway,https://tmssl.akamaized.net//images/flagge/verysmall/125.png?lm=1520611569,https://img.a.transfermarkt.technology/portrait/medium/476836-1678012976.jpg?lm=1,1998-04-20,108,5
2965,Yann Gboho,15000000.0,10.0,Left Winger,France,https://tmssl.akamaized.net//images/flagge/verysmall/50.png?lm=1520611569,https://img.a.transfermarkt.technology/portrait/medium/463613-1672485001.jpg?lm=1,2001-01-14,108,5
2966,Emersonn,5000000.0,20.0,Centre-Forward,Brazil,https://tmssl.akamaized.net//images/flagge/verysmall/26.png?lm=1520611569,https://img.a.transfermarkt.technology/portrait/medium/743599-1744294419.jpg?lm=1,2004-07-16,108,5
2967,Frank Magri,4000000.0,9.0,Centre-Forward,Cameroon,https://tmssl.akamaized.net//images/flagge/verysmall/31.png?lm=1520611569,https://img.a.transfermarkt.technology/portrait/medium/807689-1653399470.jpg?lm=1,1999-09-04,108,5
2968,Santiago Hidalgo,4000000.0,11.0,Centre-Forward,Argentina,https://tmssl.akamaized.net//images/flagge/verysmall/9.png?lm=1520611569,https://img.a.transfermarkt.technology/portrait/medium/989574-1720465616.png?lm=1,2005-02-17,108,5
2969,Jacen Russell-Rowe,3500000.0,13.0,Centre-Forward,Canada,https://tmssl.akamaized.net//images/flagge/verysmall/80.png?lm=1520611569,https://img.a.transfermarkt.technology/portrait/medium/683625-1740676078.jpg?lm=1,2002-09-13,108,5
2970,Julián Vignolo,2000000.0,7.0,Centre-Forward,Argentina,https://tmssl.akamaized.net//images/flagge/verysmall/9.png?lm=1520611569,https://img.a.transfermarkt.technology/portrait/medium/1234988-1747676987.jpeg?lm=1,2006-12-07,108,5
2971,Enzo Faty,50000.0,21.0,Centre-Forward,France,https://tmssl.akamaized.net//images/flagge/verysmall/50.png?lm=1520611569,https://img.a.transfermarkt.technology/portrait/medium/default.jpg?lm=1,2007-03-09,108,5
2972,Berke Özer,10000000.0,1.0,Goalkeeper,Türkiye,https://tmssl.akamaized.net//images/flagge/verysmall/174.png?lm=1520611569,https://img.a.transfermarkt.technology/portrait/medium/361256-1773343032.jpg?lm=1,2000-05-25,109,5
2973,Arnaud Bodart,2000000.0,16.0,Goalkeeper,Belgium,https://tmssl.akamaized.net//images/flagge/verysmall/19.png?lm=1520611569,https://img.a.transfermarkt.technology/portrait/medium/417278-1704961747.jpg?lm=1,1998-03-11,109,5
2974,Marc-Aurèle Caillard,100000.0,30.0,Goalkeeper,France,https://tmssl.akamaized.net//images/flagge/verysmall/50.png?lm=1520611569,https://img.a.transfermarkt.technology/portrait/medium/205465-1697462573.png?lm=1,1994-05-12,109,5
2975,Nathan Ngoy,20000000.0,3.0,Centre-Back,Belgium,https://tmssl.akamaized.net//images/flagge/verysmall/19.png?lm=1520611569,https://img.a.transfermarkt.technology/portrait/medium/548254-1705573683.jpg?lm=1,2003-06-10,109,5
2976,Alexsandro,18000000.0,4.0,Centre-Back,Brazil,https://tmssl.akamaized.net//images/flagge/verysmall/26.png?lm=1520611569,https://img.a.transfermarkt.technology/portrait/medium/648020-1666689768.jpg?lm=1,1999-08-09,109,5
2977,Chancel Mbemba,2500000.0,18.0,Centre-Back,DR Congo,https://tmssl.akamaized.net//images/flagge/verysmall/193.png?lm=1520611569,https://img.a.transfermarkt.technology/portrait/medium/203348-1767006126.jpg?lm=1,1994-08-08,109,5
2978,Aïssa Mandi,1000000.0,23.0,Centre-Back,Algeria,https://tmssl.akamaized.net//images/flagge/verysmall/4.png?lm=1520611569,https://img.a.transfermarkt.technology/portrait/medium/80293-1704566125.jpg?lm=1,1991-10-22,109,5
2979,Rafael Fernandes,600000.0,,Centre-Back,Portugal,https://tmssl.akamaized.net//images/flagge/verysmall/136.png?lm=1520611569,https://img.a.transfermarkt.technology/portrait/medium/744074-1649754949.jpg?lm=1,2002-06-28,109,5
2980,Ousmane Touré,500000.0,36.0,Centre-Back,France,https://tmssl.akamaized.net//images/flagge/verysmall/50.png?lm=1520611569,https://img.a.transfermarkt.technology/portrait/medium/990732-1711305319.jpg?lm=1,2005-02-18,109,5
2981,Romain Perraud,7000000.0,15.0,Left-Back,France,https://tmssl.akamaized.net//images/flagge/verysmall/50.png?lm=1520611569,https://img.a.transfermarkt.technology/portrait/medium/318523-1582538263.jpg?lm=1,1997-09-22,109,5
2982,Calvin Verdonk,3000000.0,24.0,Left-Back,Indonesia,https://tmssl.akamaized.net//images/flagge/verysmall/68.png?lm=1520611569,https://img.a.transfermarkt.technology/portrait/medium/258364-1723716421.jpg?lm=1,1997-04-26,109,5
2983,Tiago Santos,12000000.0,22.0,Right-Back,Portugal,https://tmssl.akamaized.net//images/flagge/verysmall/136.png?lm=1520611569,https://img.a.transfermarkt.technology/portrait/medium/816580-1708342212.jpg?lm=1,2002-07-23,109,5
2984,Thomas Meunier,1800000.0,12.0,Right-Back,Belgium,https://tmssl.akamaized.net//images/flagge/verysmall/19.png?lm=1520611569,https://img.a.transfermarkt.technology/portrait/medium/100986-1741073106.jpg?lm=1,1991-09-12,109,5
2985,Ngal'ayel Mukau,12000000.0,17.0,Defensive Midfield,DR Congo,https://tmssl.akamaized.net//images/flagge/verysmall/193.png?lm=1520611569,https://img.a.transfermarkt.technology/portrait/medium/1016015-1741120243.jpg?lm=1,2004-11-03,109,5
2986,Nabil Bentaleb,5000000.0,6.0,Defensive Midfield,Algeria,https://tmssl.akamaized.net//images/flagge/verysmall/4.png?lm=1520611569,https://img.a.transfermarkt.technology/portrait/medium/245537-1672670443.jpg?lm=1,1994-11-24,109,5
2987,Benjamin André,4000000.0,21.0,Defensive Midfield,France,https://tmssl.akamaized.net//images/flagge/verysmall/50.png?lm=1520611569,https://img.a.transfermarkt.technology/portrait/medium/84301-1666690769.jpg?lm=1,1990-08-03,109,5
2988,Ayyoub Bouaddi,50000000.0,32.0,Central Midfield,France,https://tmssl.akamaized.net//images/flagge/verysmall/50.png?lm=1520611569,https://img.a.transfermarkt.technology/portrait/medium/1097139-1741119960.jpg?lm=1,2007-10-02,109,5
2989,Hákon Arnar Haraldsson,22000000.0,10.0,Attacking Midfield,Iceland,https://tmssl.akamaized.net//images/flagge/verysmall/73.png?lm=1520611569,https://img.a.transfermarkt.technology/portrait/medium/652275-1662491592.jpg?lm=1,2003-04-10,109,5
2990,Osame Sahraoui,10000000.0,11.0,Left Winger,Morocco,https://tmssl.akamaized.net//images/flagge/verysmall/107.png?lm=1520611569,https://img.a.transfermarkt.technology/portrait/medium/580657-1723713882.jpg?lm=1,2001-06-11,109,5
2991,Félix Correia,10000000.0,27.0,Left Winger,Portugal,https://tmssl.akamaized.net//images/flagge/verysmall/136.png?lm=1520611569,https://img.a.transfermarkt.technology/portrait/medium/479648-1710239596.jpg?lm=1,2001-01-22,109,5
2992,Soriba Diaoune,5000000.0,35.0,Left Winger,France,https://tmssl.akamaized.net//images/flagge/verysmall/50.png?lm=1520611569,https://img.a.transfermarkt.technology/portrait/medium/1184007-1758821688.jpg?lm=1,2007-08-14,109,5
2993,Ethan Mbappé,9000000.0,8.0,Right Winger,France,https://tmssl.akamaized.net//images/flagge/verysmall/50.png?lm=1520611569,https://img.a.transfermarkt.technology/portrait/medium/903666-1716562689.jpg?lm=1,2006-12-29,109,5
2994,Marius Broholm,6000000.0,14.0,Right Winger,Norway,https://tmssl.akamaized.net//images/flagge/verysmall/125.png?lm=1520611569,https://img.a.transfermarkt.technology/portrait/medium/903359-1711132318.jpg?lm=1,2004-12-26,109,5
2995,Gaëtan Perrin,6000000.0,28.0,Right Winger,France,https://tmssl.akamaized.net//images/flagge/verysmall/50.png?lm=1520611569,https://img.a.transfermarkt.technology/portrait/medium/353404-1672330321.jpg?lm=1,1996-06-07,109,5
2996,Noah Edjouma,5000000.0,20.0,Right Winger,France,https://tmssl.akamaized.net//images/flagge/verysmall/50.png?lm=1520611569,https://img.a.transfermarkt.technology/portrait/medium/1078326-1708556104.jpg?lm=1,2005-10-04,109,5
2997,Matías Fernández-Pardo,30000000.0,7.0,Centre-Forward,Spain,https://tmssl.akamaized.net//images/flagge/verysmall/157.png?lm=1520611569,https://img.a.transfermarkt.technology/portrait/medium/724129-1762353726.jpg?lm=1,2005-02-03,109,5
2998,Hamza Igamane,18000000.0,29.0,Centre-Forward,Morocco,https://tmssl.akamaized.net//images/flagge/verysmall/107.png?lm=1520611569,https://img.a.transfermarkt.technology/portrait/medium/885445-1756290289.jpg?lm=1,2002-11-02,109,5
2999,Olivier Giroud,1000000.0,9.0,Centre-Forward,France,https://tmssl.akamaized.net//images/flagge/verysmall/50.png?lm=1520611569,https://img.a.transfermarkt.technology/portrait/medium/82442-1725258600.jpg?lm=1,1986-09-30,109,5
3000,Mory Diaw,1000000.0,99.0,Goalkeeper,Senegal,https://tmssl.akamaized.net//images/flagge/verysmall/149.png?lm=1520611569,https://img.a.transfermarkt.technology/portrait/medium/164904-1679507026.jpg?lm=1,1993-06-22,110,5
3001,Lionel Mpasi-Nzau,400000.0,77.0,Goalkeeper,DR Congo,https://tmssl.akamaized.net//images/flagge/verysmall/193.png?lm=1520611569,https://img.a.transfermarkt.technology/portrait/medium/164915-1666190720.JPG?lm=1,1994-08-01,110,5
3002,Paul Argney,200000.0,50.0,Goalkeeper,France,https://tmssl.akamaized.net//images/flagge/verysmall/50.png?lm=1520611569,https://img.a.transfermarkt.technology/portrait/medium/988275-1701165489.jpg?lm=1,2006-05-23,110,5
3003,Arouna Sangante,8000000.0,93.0,Centre-Back,Senegal,https://tmssl.akamaized.net//images/flagge/verysmall/149.png?lm=1520611569,https://img.a.transfermarkt.technology/portrait/medium/768380-1738244271.jpg?lm=1,2002-04-12,110,5
3004,Stephan Zagadou,4000000.0,29.0,Centre-Back,France,https://tmssl.akamaized.net//images/flagge/verysmall/50.png?lm=1520611569,https://img.a.transfermarkt.technology/portrait/medium/1228317-1770734950.jpg?lm=1,2008-10-24,110,5
3005,Gautier Lloris,3000000.0,4.0,Centre-Back,France,https://tmssl.akamaized.net//images/flagge/verysmall/50.png?lm=1520611569,https://img.a.transfermarkt.technology/portrait/medium/249636-1704795536.jpg?lm=1,1995-07-18,110,5
3006,Étienne Youté Kinkoué,3000000.0,6.0,Centre-Back,France,https://tmssl.akamaized.net//images/flagge/verysmall/50.png?lm=1520611569,https://img.a.transfermarkt.technology/portrait/medium/639712-1732894435.jpg?lm=1,2002-01-14,110,5
3007,Yanis Zouaoui,2500000.0,18.0,Left-Back,France,https://tmssl.akamaized.net//images/flagge/verysmall/50.png?lm=1520611569,https://img.a.transfermarkt.technology/portrait/medium/691841-1741881750.jpg?lm=1,1998-04-28,110,5
3008,Enzo Koffi,1500000.0,27.0,Left-Back,France,https://tmssl.akamaized.net//images/flagge/verysmall/50.png?lm=1520611569,https://img.a.transfermarkt.technology/portrait/medium/1119881-1777328098.jpg?lm=1,2006-03-04,110,5
3009,Fodé Doucouré,2000000.0,13.0,Right-Back,Mali,https://tmssl.akamaized.net//images/flagge/verysmall/105.png?lm=1520611569,https://img.a.transfermarkt.technology/portrait/medium/798925-1669326794.jpg?lm=1,2001-02-03,110,5
3010,Timothée Pembélé,2000000.0,32.0,Right-Back,France,https://tmssl.akamaized.net//images/flagge/verysmall/50.png?lm=1520611569,https://img.a.transfermarkt.technology/portrait/medium/538998-1754900983.jpg?lm=1,2002-09-09,110,5
3011,Loïc Nego,600000.0,7.0,Right-Back,Hungary,https://tmssl.akamaized.net//images/flagge/verysmall/178.png?lm=1521635893,https://img.a.transfermarkt.technology/portrait/medium/122840-1700236720.jpg?lm=1,1991-01-15,110,5
3012,Lucas Gourna-Douath,6000000.0,19.0,Defensive Midfield,France,https://tmssl.akamaized.net//images/flagge/verysmall/50.png?lm=1520611569,https://img.a.transfermarkt.technology/portrait/medium/620313-1758627856.png?lm=1,2003-08-05,110,5
3013,Ayumu Seko,5000000.0,15.0,Defensive Midfield,Japan,https://tmssl.akamaized.net//images/flagge/verysmall/77.png?lm=1520611569,https://img.a.transfermarkt.technology/portrait/medium/405389-1558683017.png?lm=1,2000-06-07,110,5
3014,Abdoulaye Touré,3000000.0,94.0,Defensive Midfield,Guinea,https://tmssl.akamaized.net//images/flagge/verysmall/59.png?lm=1520611569,https://img.a.transfermarkt.technology/portrait/medium/181382-1485420758.jpg?lm=1,1994-03-03,110,5
3015,Daren Mosengo,300000.0,78.0,Defensive Midfield,France,https://tmssl.akamaized.net//images/flagge/verysmall/50.png?lm=1520611569,https://img.a.transfermarkt.technology/portrait/medium/1119880-1758624811.jpg?lm=1,2006-08-11,110,5
3016,Rassoul Ndiaye,7000000.0,14.0,Central Midfield,Senegal,https://tmssl.akamaized.net//images/flagge/verysmall/149.png?lm=1520611569,https://img.a.transfermarkt.technology/portrait/medium/662242-1654095080.jpg?lm=1,2001-12-11,110,5
3017,Yassine Kechta,5000000.0,8.0,Central Midfield,Morocco,https://tmssl.akamaized.net//images/flagge/verysmall/107.png?lm=1520611569,https://img.a.transfermarkt.technology/portrait/medium/667967-1675949617.jpg?lm=1,2002-02-25,110,5
3018,Simon Ebonog,3000000.0,26.0,Central Midfield,France,https://tmssl.akamaized.net//images/flagge/verysmall/50.png?lm=1520611569,https://img.a.transfermarkt.technology/portrait/medium/770436-1758624584.jpg?lm=1,2004-08-16,110,5
3019,Guy-Noël Zohouri,50000.0,24.0,Central Midfield,Cote d'Ivoire,https://tmssl.akamaized.net//images/flagge/verysmall/38.png?lm=1520611569,https://img.a.transfermarkt.technology/portrait/medium/default.jpg?lm=1,2007-02-01,110,5
3020,Sofiane Boufal,2000000.0,17.0,Attacking Midfield,Morocco,https://tmssl.akamaized.net//images/flagge/verysmall/107.png?lm=1520611569,https://img.a.transfermarkt.technology/portrait/medium/232271-1668757196.jpg?lm=1,1993-09-17,110,5
3021,Reda Khadra,1500000.0,30.0,Attacking Midfield,Germany,https://tmssl.akamaized.net//images/flagge/verysmall/40.png?lm=1520612525,https://img.a.transfermarkt.technology/portrait/medium/405686-1723836051.png?lm=1,2001-07-04,110,5
3022,Issa Soumaré,7000000.0,45.0,Left Winger,Senegal,https://tmssl.akamaized.net//images/flagge/verysmall/149.png?lm=1520611569,https://img.a.transfermarkt.technology/portrait/medium/568698-1669738231.jpg?lm=1,2000-10-10,110,5
3023,Felix Mambimbi,600000.0,10.0,Left Winger,Switzerland,https://tmssl.akamaized.net//images/flagge/verysmall/148.png?lm=1520611569,https://img.a.transfermarkt.technology/portrait/medium/507496-1721331170.png?lm=1,2001-01-18,110,5
3024,Godson Kyeremeh,600000.0,11.0,Right Winger,France,https://tmssl.akamaized.net//images/flagge/verysmall/50.png?lm=1520611569,https://img.a.transfermarkt.technology/portrait/medium/651973-1711574837.jpg?lm=1,2000-06-14,110,5
3025,Kenny Quetant,2000000.0,33.0,Centre-Forward,France,https://tmssl.akamaized.net//images/flagge/verysmall/50.png?lm=1520611569,https://img.a.transfermarkt.technology/portrait/medium/1178695-1777327482.jpg?lm=1,2006-07-17,110,5
3026,Noam Obougou,1000000.0,20.0,Centre-Forward,France,https://tmssl.akamaized.net//images/flagge/verysmall/50.png?lm=1520611569,https://img.a.transfermarkt.technology/portrait/medium/1162654-1777327814.jpg?lm=1,2006-03-15,110,5
3027,Ally Samatta,800000.0,25.0,Centre-Forward,Tanzania,https://tmssl.akamaized.net//images/flagge/verysmall/166.png?lm=1520611569,https://img.a.transfermarkt.technology/portrait/medium/182201-1727967720.png?lm=1,1992-12-23,110,5
3028,Yehvann Diouf,7000000.0,80.0,Goalkeeper,Senegal,https://tmssl.akamaized.net//images/flagge/verysmall/149.png?lm=1520611569,https://img.a.transfermarkt.technology/portrait/medium/448632-1756822717.jpg?lm=1,1999-11-16,111,5
3029,Maxime Dupé,800000.0,31.0,Goalkeeper,France,https://tmssl.akamaized.net//images/flagge/verysmall/50.png?lm=1520611569,https://img.a.transfermarkt.technology/portrait/medium/127188-1756822707.jpg?lm=1,1993-03-04,111,5
3030,Bartosz Zelazowski,50000.0,30.0,Goalkeeper,Poland,https://tmssl.akamaized.net//images/flagge/verysmall/135.png?lm=1520611569,https://img.a.transfermarkt.technology/portrait/medium/828889-1756822601.jpg?lm=1,2005-04-25,111,5
3031,Juma Bah,10000000.0,28.0,Centre-Back,Sierra Leone,https://tmssl.akamaized.net//images/flagge/verysmall/152.png?lm=1520611569,https://img.a.transfermarkt.technology/portrait/medium/1121298-1756823284.jpg?lm=1,2006-04-11,111,5
3032,Kojo Peprah Oppong,10000000.0,37.0,Centre-Back,Ghana,https://tmssl.akamaized.net//images/flagge/verysmall/54.png?lm=1520611569,https://img.a.transfermarkt.technology/portrait/medium/1113451-1756823346.jpg?lm=1,2004-06-04,111,5
3033,Youssouf Ndayishimiye,8000000.0,55.0,Centre-Back,Burundi,https://tmssl.akamaized.net//images/flagge/verysmall/30.png?lm=1520611569,https://img.a.transfermarkt.technology/portrait/medium/674612-1739970953.jpg?lm=1,1998-10-27,111,5
3034,Moïse Bombito,8000000.0,64.0,Centre-Back,Canada,https://tmssl.akamaized.net//images/flagge/verysmall/80.png?lm=1520611569,https://img.a.transfermarkt.technology/portrait/medium/1089202-1756826846.jpg?lm=1,2000-03-30,111,5
3035,Antoine Mendy,6000000.0,33.0,Centre-Back,Senegal,https://tmssl.akamaized.net//images/flagge/verysmall/149.png?lm=1520611569,https://img.a.transfermarkt.technology/portrait/medium/891998-1756827019.jpg?lm=1,2004-05-27,111,5
3036,Mohamed Abdelmonem,3000000.0,5.0,Centre-Back,Egypt,https://tmssl.akamaized.net//images/flagge/verysmall/2.png?lm=1520611569,https://img.a.transfermarkt.technology/portrait/medium/566025-1739971401.jpg?lm=1,1999-02-01,111,5
3037,Dante,500000.0,4.0,Centre-Back,Brazil,https://tmssl.akamaized.net//images/flagge/verysmall/26.png?lm=1520611569,https://img.a.transfermarkt.technology/portrait/medium/16136-1756826930.jpg?lm=1,1983-10-18,111,5
3038,Melvin Bard,10000000.0,26.0,Left-Back,France,https://tmssl.akamaized.net//images/flagge/verysmall/50.png?lm=1520611569,https://img.a.transfermarkt.technology/portrait/medium/532775-1756826939.jpg?lm=1,2000-11-06,111,5
3039,Ali Abdi,2500000.0,2.0,Left-Back,Tunisia,https://tmssl.akamaized.net//images/flagge/verysmall/173.png?lm=1520611569,https://img.a.transfermarkt.technology/portrait/medium/211474-1756827001.jpg?lm=1,1993-12-20,111,5
3040,Jonathan Clauss,4500000.0,92.0,Right-Back,France,https://tmssl.akamaized.net//images/flagge/verysmall/50.png?lm=1520611569,https://img.a.transfermarkt.technology/portrait/medium/175639-1756827010.jpg?lm=1,1992-09-25,111,5
3041,Charles Vanhoutte,7000000.0,24.0,Defensive Midfield,Belgium,https://tmssl.akamaized.net//images/flagge/verysmall/19.png?lm=1520611569,https://img.a.transfermarkt.technology/portrait/medium/569845-1757513060.jpg?lm=1,1998-09-16,111,5
3042,Salis Abdul Samed,4500000.0,99.0,Defensive Midfield,Ghana,https://tmssl.akamaized.net//images/flagge/verysmall/54.png?lm=1520611569,https://img.a.transfermarkt.technology/portrait/medium/688707-1756823332.jpg?lm=1,2000-03-26,111,5
3043,Everton,2000000.0,41.0,Defensive Midfield,France,https://tmssl.akamaized.net//images/flagge/verysmall/50.png?lm=1520611569,https://img.a.transfermarkt.technology/portrait/medium/1191473-1741655672.png?lm=1,2007-04-12,111,5
3044,Hicham Boudaoui,12000000.0,6.0,Central Midfield,Algeria,https://tmssl.akamaized.net//images/flagge/verysmall/4.png?lm=1520611569,https://img.a.transfermarkt.technology/portrait/medium/560593-1756824680.jpg?lm=1,1999-09-23,111,5
3045,Morgan Sanson,4000000.0,8.0,Central Midfield,France,https://tmssl.akamaized.net//images/flagge/verysmall/50.png?lm=1520611569,https://img.a.transfermarkt.technology/portrait/medium/174094-1756824698.jpg?lm=1,1994-08-18,111,5
3046,Tanguy Ndombélé,3000000.0,22.0,Central Midfield,France,https://tmssl.akamaized.net//images/flagge/verysmall/50.png?lm=1520611569,https://img.a.transfermarkt.technology/portrait/medium/450936-1756824689.jpg?lm=1,1996-12-28,111,5
3047,Djibril Coulibaly,800000.0,39.0,Central Midfield,France,https://tmssl.akamaized.net//images/flagge/verysmall/50.png?lm=1520611569,https://img.a.transfermarkt.technology/portrait/medium/1208968-1756823312.jpg?lm=1,2008-11-18,111,5
3048,Tom Louchet,7000000.0,20.0,Right Midfield,France,https://tmssl.akamaized.net//images/flagge/verysmall/50.png?lm=1520611569,https://img.a.transfermarkt.technology/portrait/medium/750904-1756824707.jpg?lm=1,2003-05-04,111,5
3049,Gabin Bernardeau,1500000.0,23.0,Attacking Midfield,France,https://tmssl.akamaized.net//images/flagge/verysmall/50.png?lm=1520611569,https://img.a.transfermarkt.technology/portrait/medium/1254786-1756822514.jpg?lm=1,2006-01-24,111,5
3050,Sofiane Diop,12000000.0,10.0,Left Winger,Morocco,https://tmssl.akamaized.net//images/flagge/verysmall/107.png?lm=1520611569,https://img.a.transfermarkt.technology/portrait/medium/569389-1756824417.jpg?lm=1,2000-06-09,111,5
3051,Isak Jansson,5000000.0,21.0,Left Winger,Sweden,https://tmssl.akamaized.net//images/flagge/verysmall/147.png?lm=1520611569,https://img.a.transfermarkt.technology/portrait/medium/535820-1756823293.jpg?lm=1,2002-01-31,111,5
3052,Mohamed-Ali Cho,15000000.0,25.0,Right Winger,France,https://tmssl.akamaized.net//images/flagge/verysmall/50.png?lm=1520611569,https://img.a.transfermarkt.technology/portrait/medium/670847-1756824395.jpg?lm=1,2004-01-19,111,5
3053,Kaïl Boudache,4000000.0,32.0,Right Winger,France,https://tmssl.akamaized.net//images/flagge/verysmall/50.png?lm=1520611569,https://img.a.transfermarkt.technology/portrait/medium/1097113-1741655048.png?lm=1,2006-06-15,111,5
3054,Tiago Gouveia,4000000.0,47.0,Right Winger,Portugal,https://tmssl.akamaized.net//images/flagge/verysmall/136.png?lm=1520611569,https://img.a.transfermarkt.technology/portrait/medium/479638-1757513051.jpg?lm=1,2001-06-18,111,5
3055,Elye Wahi,12000000.0,11.0,Centre-Forward,Cote d'Ivoire,https://tmssl.akamaized.net//images/flagge/verysmall/38.png?lm=1520611569,https://img.a.transfermarkt.technology/portrait/medium/659542-1753984614.jpg?lm=1,2003-01-02,111,5
3056,Kevin Carlos,5000000.0,90.0,Centre-Forward,Spain,https://tmssl.akamaized.net//images/flagge/verysmall/157.png?lm=1520611569,https://img.a.transfermarkt.technology/portrait/medium/718201-1756823208.jpg?lm=1,2001-04-10,111,5
3057,Dominik Greif,8000000.0,1.0,Goalkeeper,Slovakia,https://tmssl.akamaized.net//images/flagge/verysmall/154.png?lm=1520611569,https://img.a.transfermarkt.technology/portrait/medium/316884-1773950159.jpg?lm=1,1997-04-06,112,5
3058,Rémy Descamps,2000000.0,40.0,Goalkeeper,France,https://tmssl.akamaized.net//images/flagge/verysmall/50.png?lm=1520611569,https://img.a.transfermarkt.technology/portrait/medium/282028-1608790532.jpg?lm=1,1996-06-25,112,5
3059,Lassine Diarra,50000.0,50.0,Goalkeeper,Mali,https://tmssl.akamaized.net//images/flagge/verysmall/105.png?lm=1520611569,https://img.a.transfermarkt.technology/portrait/medium/1071430-1721918092.jpg?lm=1,2002-11-11,112,5
3060,Moussa Niakhaté,18000000.0,19.0,Centre-Back,Senegal,https://tmssl.akamaized.net//images/flagge/verysmall/149.png?lm=1520611569,https://img.a.transfermarkt.technology/portrait/medium/291200-1700737208.jpg?lm=1,1996-03-08,112,5
3061,Ruben Kluivert,6000000.0,21.0,Centre-Back,Netherlands,https://tmssl.akamaized.net//images/flagge/verysmall/122.png?lm=1520611569,https://img.a.transfermarkt.technology/portrait/medium/578421-1605468625.jpg?lm=1,2001-05-21,112,5
3062,Clinton Mata,3000000.0,22.0,Centre-Back,Angola,https://tmssl.akamaized.net//images/flagge/verysmall/6.png?lm=1520611569,https://img.a.transfermarkt.technology/portrait/medium/187718-1616529648.jpg?lm=1,1992-11-07,112,5
3063,Noham Kamara,3000000.0,85.0,Centre-Back,France,https://tmssl.akamaized.net//images/flagge/verysmall/50.png?lm=1520611569,https://img.a.transfermarkt.technology/portrait/medium/1275040-1752476961.jpg?lm=1,2007-01-22,112,5
3064,Abner,10000000.0,16.0,Left-Back,Brazil,https://tmssl.akamaized.net//images/flagge/verysmall/26.png?lm=1520611569,https://img.a.transfermarkt.technology/portrait/medium/646402-1773951778.jpg?lm=1,2000-05-27,112,5
3065,Nicolás Tagliafico,5000000.0,3.0,Left-Back,Argentina,https://tmssl.akamaized.net//images/flagge/verysmall/9.png?lm=1520611569,https://img.a.transfermarkt.technology/portrait/medium/131225-1668181437.jpg?lm=1,1992-08-31,112,5
3066,Achraf Laâziri,500000.0,36.0,Left-Back,Morocco,https://tmssl.akamaized.net//images/flagge/verysmall/107.png?lm=1520611569,https://img.a.transfermarkt.technology/portrait/medium/902862-1705097843.png?lm=1,2003-07-08,112,5
3067,Ainsley Maitland-Niles,10000000.0,98.0,Right-Back,England,https://tmssl.akamaized.net//images/flagge/verysmall/189.png?lm=1520611569,https://img.a.transfermarkt.technology/portrait/medium/285845-1702991138.jpg?lm=1,1997-08-29,112,5
3068,Hans Hateboer,2000000.0,33.0,Right-Back,Netherlands,https://tmssl.akamaized.net//images/flagge/verysmall/122.png?lm=1520611569,https://img.a.transfermarkt.technology/portrait/medium/275303-1661509184.jpg?lm=1,1994-01-09,112,5
3069,Steeve Kango,800000.0,34.0,Right-Back,France,https://tmssl.akamaized.net//images/flagge/verysmall/50.png?lm=1520611569,https://img.a.transfermarkt.technology/portrait/medium/1119391-1773950062.jpg?lm=1,2006-12-09,112,5
3070,Tyler Morton,25000000.0,23.0,Defensive Midfield,England,https://tmssl.akamaized.net//images/flagge/verysmall/189.png?lm=1520611569,https://img.a.transfermarkt.technology/portrait/medium/618494-1719220555.jpg?lm=1,2002-10-31,112,5
3071,Orel Mangala,10000000.0,5.0,Defensive Midfield,Belgium,https://tmssl.akamaized.net//images/flagge/verysmall/19.png?lm=1520611569,https://img.a.transfermarkt.technology/portrait/medium/289592-1657181518.jpg?lm=1,1998-03-18,112,5
3072,Tanner Tessmann,10000000.0,6.0,Defensive Midfield,United States,https://tmssl.akamaized.net//images/flagge/verysmall/184.png?lm=1520611569,https://img.a.transfermarkt.technology/portrait/medium/670096-1722196121.jpg?lm=1,2001-09-24,112,5
3073,Mathys de Carvalho,4000000.0,39.0,Defensive Midfield,Portugal,https://tmssl.akamaized.net//images/flagge/verysmall/136.png?lm=1520611569,https://img.a.transfermarkt.technology/portrait/medium/1004486-1758833712.jpg?lm=1,2005-05-01,112,5
3074,Corentin Tolisso,12000000.0,8.0,Central Midfield,France,https://tmssl.akamaized.net//images/flagge/verysmall/50.png?lm=1520611569,https://img.a.transfermarkt.technology/portrait/medium/190393-1672830594.jpg?lm=1,1994-08-03,112,5
3075,Khalis Merah,10000000.0,44.0,Central Midfield,France,https://tmssl.akamaized.net//images/flagge/verysmall/50.png?lm=1520611569,https://img.a.transfermarkt.technology/portrait/medium/1187942-1755626357.jpg?lm=1,2007-02-24,112,5
3076,Pavel Sulc,20000000.0,10.0,Attacking Midfield,Czech Republic,https://tmssl.akamaized.net//images/flagge/verysmall/172.png?lm=1520611569,https://img.a.transfermarkt.technology/portrait/medium/500053-1718742395.jpg?lm=1,2000-12-29,112,5
3077,Noah Nartey,15000000.0,99.0,Attacking Midfield,Denmark,https://tmssl.akamaized.net//images/flagge/verysmall/39.png?lm=1520611569,https://img.a.transfermarkt.technology/portrait/medium/802515-1773951622.jpg?lm=1,2005-10-05,112,5
3078,Adam Karabec,8000000.0,7.0,Attacking Midfield,Czech Republic,https://tmssl.akamaized.net//images/flagge/verysmall/172.png?lm=1520611569,https://img.a.transfermarkt.technology/portrait/medium/652061-1728398646.jpg?lm=1,2003-07-02,112,5
3079,Malick Fofana,30000000.0,11.0,Left Winger,Belgium,https://tmssl.akamaized.net//images/flagge/verysmall/19.png?lm=1520611569,https://img.a.transfermarkt.technology/portrait/medium/743386-1761589148.jpg?lm=1,2005-03-31,112,5
3080,Afonso Moreira,10000000.0,17.0,Left Winger,Portugal,https://tmssl.akamaized.net//images/flagge/verysmall/136.png?lm=1520611569,https://img.a.transfermarkt.technology/portrait/medium/952282-1688369515.jpg?lm=1,2005-03-19,112,5
3081,Rémi Himbert,10000000.0,45.0,Left Winger,France,https://tmssl.akamaized.net//images/flagge/verysmall/50.png?lm=1520611569,https://img.a.transfermarkt.technology/portrait/medium/1200423-1762881060.jpg?lm=1,2008-02-29,112,5
3082,Ernest Nuamah,12000000.0,37.0,Right Winger,Ghana,https://tmssl.akamaized.net//images/flagge/verysmall/54.png?lm=1520611569,https://img.a.transfermarkt.technology/portrait/medium/955070-1702991257.jpg?lm=1,2003-11-01,112,5
3083,Rachid Ghezzal,700000.0,18.0,Right Winger,Algeria,https://tmssl.akamaized.net//images/flagge/verysmall/4.png?lm=1520611569,https://img.a.transfermarkt.technology/portrait/medium/118287-1729518411.jpg?lm=1,1992-05-09,112,5
3084,Endrick,35000000.0,9.0,Centre-Forward,Brazil,https://tmssl.akamaized.net//images/flagge/verysmall/26.png?lm=1520611569,https://img.a.transfermarkt.technology/portrait/medium/971570-1723665994.jpg?lm=1,2006-07-21,112,5
3085,Roman Yaremchuk,2500000.0,77.0,Centre-Forward,Ukraine,https://tmssl.akamaized.net//images/flagge/verysmall/177.png?lm=1520611569,https://img.a.transfermarkt.technology/portrait/medium/221958-1773950328.jpg?lm=1,1995-11-27,112,5
3086,Gerónimo Rulli,8000000.0,1.0,Goalkeeper,Argentina,https://tmssl.akamaized.net//images/flagge/verysmall/9.png?lm=1520611569,https://img.a.transfermarkt.technology/portrait/medium/229604-1698670758.jpg?lm=1,1992-05-20,113,5
3087,Jeffrey de Lange,3000000.0,12.0,Goalkeeper,Netherlands,https://tmssl.akamaized.net//images/flagge/verysmall/122.png?lm=1520611569,https://img.a.transfermarkt.technology/portrait/medium/315253-1723035184.jpg?lm=1,1998-04-01,113,5
3088,Jelle Van Neck,50000.0,40.0,Goalkeeper,Belgium,https://tmssl.akamaized.net//images/flagge/verysmall/19.png?lm=1520611569,https://img.a.transfermarkt.technology/portrait/medium/727086-1672605198.jpg?lm=1,2004-03-07,113,5
3089,Nayef Aguerd,20000000.0,21.0,Centre-Back,Morocco,https://tmssl.akamaized.net//images/flagge/verysmall/107.png?lm=1520611569,https://img.a.transfermarkt.technology/portrait/medium/361914-1659355782.jpg?lm=1,1996-03-30,113,5
3090,Leonardo Balerdi,18000000.0,5.0,Centre-Back,Argentina,https://tmssl.akamaized.net//images/flagge/verysmall/9.png?lm=1520611569,https://img.a.transfermarkt.technology/portrait/medium/575998-1640777749.jpg?lm=1,1999-01-26,113,5
3091,Facundo Medina,18000000.0,32.0,Centre-Back,Argentina,https://tmssl.akamaized.net//images/flagge/verysmall/9.png?lm=1520611569,https://img.a.transfermarkt.technology/portrait/medium/474800-1653402999.jpg?lm=1,1999-05-28,113,5
3092,Benjamin Pavard,15000000.0,28.0,Centre-Back,France,https://tmssl.akamaized.net//images/flagge/verysmall/50.png?lm=1520611569,https://img.a.transfermarkt.technology/portrait/medium/353366-1713819215.jpg?lm=1,1996-03-28,113,5
3093,CJ Egan-Riley,10000000.0,4.0,Centre-Back,England,https://tmssl.akamaized.net//images/flagge/verysmall/189.png?lm=1520611569,https://img.a.transfermarkt.technology/portrait/medium/581669-1751272190.jpg?lm=1,2003-01-02,113,5
3094,Emerson,10000000.0,33.0,Left-Back,Italy,https://tmssl.akamaized.net//images/flagge/verysmall/75.png?lm=1520611569,https://img.a.transfermarkt.technology/portrait/medium/181778-1660636930.jpg?lm=1,1994-08-03,113,5
3095,Arthur Vermeeren,22000000.0,18.0,Defensive Midfield,Belgium,https://tmssl.akamaized.net//images/flagge/verysmall/19.png?lm=1520611569,https://img.a.transfermarkt.technology/portrait/medium/926694-1729520583.jpg?lm=1,2005-02-07,113,5
3096,Pierre-Emile Højbjerg,18000000.0,23.0,Defensive Midfield,Denmark,https://tmssl.akamaized.net//images/flagge/verysmall/39.png?lm=1520611569,https://img.a.transfermarkt.technology/portrait/medium/167799-1629882773.jpg?lm=1,1995-08-05,113,5
3097,Geoffrey Kondogbia,4000000.0,19.0,Defensive Midfield,Central African Republic,https://tmssl.akamaized.net//images/flagge/verysmall/138.png?lm=1520611569,https://img.a.transfermarkt.technology/portrait/medium/127189-1703066053.jpg?lm=1,1993-02-15,113,5
3098,Tochukwu Nnadi,3000000.0,6.0,Defensive Midfield,Nigeria,https://tmssl.akamaized.net//images/flagge/verysmall/124.png?lm=1520611569,https://img.a.transfermarkt.technology/portrait/medium/920470-1709895127.png?lm=1,2003-06-30,113,5
3099,Quinten Timber,25000000.0,27.0,Central Midfield,Netherlands,https://tmssl.akamaized.net//images/flagge/verysmall/122.png?lm=1520611569,https://img.a.transfermarkt.technology/portrait/medium/420213-1765214219.jpg?lm=1,2001-06-17,113,5
3100,Bilal Nadir,9000000.0,26.0,Central Midfield,Morocco,https://tmssl.akamaized.net//images/flagge/verysmall/107.png?lm=1520611569,https://img.a.transfermarkt.technology/portrait/medium/659520-1741961204.jpg?lm=1,2003-11-28,113,5
3101,Timothy Weah,20000000.0,22.0,Right Midfield,United States,https://tmssl.akamaized.net//images/flagge/verysmall/184.png?lm=1520611569,https://img.a.transfermarkt.technology/portrait/medium/370846-1692277669.jpg?lm=1,2000-02-22,113,5
3102,Ethan Nwaneri,40000000.0,11.0,Attacking Midfield,England,https://tmssl.akamaized.net//images/flagge/verysmall/189.png?lm=1520611569,https://img.a.transfermarkt.technology/portrait/medium/890719-1730794927.jpg?lm=1,2007-03-21,113,5
3103,Himad Abdelli,7000000.0,8.0,Attacking Midfield,Algeria,https://tmssl.akamaized.net//images/flagge/verysmall/4.png?lm=1520611569,https://img.a.transfermarkt.technology/portrait/medium/592979-1750956367.png?lm=1,1999-11-17,113,5
3104,Igor Paixão,35000000.0,14.0,Left Winger,Brazil,https://tmssl.akamaized.net//images/flagge/verysmall/26.png?lm=1520611569,https://img.a.transfermarkt.technology/portrait/medium/653610-1723200804.jpg?lm=1,2000-06-28,113,5
3105,Hamed Traoré,15000000.0,20.0,Left Winger,Cote d'Ivoire,https://tmssl.akamaized.net//images/flagge/verysmall/38.png?lm=1520611569,https://img.a.transfermarkt.technology/portrait/medium/391065-1754900884.jpg?lm=1,2000-02-16,113,5
3106,Mason Greenwood,55000000.0,10.0,Right Winger,England,https://tmssl.akamaized.net//images/flagge/verysmall/189.png?lm=1520611569,https://img.a.transfermarkt.technology/portrait/medium/532826-1693987766.jpg?lm=1,2001-10-01,113,5
3107,Amine Gouiri,28000000.0,9.0,Centre-Forward,Algeria,https://tmssl.akamaized.net//images/flagge/verysmall/4.png?lm=1520611569,https://img.a.transfermarkt.technology/portrait/medium/418659-1762353913.jpg?lm=1,2000-02-16,113,5
3108,Pierre-Emerick Aubameyang,3000000.0,17.0,Centre-Forward,Gabon,https://tmssl.akamaized.net//images/flagge/verysmall/51.png?lm=1520611569,https://img.a.transfermarkt.technology/portrait/medium/58864-1762262625.jpg?lm=1,1989-06-18,113,5
3109,Obed Nkambadio,6000000.0,16.0,Goalkeeper,France,https://tmssl.akamaized.net//images/flagge/verysmall/50.png?lm=1520611569,https://img.a.transfermarkt.technology/portrait/medium/750878-1750172738.jpg?lm=1,2003-02-07,114,5
3110,Kevin Trapp,2000000.0,35.0,Goalkeeper,Germany,https://tmssl.akamaized.net//images/flagge/verysmall/40.png?lm=1520612525,https://img.a.transfermarkt.technology/portrait/medium/45672-1724772525.jpg?lm=1,1990-07-08,114,5
3111,Rémy Riou,100000.0,1.0,Goalkeeper,France,https://tmssl.akamaized.net//images/flagge/verysmall/50.png?lm=1520611569,https://img.a.transfermarkt.technology/portrait/medium/18940-1672830760.jpg?lm=1,1987-08-06,114,5
3112,Otávio,10000000.0,6.0,Centre-Back,Brazil,https://tmssl.akamaized.net//images/flagge/verysmall/26.png?lm=1520611569,https://img.a.transfermarkt.technology/portrait/medium/818495-1708599170.png?lm=1,2002-04-21,114,5
3113,Diego Coppola,10000000.0,42.0,Centre-Back,Italy,https://tmssl.akamaized.net//images/flagge/verysmall/75.png?lm=1520611569,https://img.a.transfermarkt.technology/portrait/medium/660860-1663671800.jpg?lm=1,2003-12-28,114,5
3114,Moustapha Mbow,6000000.0,5.0,Centre-Back,Senegal,https://tmssl.akamaized.net//images/flagge/verysmall/149.png?lm=1520611569,https://img.a.transfermarkt.technology/portrait/medium/649026-1639678186.png?lm=1,2000-03-08,114,5
3115,Samir Chergui,3000000.0,31.0,Centre-Back,Algeria,https://tmssl.akamaized.net//images/flagge/verysmall/4.png?lm=1520611569,https://img.a.transfermarkt.technology/portrait/medium/668167-1661872850.jpg?lm=1,1999-02-06,114,5
3116,Timothée Kolodziejczak,200000.0,15.0,Centre-Back,France,https://tmssl.akamaized.net//images/flagge/verysmall/50.png?lm=1520611569,https://img.a.transfermarkt.technology/portrait/medium/84085-1501486541.jpg?lm=1,1991-10-01,114,5
3117,Nhoa Sangui,9000000.0,19.0,Left-Back,France,https://tmssl.akamaized.net//images/flagge/verysmall/50.png?lm=1520611569,https://img.a.transfermarkt.technology/portrait/medium/955281-1723838815.png?lm=1,2006-02-27,114,5
3118,Thibault De Smet,2000000.0,28.0,Left-Back,Belgium,https://tmssl.akamaized.net//images/flagge/verysmall/19.png?lm=1520611569,https://img.a.transfermarkt.technology/portrait/medium/340177-1723835956.png?lm=1,1998-06-05,114,5
3119,Tuomas Ollila,500000.0,2.0,Left-Back,Finland,https://tmssl.akamaized.net//images/flagge/verysmall/49.png?lm=1520611569,https://img.a.transfermarkt.technology/portrait/medium/433887-1726155378.png?lm=1,2000-04-25,114,5
3120,Hamari Traoré,1800000.0,14.0,Right-Back,Mali,https://tmssl.akamaized.net//images/flagge/verysmall/105.png?lm=1520611569,https://img.a.transfermarkt.technology/portrait/medium/297070-1664981394.jpg?lm=1,1992-01-27,114,5
3121,Sofiane Alakouch,200000.0,22.0,Right-Back,Morocco,https://tmssl.akamaized.net//images/flagge/verysmall/107.png?lm=1520611569,https://img.a.transfermarkt.technology/portrait/medium/434358-1651736769.png?lm=1,1998-07-29,114,5
3122,Maxime Lopez,5000000.0,21.0,Defensive Midfield,France,https://tmssl.akamaized.net//images/flagge/verysmall/50.png?lm=1520611569,https://img.a.transfermarkt.technology/portrait/medium/290862-1692883050.jpg?lm=1,1997-12-04,114,5
3123,Pierre Lees-Melou,5000000.0,33.0,Defensive Midfield,France,https://tmssl.akamaized.net//images/flagge/verysmall/50.png?lm=1520611569,https://img.a.transfermarkt.technology/portrait/medium/377393-1710182831.jpg?lm=1,1993-05-25,114,5
3124,Adama Camara,2500000.0,17.0,Defensive Midfield,France,https://tmssl.akamaized.net//images/flagge/verysmall/50.png?lm=1520611569,https://img.a.transfermarkt.technology/portrait/medium/973949-1741880935.jpg?lm=1,1996-10-18,114,5
3125,Rudy Matondo,15000000.0,23.0,Central Midfield,France,https://tmssl.akamaized.net//images/flagge/verysmall/50.png?lm=1520611569,https://img.a.transfermarkt.technology/portrait/medium/1241211-1750676329.jpg?lm=1,2008-03-13,114,5
3126,Marshall Munetsi,12000000.0,18.0,Central Midfield,Zimbabwe,https://tmssl.akamaized.net//images/flagge/verysmall/187.png?lm=1520611569,https://img.a.transfermarkt.technology/portrait/medium/414908-1723836952.png?lm=1,1996-06-22,114,5
3127,Vincent Marchetti,2000000.0,4.0,Central Midfield,France,https://tmssl.akamaized.net//images/flagge/verysmall/50.png?lm=1520611569,https://img.a.transfermarkt.technology/portrait/medium/374040-1629979268.jpg?lm=1,1997-07-04,114,5
3128,Moses Simon,7000000.0,27.0,Left Winger,Nigeria,https://tmssl.akamaized.net//images/flagge/verysmall/124.png?lm=1520611569,https://img.a.transfermarkt.technology/portrait/medium/274862-1703065226.jpg?lm=1,1995-07-12,114,5
3129,Alimami Gory,1200000.0,7.0,Left Winger,France,https://tmssl.akamaized.net//images/flagge/verysmall/50.png?lm=1520611569,https://img.a.transfermarkt.technology/portrait/medium/435492-1566223909.png?lm=1,1996-08-30,114,5
3130,Julien Lopez,200000.0,20.0,Left Winger,Algeria,https://tmssl.akamaized.net//images/flagge/verysmall/4.png?lm=1520611569,https://img.a.transfermarkt.technology/portrait/medium/170506-1595870674.jpg?lm=1,1992-03-01,114,5
3131,Ilan Kebbal,12000000.0,10.0,Right Winger,Algeria,https://tmssl.akamaized.net//images/flagge/verysmall/4.png?lm=1520611569,https://img.a.transfermarkt.technology/portrait/medium/739769-1762353660.jpg?lm=1,1998-07-10,114,5
3132,Luca Koleosho,4000000.0,24.0,Right Winger,Italy,https://tmssl.akamaized.net//images/flagge/verysmall/75.png?lm=1520611569,https://img.a.transfermarkt.technology/portrait/medium/745461-1759159569.jpg?lm=1,2004-09-15,114,5
3133,Jonathan Ikoné,4000000.0,93.0,Right Winger,France,https://tmssl.akamaized.net//images/flagge/verysmall/50.png?lm=1520611569,https://img.a.transfermarkt.technology/portrait/medium/324690-1697179025.jpg?lm=1,1998-05-02,114,5
3134,Mathieu Cafaro,2000000.0,13.0,Right Winger,France,https://tmssl.akamaized.net//images/flagge/verysmall/50.png?lm=1520611569,https://img.a.transfermarkt.technology/portrait/medium/399383-1727721832.jpg?lm=1,1997-03-25,114,5
3135,Lamine Gueye,250000.0,26.0,Right Winger,Senegal,https://tmssl.akamaized.net//images/flagge/verysmall/149.png?lm=1520611569,https://img.a.transfermarkt.technology/portrait/medium/568701-1604260803.jpg?lm=1,1998-03-13,114,5
3136,Willem Geubbels,5000000.0,9.0,Centre-Forward,France,https://tmssl.akamaized.net//images/flagge/verysmall/50.png?lm=1520611569,https://img.a.transfermarkt.technology/portrait/medium/463620-1755009181.png?lm=1,2001-08-16,114,5
3137,Jean-Philippe Krasso,4000000.0,11.0,Centre-Forward,Cote d'Ivoire,https://tmssl.akamaized.net//images/flagge/verysmall/38.png?lm=1520611569,https://img.a.transfermarkt.technology/portrait/medium/358515-1694785707.jpg?lm=1,1997-07-17,114,5
3138,Ciro Immobile,2000000.0,36.0,Centre-Forward,Italy,https://tmssl.akamaized.net//images/flagge/verysmall/75.png?lm=1520611569,https://img.a.transfermarkt.technology/portrait/medium/105521-1770718860.jpg?lm=1,1990-02-20,114,5
3139,Pierre-Yves Hamel,400000.0,29.0,Centre-Forward,France,https://tmssl.akamaized.net//images/flagge/verysmall/50.png?lm=1520611569,https://img.a.transfermarkt.technology/portrait/medium/203504-1583142506.jpg?lm=1,1994-02-03,114,5
3140,Lucas Chevalier,30000000.0,30.0,Goalkeeper,France,https://tmssl.akamaized.net//images/flagge/verysmall/50.png?lm=1520611569,https://img.a.transfermarkt.technology/portrait/medium/463600-1708342501.jpg?lm=1,2001-11-06,115,5
3141,Matvey Safonov,22000000.0,39.0,Goalkeeper,Russia,https://tmssl.akamaized.net//images/flagge/verysmall/141.png?lm=1520611569,https://img.a.transfermarkt.technology/portrait/medium/318470-1732658603.jpg?lm=1,1999-02-25,115,5
3142,Renato Marin,500000.0,89.0,Goalkeeper,Italy,https://tmssl.akamaized.net//images/flagge/verysmall/75.png?lm=1520611569,https://img.a.transfermarkt.technology/portrait/medium/1041614-1730123074.jpg?lm=1,2006-07-10,115,5
3143,Willian Pacho,70000000.0,51.0,Centre-Back,Ecuador,https://tmssl.akamaized.net//images/flagge/verysmall/44.png?lm=1520611569,https://img.a.transfermarkt.technology/portrait/medium/661171-1696508666.jpg?lm=1,2001-10-16,115,5
3144,Ilya Zabarnyi,45000000.0,6.0,Centre-Back,Ukraine,https://tmssl.akamaized.net//images/flagge/verysmall/177.png?lm=1520611569,https://img.a.transfermarkt.technology/portrait/medium/659089-1760065378.jpg?lm=1,2002-09-01,115,5
3145,Marquinhos,30000000.0,5.0,Centre-Back,Brazil,https://tmssl.akamaized.net//images/flagge/verysmall/26.png?lm=1520611569,https://img.a.transfermarkt.technology/portrait/medium/181767-1672303747.jpg?lm=1,1994-05-14,115,5
3146,Lucas Beraldo,20000000.0,4.0,Centre-Back,Brazil,https://tmssl.akamaized.net//images/flagge/verysmall/26.png?lm=1520611569,https://img.a.transfermarkt.technology/portrait/medium/872171-1715107660.jpg?lm=1,2003-11-24,115,5
3147,Nuno Mendes,75000000.0,25.0,Left-Back,Portugal,https://tmssl.akamaized.net//images/flagge/verysmall/136.png?lm=1520611569,https://img.a.transfermarkt.technology/portrait/medium/616341-1749417164.jpg?lm=1,2002-06-19,115,5
3148,Lucas Hernández,20000000.0,21.0,Left-Back,France,https://tmssl.akamaized.net//images/flagge/verysmall/50.png?lm=1520611569,https://img.a.transfermarkt.technology/portrait/medium/281963-1667830435.jpg?lm=1,1996-02-14,115,5
3149,Achraf Hakimi,80000000.0,2.0,Right-Back,Morocco,https://tmssl.akamaized.net//images/flagge/verysmall/107.png?lm=1520611569,https://img.a.transfermarkt.technology/portrait/medium/398073-1672304327.jpg?lm=1,1998-11-04,115,5
3150,Vitinha,110000000.0,17.0,Defensive Midfield,Portugal,https://tmssl.akamaized.net//images/flagge/verysmall/136.png?lm=1520611569,https://img.a.transfermarkt.technology/portrait/medium/487469-1749415169.jpg?lm=1,2000-02-13,115,5
3151,João Neves,110000000.0,87.0,Central Midfield,Portugal,https://tmssl.akamaized.net//images/flagge/verysmall/136.png?lm=1520611569,https://img.a.transfermarkt.technology/portrait/medium/670681-1701295511.jpg?lm=1,2004-09-27,115,5
3152,Warren Zaïre-Emery,60000000.0,33.0,Central Midfield,France,https://tmssl.akamaized.net//images/flagge/verysmall/50.png?lm=1520611569,https://img.a.transfermarkt.technology/portrait/medium/810092-1777411744.jpg?lm=1,2006-03-08,115,5
3153,Fabián Ruiz,40000000.0,8.0,Central Midfield,Spain,https://tmssl.akamaized.net//images/flagge/verysmall/157.png?lm=1520611569,https://img.a.transfermarkt.technology/portrait/medium/350219-1718958379.jpg?lm=1,1996-04-03,115,5
3154,Senny Mayulu,40000000.0,24.0,Central Midfield,France,https://tmssl.akamaized.net//images/flagge/verysmall/50.png?lm=1520611569,https://img.a.transfermarkt.technology/portrait/medium/903693-1716562599.jpg?lm=1,2006-05-17,115,5
3155,Kang-in Lee,28000000.0,19.0,Attacking Midfield,"Korea, South",https://tmssl.akamaized.net//images/flagge/verysmall/87.png?lm=1520611569,https://img.a.transfermarkt.technology/portrait/medium/557149-1703978046.jpg?lm=1,2001-02-19,115,5
3156,Dro Fernández,10000000.0,27.0,Attacking Midfield,Spain,https://tmssl.akamaized.net//images/flagge/verysmall/157.png?lm=1520611569,https://img.a.transfermarkt.technology/portrait/medium/1071596-1774274719.jpg?lm=1,2008-01-12,115,5
3157,Khvicha Kvaratskhelia,90000000.0,7.0,Left Winger,Georgia,https://tmssl.akamaized.net//images/flagge/verysmall/53.png?lm=1520611569,https://img.a.transfermarkt.technology/portrait/medium/502670-1777411223.jpg?lm=1,2001-02-12,115,5
3158,Bradley Barcola,70000000.0,29.0,Left Winger,France,https://tmssl.akamaized.net//images/flagge/verysmall/50.png?lm=1520611569,https://img.a.transfermarkt.technology/portrait/medium/708265-1653406915.jpg?lm=1,2002-09-02,115,5
3159,Quentin Ndjantou,7000000.0,47.0,Left Winger,France,https://tmssl.akamaized.net//images/flagge/verysmall/50.png?lm=1520611569,https://img.a.transfermarkt.technology/portrait/medium/1053208-1759747972.jpg?lm=1,2007-07-23,115,5
3160,Désiré Doué,90000000.0,14.0,Right Winger,France,https://tmssl.akamaized.net//images/flagge/verysmall/50.png?lm=1520611569,https://img.a.transfermarkt.technology/portrait/medium/914562-1667317075.jpg?lm=1,2005-06-03,115,5
3161,Ibrahim Mbaye,30000000.0,49.0,Right Winger,Senegal,https://tmssl.akamaized.net//images/flagge/verysmall/149.png?lm=1520611569,https://img.a.transfermarkt.technology/portrait/medium/1185888-1759430450.jpg?lm=1,2008-01-24,115,5
3162,Ousmane Dembélé,100000000.0,10.0,Centre-Forward,France,https://tmssl.akamaized.net//images/flagge/verysmall/50.png?lm=1520611569,https://img.a.transfermarkt.technology/portrait/medium/288230-1684148641.jpg?lm=1,1997-05-15,115,5
3163,Gonçalo Ramos,35000000.0,9.0,Centre-Forward,Portugal,https://tmssl.akamaized.net//images/flagge/verysmall/136.png?lm=1520611569,https://img.a.transfermarkt.technology/portrait/medium/550550-1681906158.jpg?lm=1,2001-06-20,115,5
3164,Robin Risser,25000000.0,40.0,Goalkeeper,France,https://tmssl.akamaized.net//images/flagge/verysmall/50.png?lm=1520611569,https://img.a.transfermarkt.technology/portrait/medium/743515-1732575159.png?lm=1,2004-12-02,116,5
3165,Mathieu Gorgelin,250000.0,16.0,Goalkeeper,France,https://tmssl.akamaized.net//images/flagge/verysmall/50.png?lm=1520611569,https://img.a.transfermarkt.technology/portrait/medium/60543-1704795204.jpg?lm=1,1990-08-05,116,5
3166,Régis Gurtner,100000.0,1.0,Goalkeeper,France,https://tmssl.akamaized.net//images/flagge/verysmall/50.png?lm=1520611569,https://img.a.transfermarkt.technology/portrait/medium/39918-1656081292.jpg?lm=1,1986-12-08,116,5
3167,Ilan Jourdren,50000.0,60.0,Goalkeeper,France,https://tmssl.akamaized.net//images/flagge/verysmall/50.png?lm=1520611569,https://img.a.transfermarkt.technology/portrait/medium/1200424-1761139182.jpg?lm=1,2008-07-17,116,5
3168,Samson Baidoo,25000000.0,6.0,Centre-Back,Austria,https://tmssl.akamaized.net//images/flagge/verysmall/127.png?lm=1520611569,https://img.a.transfermarkt.technology/portrait/medium/655217-1722523870.png?lm=1,2004-03-31,116,5
3169,Malang Sarr,15000000.0,20.0,Centre-Back,France,https://tmssl.akamaized.net//images/flagge/verysmall/50.png?lm=1520611569,https://img.a.transfermarkt.technology/portrait/medium/344596-1606395203.png?lm=1,1999-01-23,116,5
3170,Ismaëlo Ganiou,10000000.0,25.0,Centre-Back,France,https://tmssl.akamaized.net//images/flagge/verysmall/50.png?lm=1520611569,https://img.a.transfermarkt.technology/portrait/medium/1020191-1738585625.jpg?lm=1,2005-03-14,116,5
3171,Nidal Celik,4000000.0,4.0,Centre-Back,Bosnia-Herzegovina,https://tmssl.akamaized.net//images/flagge/verysmall/24.png?lm=1569523290,https://img.a.transfermarkt.technology/portrait/medium/819566-1726634830.jpg?lm=1,2006-07-17,116,5
3172,Jonathan Gradit,3000000.0,24.0,Centre-Back,France,https://tmssl.akamaized.net//images/flagge/verysmall/50.png?lm=1520611569,https://img.a.transfermarkt.technology/portrait/medium/126557-1738580496.jpg?lm=1,1992-11-24,116,5
3173,Kyllian Antonio,1500000.0,32.0,Centre-Back,France,https://tmssl.akamaized.net//images/flagge/verysmall/50.png?lm=1520611569,https://img.a.transfermarkt.technology/portrait/medium/1186789-1761139494.jpg?lm=1,2008-01-04,116,5
3174,Matthieu Udol,6000000.0,14.0,Left-Back,France,https://tmssl.akamaized.net//images/flagge/verysmall/50.png?lm=1520611569,https://img.a.transfermarkt.technology/portrait/medium/344886-1697463909.png?lm=1,1996-03-20,116,5
3175,Arthur Masuaku,2500000.0,27.0,Left-Back,DR Congo,https://tmssl.akamaized.net//images/flagge/verysmall/193.png?lm=1520611569,https://img.a.transfermarkt.technology/portrait/medium/181380-1767006082.jpg?lm=1,1993-11-07,116,5
3176,Saud Abdulhamid,5000000.0,23.0,Right-Back,Saudi Arabia,https://tmssl.akamaized.net//images/flagge/verysmall/146.png?lm=1520611569,https://img.a.transfermarkt.technology/portrait/medium/631927-1730124451.jpg?lm=1,1999-07-18,116,5
3177,Ruben Aguilar,3000000.0,2.0,Right-Back,France,https://tmssl.akamaized.net//images/flagge/verysmall/50.png?lm=1520611569,https://img.a.transfermarkt.technology/portrait/medium/203746-1614090581.jpg?lm=1,1993-04-26,116,5
3178,Fodé Sylla,1000000.0,18.0,Defensive Midfield,France,https://tmssl.akamaized.net//images/flagge/verysmall/50.png?lm=1520611569,https://img.a.transfermarkt.technology/portrait/medium/955359-1738847552.jpg?lm=1,2006-04-16,116,5
3179,Mamadou Sangaré,30000000.0,8.0,Central Midfield,Mali,https://tmssl.akamaized.net//images/flagge/verysmall/105.png?lm=1520611569,https://img.a.transfermarkt.technology/portrait/medium/808348-1726049980.jpg?lm=1,2002-06-26,116,5
3180,Amadou Haidara,6000000.0,21.0,Central Midfield,Mali,https://tmssl.akamaized.net//images/flagge/verysmall/105.png?lm=1520611569,https://img.a.transfermarkt.technology/portrait/medium/402008-1713945184.jpg?lm=1,1998-01-31,116,5
3181,Andrija Bulatovic,5000000.0,5.0,Central Midfield,Montenegro,https://tmssl.akamaized.net//images/flagge/verysmall/216.png?lm=1520611569,https://img.a.transfermarkt.technology/portrait/medium/986291-1749832910.png?lm=1,2006-12-27,116,5
3182,Adrien Thomasson,4500000.0,28.0,Central Midfield,France,https://tmssl.akamaized.net//images/flagge/verysmall/50.png?lm=1520611569,https://img.a.transfermarkt.technology/portrait/medium/215977-1673538425.jpg?lm=1,1993-12-10,116,5
3183,Alpha Diallo,50000.0,31.0,Attacking Midfield,France,https://tmssl.akamaized.net//images/flagge/verysmall/50.png?lm=1520611569,https://img.a.transfermarkt.technology/portrait/medium/default.jpg?lm=1,2006-02-25,116,5
3184,Allan Saint-Maximin,10000000.0,9.0,Left Winger,France,https://tmssl.akamaized.net//images/flagge/verysmall/50.png?lm=1520611569,https://img.a.transfermarkt.technology/portrait/medium/272642-1728392760.JPG?lm=1,1997-03-12,116,5
3185,Abdallah Sima,4000000.0,19.0,Left Winger,Senegal,https://tmssl.akamaized.net//images/flagge/verysmall/149.png?lm=1520611569,https://img.a.transfermarkt.technology/portrait/medium/776798-1672669896.jpg?lm=1,2001-06-17,116,5
3186,Anthony Bermont,1000000.0,26.0,Left Winger,France,https://tmssl.akamaized.net//images/flagge/verysmall/50.png?lm=1520611569,https://img.a.transfermarkt.technology/portrait/medium/1088110-1741877893.jpg?lm=1,2005-02-10,116,5
3187,Florian Thauvin,5000000.0,10.0,Right Winger,France,https://tmssl.akamaized.net//images/flagge/verysmall/50.png?lm=1520611569,https://img.a.transfermarkt.technology/portrait/medium/184892-1759159434.jpg?lm=1,1993-01-26,116,5
3188,Erawan Garnier,200000.0,34.0,Right Winger,Thailand,https://tmssl.akamaized.net//images/flagge/verysmall/167.png?lm=1520611569,https://img.a.transfermarkt.technology/portrait/medium/1176271-1761297351.jpg?lm=1,2006-01-05,116,5
3189,Wesley Saïd,6000000.0,22.0,Second Striker,France,https://tmssl.akamaized.net//images/flagge/verysmall/50.png?lm=1520611569,https://img.a.transfermarkt.technology/portrait/medium/182916-1593971458.jpg?lm=1,1995-04-19,116,5
3190,Odsonne Édouard,12000000.0,11.0,Centre-Forward,France,https://tmssl.akamaized.net//images/flagge/verysmall/50.png?lm=1520611569,https://img.a.transfermarkt.technology/portrait/medium/344152-1746645817.jpg?lm=1,1998-01-16,116,5
3191,Rayan Fofana,7000000.0,38.0,Centre-Forward,France,https://tmssl.akamaized.net//images/flagge/verysmall/50.png?lm=1520611569,https://img.a.transfermarkt.technology/portrait/medium/1160814-1758902837.jpg?lm=1,2006-02-12,116,5
3192,Florian Sotoca,1500000.0,7.0,Centre-Forward,France,https://tmssl.akamaized.net//images/flagge/verysmall/50.png?lm=1520611569,https://img.a.transfermarkt.technology/portrait/medium/354726-1701294869.jpg?lm=1,1990-10-25,116,5
3193,Mike Penders,22000000.0,39.0,Goalkeeper,Belgium,https://tmssl.akamaized.net//images/flagge/verysmall/19.png?lm=1520611569,https://img.a.transfermarkt.technology/portrait/medium/834397-1714036498.png?lm=1,2005-07-31,117,5
3194,Stefan Bajic,500000.0,50.0,Goalkeeper,France,https://tmssl.akamaized.net//images/flagge/verysmall/50.png?lm=1520611569,https://img.a.transfermarkt.technology/portrait/medium/465836-1740581087.jpg?lm=1,2001-12-23,117,5
3195,Karl-Johan Johnsson,250000.0,1.0,Goalkeeper,Sweden,https://tmssl.akamaized.net//images/flagge/verysmall/147.png?lm=1520611569,https://img.a.transfermarkt.technology/portrait/medium/112822-1732486706.png?lm=1,1990-01-28,117,5
3196,Ismaël Doukouré,20000000.0,6.0,Centre-Back,France,https://tmssl.akamaized.net//images/flagge/verysmall/50.png?lm=1520611569,https://img.a.transfermarkt.technology/portrait/medium/786436-1732576094.png?lm=1,2003-07-24,117,5
3197,Lucas Høgsberg,15000000.0,24.0,Centre-Back,Denmark,https://tmssl.akamaized.net//images/flagge/verysmall/39.png?lm=1520611569,https://img.a.transfermarkt.technology/portrait/medium/926978-1738564989.jpg?lm=1,2006-06-23,117,5
3198,Aarón Anselmino,12000000.0,5.0,Centre-Back,Argentina,https://tmssl.akamaized.net//images/flagge/verysmall/9.png?lm=1520611569,https://img.a.transfermarkt.technology/portrait/medium/1145504-1766483410.jpg?lm=1,2005-04-29,117,5
3199,Andrew Omobamidele,7000000.0,2.0,Centre-Back,Ireland,https://tmssl.akamaized.net//images/flagge/verysmall/72.png?lm=1520611569,https://img.a.transfermarkt.technology/portrait/medium/621993-1750770741.png?lm=1,2002-06-23,117,5
3200,Ben Chilwell,12000000.0,3.0,Left-Back,England,https://tmssl.akamaized.net//images/flagge/verysmall/189.png?lm=1520611569,https://img.a.transfermarkt.technology/portrait/medium/316125-1683899136.jpg?lm=1,1996-12-21,117,5
3201,Guéla Doué,18000000.0,22.0,Right-Back,Cote d'Ivoire,https://tmssl.akamaized.net//images/flagge/verysmall/38.png?lm=1520611569,https://img.a.transfermarkt.technology/portrait/medium/711980-1732575765.png?lm=1,2002-10-17,117,5
3202,Abdoul Ouattara,15000000.0,42.0,Right-Back,Cote d'Ivoire,https://tmssl.akamaized.net//images/flagge/verysmall/38.png?lm=1520611569,https://img.a.transfermarkt.technology/portrait/medium/991487-1732487466.png?lm=1,2005-10-22,117,5
3203,Junior Mwanga,6000000.0,18.0,Defensive Midfield,France,https://tmssl.akamaized.net//images/flagge/verysmall/50.png?lm=1520611569,https://img.a.transfermarkt.technology/portrait/medium/1011200-1732575482.png?lm=1,2003-05-11,117,5
3204,Maxi Oyedele,4000000.0,8.0,Defensive Midfield,Poland,https://tmssl.akamaized.net//images/flagge/verysmall/135.png?lm=1520611569,https://img.a.transfermarkt.technology/portrait/medium/863204-1749544441.png?lm=1,2004-11-07,117,5
3205,Rafael Luís,4000000.0,83.0,Defensive Midfield,Portugal,https://tmssl.akamaized.net//images/flagge/verysmall/136.png?lm=1520611569,https://img.a.transfermarkt.technology/portrait/medium/637803-1750853311.jpg?lm=1,2005-02-18,117,5
3206,Valentín Barco,35000000.0,32.0,Central Midfield,Argentina,https://tmssl.akamaized.net//images/flagge/verysmall/9.png?lm=1520611569,https://img.a.transfermarkt.technology/portrait/medium/849410-1750770955.png?lm=1,2004-07-23,117,5
3207,Samir El Mourabet,18000000.0,29.0,Central Midfield,Morocco,https://tmssl.akamaized.net//images/flagge/verysmall/107.png?lm=1520611569,https://img.a.transfermarkt.technology/portrait/medium/1130514-1732576630.png?lm=1,2005-10-06,117,5
3208,Mathis Amougou,10000000.0,17.0,Central Midfield,France,https://tmssl.akamaized.net//images/flagge/verysmall/50.png?lm=1520611569,https://img.a.transfermarkt.technology/portrait/medium/1010854-1727721658.jpg?lm=1,2006-01-18,117,5
3209,Diego Moreira,25000000.0,7.0,Left Midfield,Belgium,https://tmssl.akamaized.net//images/flagge/verysmall/19.png?lm=1520611569,https://img.a.transfermarkt.technology/portrait/medium/655006-1732575837.png?lm=1,2004-08-06,117,5
3210,Sebastian Nanasi,12000000.0,11.0,Left Midfield,Sweden,https://tmssl.akamaized.net//images/flagge/verysmall/147.png?lm=1520611569,https://img.a.transfermarkt.technology/portrait/medium/579928-1732576164.png?lm=1,2002-05-16,117,5
3211,Julio Enciso,22000000.0,19.0,Attacking Midfield,Paraguay,https://tmssl.akamaized.net//images/flagge/verysmall/132.png?lm=1520611569,https://img.a.transfermarkt.technology/portrait/medium/660867-1669388786.jpg?lm=1,2004-01-23,117,5
3212,Martial Godo,18000000.0,20.0,Left Winger,Cote d'Ivoire,https://tmssl.akamaized.net//images/flagge/verysmall/38.png?lm=1520611569,https://img.a.transfermarkt.technology/portrait/medium/992686-1726650122.jpg?lm=1,2003-03-14,117,5
3213,Gessime Yassine,10000000.0,80.0,Right Winger,Morocco,https://tmssl.akamaized.net//images/flagge/verysmall/107.png?lm=1520611569,https://img.a.transfermarkt.technology/portrait/medium/1151929-1715877709.jpg?lm=1,2005-11-22,117,5
3214,Samuel Amo-Ameyaw,8000000.0,27.0,Right Winger,England,https://tmssl.akamaized.net//images/flagge/verysmall/189.png?lm=1520611569,https://img.a.transfermarkt.technology/portrait/medium/933900-1750770965.png?lm=1,2006-07-18,117,5
3215,Joaquín Panichelli,35000000.0,9.0,Centre-Forward,Argentina,https://tmssl.akamaized.net//images/flagge/verysmall/9.png?lm=1520611569,https://img.a.transfermarkt.technology/portrait/medium/1064871-1727113388.jpg?lm=1,2002-10-07,117,5
3216,Emmanuel Emegha,28000000.0,10.0,Centre-Forward,Netherlands,https://tmssl.akamaized.net//images/flagge/verysmall/122.png?lm=1520611569,https://img.a.transfermarkt.technology/portrait/medium/559328-1732575392.png?lm=1,2003-02-03,117,5
3217,David Datro Fofana,5000000.0,15.0,Centre-Forward,Cote d'Ivoire,https://tmssl.akamaized.net//images/flagge/verysmall/38.png?lm=1520611569,https://img.a.transfermarkt.technology/portrait/medium/787232-1691614259.jpg?lm=1,2002-12-22,117,5
3218,Radoslaw Majecki,3000000.0,1.0,Goalkeeper,Poland,https://tmssl.akamaized.net//images/flagge/verysmall/135.png?lm=1520611569,https://img.a.transfermarkt.technology/portrait/medium/346546-1672484869.jpg?lm=1,1999-11-16,118,5
3219,Grégoire Coudert,3000000.0,30.0,Goalkeeper,France,https://tmssl.akamaized.net//images/flagge/verysmall/50.png?lm=1520611569,https://img.a.transfermarkt.technology/portrait/medium/525155-1632761084.jpg?lm=1,1999-04-03,118,5
3220,Noah Jauny,50000.0,50.0,Goalkeeper,Ireland,https://tmssl.akamaized.net//images/flagge/verysmall/72.png?lm=1520611569,https://img.a.transfermarkt.technology/portrait/medium/975438-1739222120.jpg?lm=1,2004-08-26,118,5
3221,Soumaïla Coulibaly,7000000.0,44.0,Centre-Back,France,https://tmssl.akamaized.net//images/flagge/verysmall/50.png?lm=1520611569,https://img.a.transfermarkt.technology/portrait/medium/659513-1657285323.jpg?lm=1,2003-10-14,118,5
3222,Junior Diaz,6000000.0,4.0,Centre-Back,Cote d'Ivoire,https://tmssl.akamaized.net//images/flagge/verysmall/38.png?lm=1520611569,https://img.a.transfermarkt.technology/portrait/medium/1009596-1693565221.png?lm=1,2003-07-23,118,5
3223,Brendan Chardonnet,5000000.0,5.0,Centre-Back,France,https://tmssl.akamaized.net//images/flagge/verysmall/50.png?lm=1520611569,https://img.a.transfermarkt.technology/portrait/medium/250779-1582538208.jpg?lm=1,1994-12-22,118,5
3224,Raphaël Le Guen,50000.0,71.0,Centre-Back,France,https://tmssl.akamaized.net//images/flagge/verysmall/50.png?lm=1520611569,https://img.a.transfermarkt.technology/portrait/medium/1166473-1762884638.jpg?lm=1,2006-09-01,118,5
3225,Bradley Locko,7000000.0,2.0,Left-Back,France,https://tmssl.akamaized.net//images/flagge/verysmall/50.png?lm=1520611569,https://img.a.transfermarkt.technology/portrait/medium/805908-1639674661.png?lm=1,2002-05-06,118,5
3226,Daouda Guindo,3000000.0,27.0,Left-Back,Mali,https://tmssl.akamaized.net//images/flagge/verysmall/105.png?lm=1520611569,https://img.a.transfermarkt.technology/portrait/medium/671590-1722524207.png?lm=1,2002-10-14,118,5
3227,Kenny Lala,1800000.0,77.0,Right-Back,France,https://tmssl.akamaized.net//images/flagge/verysmall/50.png?lm=1520611569,https://img.a.transfermarkt.technology/portrait/medium/174196-1677254936.jpg?lm=1,1991-10-03,118,5
3228,Luck Zogbé,1500000.0,12.0,Right-Back,Cote d'Ivoire,https://tmssl.akamaized.net//images/flagge/verysmall/38.png?lm=1520611569,https://img.a.transfermarkt.technology/portrait/medium/1144999-1725882803.jpg?lm=1,2005-03-24,118,5
3229,Joris Chotard,7000000.0,13.0,Defensive Midfield,France,https://tmssl.akamaized.net//images/flagge/verysmall/50.png?lm=1520611569,https://img.a.transfermarkt.technology/portrait/medium/624037-1702663463.JPG?lm=1,2001-09-24,118,5
3230,Hamidou Makalou,1000000.0,33.0,Defensive Midfield,Mali,https://tmssl.akamaized.net//images/flagge/verysmall/105.png?lm=1520611569,https://img.a.transfermarkt.technology/portrait/medium/1200289-1701678439.jpg?lm=1,2006-07-15,118,5
3231,Hugo Magnetti,6000000.0,8.0,Central Midfield,France,https://tmssl.akamaized.net//images/flagge/verysmall/50.png?lm=1520611569,https://img.a.transfermarkt.technology/portrait/medium/474662-1582538510.jpg?lm=1,1998-05-30,118,5
3232,Lucas Tousart,2000000.0,24.0,Central Midfield,France,https://tmssl.akamaized.net//images/flagge/verysmall/50.png?lm=1520611569,https://img.a.transfermarkt.technology/portrait/medium/353948-1691614305.jpg?lm=1,1997-04-29,118,5
3233,Junior Dina Ebimbe,6000000.0,7.0,Right Midfield,Cameroon,https://tmssl.akamaized.net//images/flagge/verysmall/31.png?lm=1520611569,https://img.a.transfermarkt.technology/portrait/medium/536482-1663065378.jpg?lm=1,2000-11-21,118,5
3234,Kamory Doumbia,9000000.0,23.0,Attacking Midfield,Mali,https://tmssl.akamaized.net//images/flagge/verysmall/105.png?lm=1520611569,https://img.a.transfermarkt.technology/portrait/medium/671594-1639672362.png?lm=1,2003-02-18,118,5
3235,Pathé Mboup,3000000.0,99.0,Left Winger,Senegal,https://tmssl.akamaized.net//images/flagge/verysmall/149.png?lm=1520611569,https://img.a.transfermarkt.technology/portrait/medium/979551-1709884981.png?lm=1,2003-10-19,118,5
3236,Romain Del Castillo,7000000.0,10.0,Right Winger,France,https://tmssl.akamaized.net//images/flagge/verysmall/50.png?lm=1520611569,https://img.a.transfermarkt.technology/portrait/medium/353399-1593964996.jpg?lm=1,1996-03-29,118,5
3237,Mama Baldé,3500000.0,17.0,Centre-Forward,Guinea-Bissau,https://tmssl.akamaized.net//images/flagge/verysmall/60.png?lm=1520611569,https://img.a.transfermarkt.technology/portrait/medium/325223-1702991373.jpg?lm=1,1995-11-06,118,5
3238,Ludovic Ajorque,3500000.0,19.0,Centre-Forward,France,https://tmssl.akamaized.net//images/flagge/verysmall/50.png?lm=1520611569,https://img.a.transfermarkt.technology/portrait/medium/283994-1692000251.jpg?lm=1,1994-02-25,118,5
3239,Rémy Labeau Lascary,3000000.0,14.0,Centre-Forward,France,https://tmssl.akamaized.net//images/flagge/verysmall/50.png?lm=1520611569,https://img.a.transfermarkt.technology/portrait/medium/917778-1676913774.jpg?lm=1,2003-03-03,118,5
3240,Saliou Diop,50000.0,29.0,Centre-Forward,Senegal,https://tmssl.akamaized.net//images/flagge/verysmall/149.png?lm=1520611569,https://img.a.transfermarkt.technology/portrait/medium/1237907-1758034442.jpg?lm=1,2005-05-12,118,5
3241,Brice Samba,8000000.0,30.0,Goalkeeper,France,https://tmssl.akamaized.net//images/flagge/verysmall/50.png?lm=1520611569,https://img.a.transfermarkt.technology/portrait/medium/191056-1602242038.jpg?lm=1,1994-04-25,119,5
3242,Mathys Silistrie,200000.0,50.0,Goalkeeper,France,https://tmssl.akamaized.net//images/flagge/verysmall/50.png?lm=1520611569,https://img.a.transfermarkt.technology/portrait/medium/979761-1770737381.jpg?lm=1,2005-09-16,119,5
3243,Jérémy Jacquet,55000000.0,97.0,Centre-Back,France,https://tmssl.akamaized.net//images/flagge/verysmall/50.png?lm=1520611569,https://img.a.transfermarkt.technology/portrait/medium/1004301-1714503850.jpg?lm=1,2005-07-13,119,5
3244,Lilian Brassier,12000000.0,3.0,Centre-Back,France,https://tmssl.akamaized.net//images/flagge/verysmall/50.png?lm=1520611569,https://img.a.transfermarkt.technology/portrait/medium/485960-1736237346.jpg?lm=1,1999-11-02,119,5
3245,Anthony Rouault,12000000.0,24.0,Centre-Back,France,https://tmssl.akamaized.net//images/flagge/verysmall/50.png?lm=1520611569,https://img.a.transfermarkt.technology/portrait/medium/690799-1723707069.jpg?lm=1,2001-05-29,119,5
3246,Abdelhamid Ait Boudlal,10000000.0,48.0,Centre-Back,Morocco,https://tmssl.akamaized.net//images/flagge/verysmall/107.png?lm=1520611569,https://img.a.transfermarkt.technology/portrait/medium/1134251-1758528519.jpg?lm=1,2006-04-16,119,5
3247,Alidu Seidu,6000000.0,36.0,Centre-Back,Ghana,https://tmssl.akamaized.net//images/flagge/verysmall/54.png?lm=1520611569,https://img.a.transfermarkt.technology/portrait/medium/798404-1679507806.jpg?lm=1,2000-06-04,119,5
3248,Quentin Merlin,12000000.0,26.0,Left-Back,France,https://tmssl.akamaized.net//images/flagge/verysmall/50.png?lm=1520611569,https://img.a.transfermarkt.technology/portrait/medium/557613-1704213356.jpg?lm=1,2002-05-16,119,5
3249,Mahamadou Nagida,6000000.0,18.0,Left-Back,Cameroon,https://tmssl.akamaized.net//images/flagge/verysmall/31.png?lm=1520611569,https://img.a.transfermarkt.technology/portrait/medium/1176345-1702911497.jpg?lm=1,2005-06-28,119,5
3250,Przemyslaw Frankowski,7000000.0,95.0,Right-Back,Poland,https://tmssl.akamaized.net//images/flagge/verysmall/135.png?lm=1520611569,https://img.a.transfermarkt.technology/portrait/medium/239743-1669189009.jpg?lm=1,1995-04-12,119,5
3251,Djaoui Cissé,15000000.0,6.0,Central Midfield,France,https://tmssl.akamaized.net//images/flagge/verysmall/50.png?lm=1520611569,https://img.a.transfermarkt.technology/portrait/medium/931160-1740392570.jpg?lm=1,2004-01-31,119,5
3252,Mahdi Camara,10000000.0,45.0,Central Midfield,France,https://tmssl.akamaized.net//images/flagge/verysmall/50.png?lm=1520611569,https://img.a.transfermarkt.technology/portrait/medium/324795-1710182811.jpg?lm=1,1998-06-30,119,5
3253,Valentin Rongier,9000000.0,21.0,Central Midfield,France,https://tmssl.akamaized.net//images/flagge/verysmall/50.png?lm=1520611569,https://img.a.transfermarkt.technology/portrait/medium/332889-1703065877.jpg?lm=1,1994-12-07,119,5
3254,Glen Kamara,2500000.0,4.0,Central Midfield,Finland,https://tmssl.akamaized.net//images/flagge/verysmall/49.png?lm=1520611569,https://img.a.transfermarkt.technology/portrait/medium/242632-1663177745.jpg?lm=1,1995-10-28,119,5
3255,Ludovic Blas,10000000.0,10.0,Right Midfield,France,https://tmssl.akamaized.net//images/flagge/verysmall/50.png?lm=1520611569,https://img.a.transfermarkt.technology/portrait/medium/288225-1762353535.jpg?lm=1,1997-12-31,119,5
3256,Sebastian Szymański,12000000.0,17.0,Attacking Midfield,Poland,https://tmssl.akamaized.net//images/flagge/verysmall/135.png?lm=1520611569,https://img.a.transfermarkt.technology/portrait/medium/320748-1765461620.jpg?lm=1,1999-05-10,119,5
3257,Mousa Tamari,8000000.0,11.0,Right Winger,Jordan,https://tmssl.akamaized.net//images/flagge/verysmall/78.png?lm=1520611569,https://img.a.transfermarkt.technology/portrait/medium/551505-1702663087.JPG?lm=1,1997-06-10,119,5
3258,Arnaud Nordin,4000000.0,70.0,Right Winger,France,https://tmssl.akamaized.net//images/flagge/verysmall/50.png?lm=1520611569,https://img.a.transfermarkt.technology/portrait/medium/324811-1752587724.jpg?lm=1,1998-06-17,119,5
3259,Elías Legendre Quiñónez,1500000.0,35.0,Right Winger,Ecuador,https://tmssl.akamaized.net//images/flagge/verysmall/44.png?lm=1520611569,https://img.a.transfermarkt.technology/portrait/medium/1227106-1741010867.JPG?lm=1,2008-04-22,119,5
3260,Nordan Mukiele,1000000.0,65.0,Right Winger,France,https://tmssl.akamaized.net//images/flagge/verysmall/50.png?lm=1520611569,https://img.a.transfermarkt.technology/portrait/medium/default.jpg?lm=1,2006-02-12,119,5
3261,Estéban Lepaul,20000000.0,9.0,Centre-Forward,France,https://tmssl.akamaized.net//images/flagge/verysmall/50.png?lm=1520611569,https://img.a.transfermarkt.technology/portrait/medium/461607-1750956916.png?lm=1,2000-04-18,119,5
3262,Breel Embolo,12000000.0,7.0,Centre-Forward,Switzerland,https://tmssl.akamaized.net//images/flagge/verysmall/148.png?lm=1520611569,https://img.a.transfermarkt.technology/portrait/medium/237662-1737490753.jpg?lm=1,1997-02-14,119,5
3263,Yassir Zabiri,9000000.0,77.0,Centre-Forward,Morocco,https://tmssl.akamaized.net//images/flagge/verysmall/107.png?lm=1520611569,https://img.a.transfermarkt.technology/portrait/medium/1153105-1759431831.jpg?lm=1,2005-02-23,119,5
3264,Adriel,800000.0,1.0,Goalkeeper,Brazil,https://tmssl.akamaized.net//images/flagge/verysmall/26.png?lm=1520611569,https://img.a.transfermarkt.technology/portrait/medium/808445-1624912666.jpg?lm=1,2001-01-14,120,6
3265,Simão,200000.0,93.0,Goalkeeper,Brazil,https://tmssl.akamaized.net//images/flagge/verysmall/26.png?lm=1520611569,https://img.a.transfermarkt.technology/portrait/medium/538253-1660730331.jpg?lm=1,1993-07-02,120,6
3266,Trigueira,50000.0,88.0,Goalkeeper,Portugal,https://tmssl.akamaized.net//images/flagge/verysmall/136.png?lm=1520611569,https://img.a.transfermarkt.technology/portrait/medium/91949-1537360799.png?lm=1,1988-01-04,120,6
3267,Cristian Devenish,800000.0,42.0,Centre-Back,Colombia,https://tmssl.akamaized.net//images/flagge/verysmall/83.png?lm=1520611569,https://img.a.transfermarkt.technology/portrait/medium/726697-1707339505.JPG?lm=1,2001-01-25,120,6
3268,Paulo Vitor,500000.0,3.0,Centre-Back,Brazil,https://tmssl.akamaized.net//images/flagge/verysmall/26.png?lm=1520611569,https://img.a.transfermarkt.technology/portrait/medium/979625-1722317547.png?lm=1,2001-07-19,120,6
3269,Rúben Semedo,500000.0,35.0,Centre-Back,Portugal,https://tmssl.akamaized.net//images/flagge/verysmall/136.png?lm=1520611569,https://img.a.transfermarkt.technology/portrait/medium/197602-1723145663.jpg?lm=1,1994-04-04,120,6
3270,Ponck,200000.0,26.0,Centre-Back,Cape Verde,https://tmssl.akamaized.net//images/flagge/verysmall/32.png?lm=1520611569,https://img.a.transfermarkt.technology/portrait/medium/341516-1705662770.png?lm=1,1990-10-21,120,6
3271,Aderllan Santos,100000.0,33.0,Centre-Back,Brazil,https://tmssl.akamaized.net//images/flagge/verysmall/26.png?lm=1520611569,https://img.a.transfermarkt.technology/portrait/medium/159142-1737119731.jpg?lm=1,1989-04-09,120,6
3272,Daniel Rivas,500000.0,12.0,Left-Back,Paraguay,https://tmssl.akamaized.net//images/flagge/verysmall/132.png?lm=1520611569,https://img.a.transfermarkt.technology/portrait/medium/690124-1710426613.jpg?lm=1,2001-12-06,120,6
3273,Kiki,400000.0,24.0,Left-Back,Portugal,https://tmssl.akamaized.net//images/flagge/verysmall/136.png?lm=1520611569,https://img.a.transfermarkt.technology/portrait/medium/270055-1690030617.png?lm=1,1994-12-10,120,6
3274,Guillem Molina,300000.0,5.0,Right-Back,Spain,https://tmssl.akamaized.net//images/flagge/verysmall/157.png?lm=1520611569,https://img.a.transfermarkt.technology/portrait/medium/602156-1700856092.png?lm=1,2000-05-03,120,6
3275,Mateus Pivô,200000.0,97.0,Right-Back,Brazil,https://tmssl.akamaized.net//images/flagge/verysmall/26.png?lm=1520611569,https://img.a.transfermarkt.technology/portrait/medium/978615-1674927213.jpg?lm=1,1997-12-16,120,6
3276,Roni,1000000.0,70.0,Defensive Midfield,Brazil,https://tmssl.akamaized.net//images/flagge/verysmall/26.png?lm=1520611569,https://img.a.transfermarkt.technology/portrait/medium/725049-1600327915.jpg?lm=1,1999-04-15,120,6
3277,Ángel Algobia,600000.0,27.0,Defensive Midfield,Spain,https://tmssl.akamaized.net//images/flagge/verysmall/157.png?lm=1520611569,https://img.a.transfermarkt.technology/portrait/medium/638589-1660238970.jpg?lm=1,1999-06-23,120,6
3278,Tiago Hernández,300000.0,19.0,Defensive Midfield,Uruguay,https://tmssl.akamaized.net//images/flagge/verysmall/179.png?lm=1520611569,https://img.a.transfermarkt.technology/portrait/medium/747810-1720821120.jpg?lm=1,2002-05-11,120,6
3279,Pedro Lima,400000.0,8.0,Central Midfield,Brazil,https://tmssl.akamaized.net//images/flagge/verysmall/26.png?lm=1520611569,https://img.a.transfermarkt.technology/portrait/medium/816135-1670964723.jpg?lm=1,2003-03-27,120,6
3280,Gustavo Mendonça,200000.0,23.0,Central Midfield,Portugal,https://tmssl.akamaized.net//images/flagge/verysmall/136.png?lm=1520611569,https://img.a.transfermarkt.technology/portrait/medium/637788-1770901565.jpg?lm=1,2003-03-11,120,6
3281,Óscar Perea,2000000.0,14.0,Left Winger,Colombia,https://tmssl.akamaized.net//images/flagge/verysmall/83.png?lm=1520611569,https://img.a.transfermarkt.technology/portrait/medium/1015624-1732575943.png?lm=1,2005-09-27,120,6
3282,Tunde Akinsola,800000.0,11.0,Left Winger,Nigeria,https://tmssl.akamaized.net//images/flagge/verysmall/124.png?lm=1520611569,https://img.a.transfermarkt.technology/portrait/medium/924447-1700777468.jpg?lm=1,2003-03-10,120,6
3283,Andre Green,400000.0,25.0,Left Winger,England,https://tmssl.akamaized.net//images/flagge/verysmall/189.png?lm=1520611569,https://img.a.transfermarkt.technology/portrait/medium/309841-1648491795.png?lm=1,1998-07-26,120,6
3284,Guilherme Neiva,200000.0,21.0,Left Winger,Brazil,https://tmssl.akamaized.net//images/flagge/verysmall/26.png?lm=1520611569,https://img.a.transfermarkt.technology/portrait/medium/1065761-1770900958.jpg?lm=1,2001-03-15,120,6
3285,Antoine Baroan,600000.0,17.0,Centre-Forward,France,https://tmssl.akamaized.net//images/flagge/verysmall/50.png?lm=1520611569,https://img.a.transfermarkt.technology/portrait/medium/463666-1769497346.png?lm=1,2000-06-24,120,6
3286,Diego Duarte,250000.0,20.0,Centre-Forward,Paraguay,https://tmssl.akamaized.net//images/flagge/verysmall/132.png?lm=1520611569,https://img.a.transfermarkt.technology/portrait/medium/661243-1710427443.jpg?lm=1,2002-04-08,120,6
3287,Tomané,200000.0,7.0,Centre-Forward,Portugal,https://tmssl.akamaized.net//images/flagge/verysmall/136.png?lm=1520611569,https://img.a.transfermarkt.technology/portrait/medium/139393-1633107752.png?lm=1,1992-10-23,120,6
3288,Nenê,50000.0,18.0,Centre-Forward,Brazil,https://tmssl.akamaized.net//images/flagge/verysmall/26.png?lm=1520611569,https://img.a.transfermarkt.technology/portrait/medium/45717-1537365392.jpg?lm=1,1983-07-28,120,6
3289,Kaique Pereira,1000000.0,1.0,Goalkeeper,Brazil,https://tmssl.akamaized.net//images/flagge/verysmall/26.png?lm=1520611569,https://img.a.transfermarkt.technology/portrait/medium/964590-1670965083.jpg?lm=1,2003-04-16,121,6
3290,Lucas França,600000.0,37.0,Goalkeeper,Brazil,https://tmssl.akamaized.net//images/flagge/verysmall/26.png?lm=1520611569,https://img.a.transfermarkt.technology/portrait/medium/418615-1705757797.jpg?lm=1,1996-01-19,121,6
3291,Kevyn,200000.0,50.0,Goalkeeper,Brazil,https://tmssl.akamaized.net//images/flagge/verysmall/26.png?lm=1520611569,https://img.a.transfermarkt.technology/portrait/medium/default.jpg?lm=1,2005-07-01,121,6
3292,César Augusto,100000.0,12.0,Goalkeeper,Brazil,https://tmssl.akamaized.net//images/flagge/verysmall/26.png?lm=1520611569,https://img.a.transfermarkt.technology/portrait/medium/default.jpg?lm=1,2003-08-23,121,6
3293,Zé Vítor,2500000.0,38.0,Centre-Back,Brazil,https://tmssl.akamaized.net//images/flagge/verysmall/26.png?lm=1520611569,https://img.a.transfermarkt.technology/portrait/medium/879236-1660517796.jpg?lm=1,2001-02-09,121,6
3294,Ulisses,1000000.0,4.0,Centre-Back,Brazil,https://tmssl.akamaized.net//images/flagge/verysmall/26.png?lm=1520611569,https://img.a.transfermarkt.technology/portrait/medium/678991-1598602878.jpg?lm=1,1999-09-28,121,6
3295,Léo Santos,1000000.0,34.0,Centre-Back,Brazil,https://tmssl.akamaized.net//images/flagge/verysmall/26.png?lm=1520611569,https://img.a.transfermarkt.technology/portrait/medium/351894-1539349850.jpg?lm=1,1998-12-09,121,6
3296,Ivanildo Fernandes,200000.0,14.0,Centre-Back,Cape Verde,https://tmssl.akamaized.net//images/flagge/verysmall/32.png?lm=1520611569,https://img.a.transfermarkt.technology/portrait/medium/340524-1579457375.jpeg?lm=1,1996-03-26,121,6
3297,Chico Gonçalves,200000.0,33.0,Centre-Back,Portugal,https://tmssl.akamaized.net//images/flagge/verysmall/136.png?lm=1520611569,https://img.a.transfermarkt.technology/portrait/medium/default.jpg?lm=1,2004-03-05,121,6
3298,José Gomes,1000000.0,5.0,Left-Back,Portugal,https://tmssl.akamaized.net//images/flagge/verysmall/136.png?lm=1520611569,https://img.a.transfermarkt.technology/portrait/medium/305946-1500043002.jpg?lm=1,1996-07-20,121,6
3299,Lenny Vallier,500000.0,24.0,Left-Back,France,https://tmssl.akamaized.net//images/flagge/verysmall/50.png?lm=1520611569,https://img.a.transfermarkt.technology/portrait/medium/371148-1727173922.png?lm=1,1999-04-24,121,6
3300,Alan Núñez,800000.0,16.0,Right-Back,Paraguay,https://tmssl.akamaized.net//images/flagge/verysmall/132.png?lm=1520611569,https://img.a.transfermarkt.technology/portrait/medium/912703-1688431907.jpg?lm=1,2004-10-01,121,6
3301,João Aurélio,50000.0,2.0,Right-Back,Portugal,https://tmssl.akamaized.net//images/flagge/verysmall/136.png?lm=1520611569,https://img.a.transfermarkt.technology/portrait/medium/84711-1537360123.png?lm=1,1988-08-17,121,6
3302,Matheus Dias,1500000.0,6.0,Defensive Midfield,Brazil,https://tmssl.akamaized.net//images/flagge/verysmall/26.png?lm=1520611569,https://img.a.transfermarkt.technology/portrait/medium/815384-1664420751.jpg?lm=1,2002-05-09,121,6
3303,Liziero,1500000.0,28.0,Central Midfield,Brazil,https://tmssl.akamaized.net//images/flagge/verysmall/26.png?lm=1520611569,https://img.a.transfermarkt.technology/portrait/medium/401526-1531496363.jpg?lm=1,1998-02-07,121,6
3304,Chiheb Labidi,500000.0,15.0,Central Midfield,Tunisia,https://tmssl.akamaized.net//images/flagge/verysmall/173.png?lm=1520611569,https://img.a.transfermarkt.technology/portrait/medium/673511-1708343033.jpg?lm=1,2001-06-01,121,6
3305,Joel Silva,400000.0,26.0,Central Midfield,Portugal,https://tmssl.akamaized.net//images/flagge/verysmall/136.png?lm=1520611569,https://img.a.transfermarkt.technology/portrait/medium/default.jpg?lm=1,2003-02-11,121,6
3306,Deivison,200000.0,88.0,Central Midfield,Brazil,https://tmssl.akamaized.net//images/flagge/verysmall/26.png?lm=1520611569,https://img.a.transfermarkt.technology/portrait/medium/default.jpg?lm=1,2006-05-04,121,6
3307,Jota,75000.0,20.0,Central Midfield,Portugal,https://tmssl.akamaized.net//images/flagge/verysmall/136.png?lm=1520611569,https://img.a.transfermarkt.technology/portrait/medium/213510-1534846680.jpg?lm=1,1993-03-07,121,6
3308,André Sousa,50000.0,18.0,Central Midfield,Portugal,https://tmssl.akamaized.net//images/flagge/verysmall/136.png?lm=1520611569,https://img.a.transfermarkt.technology/portrait/medium/187860-1583005401.jpeg?lm=1,1990-07-09,121,6
3309,Filipe Soares,700000.0,22.0,Attacking Midfield,Portugal,https://tmssl.akamaized.net//images/flagge/verysmall/136.png?lm=1520611569,https://img.a.transfermarkt.technology/portrait/medium/357163-1694781256.png?lm=1,1999-05-20,121,6
3310,Daniel Jr,600000.0,10.0,Attacking Midfield,Brazil,https://tmssl.akamaized.net//images/flagge/verysmall/26.png?lm=1520611569,https://img.a.transfermarkt.technology/portrait/medium/746358-1694515273.png?lm=1,2002-05-09,121,6
3311,Miguel Baeza,400000.0,8.0,Attacking Midfield,Spain,https://tmssl.akamaized.net//images/flagge/verysmall/157.png?lm=1520611569,https://img.a.transfermarkt.technology/portrait/medium/523977-1676547473.jpg?lm=1,2000-03-27,121,6
3312,Paulinho Bóia,1000000.0,11.0,Left Winger,Brazil,https://tmssl.akamaized.net//images/flagge/verysmall/26.png?lm=1520611569,https://img.a.transfermarkt.technology/portrait/medium/544895-1641123568.png?lm=1,1998-06-26,121,6
3313,Witi,500000.0,7.0,Left Winger,Mozambique,https://tmssl.akamaized.net//images/flagge/verysmall/115.png?lm=1520611569,https://img.a.transfermarkt.technology/portrait/medium/352425-1534846226.jpg?lm=1,1996-08-26,121,6
3314,Gabriel Veron,3000000.0,27.0,Right Winger,Brazil,https://tmssl.akamaized.net//images/flagge/verysmall/26.png?lm=1520611569,https://img.a.transfermarkt.technology/portrait/medium/627221-1669112552.png?lm=1,2002-09-03,121,6
3315,Pablo Ruan,500000.0,99.0,Right Winger,Brazil,https://tmssl.akamaized.net//images/flagge/verysmall/26.png?lm=1520611569,https://img.a.transfermarkt.technology/portrait/medium/1083068-1716823852.jpg?lm=1,2003-02-01,121,6
3316,Watts,200000.0,30.0,Right Winger,Portugal,https://tmssl.akamaized.net//images/flagge/verysmall/136.png?lm=1520611569,https://img.a.transfermarkt.technology/portrait/medium/default.jpg?lm=1,2005-07-14,121,6
3317,Jesús Ramírez,2000000.0,9.0,Centre-Forward,Venezuela,https://tmssl.akamaized.net//images/flagge/verysmall/182.png?lm=1520611569,https://img.a.transfermarkt.technology/portrait/medium/419936-1689097936.jpg?lm=1,1998-05-04,121,6
3318,Lucas João,200000.0,19.0,Centre-Forward,Angola,https://tmssl.akamaized.net//images/flagge/verysmall/6.png?lm=1520611569,https://img.a.transfermarkt.technology/portrait/medium/234787-1744354301.png?lm=1,1993-09-04,121,6
3319,Gabriel Batista,4000000.0,1.0,Goalkeeper,Brazil,https://tmssl.akamaized.net//images/flagge/verysmall/26.png?lm=1520611569,https://img.a.transfermarkt.technology/portrait/medium/401535-1543846106.jpg?lm=1,1998-06-03,122,6
3320,Neneca,400000.0,12.0,Goalkeeper,Brazil,https://tmssl.akamaized.net//images/flagge/verysmall/26.png?lm=1520611569,https://img.a.transfermarkt.technology/portrait/medium/983843-1665789640.jpg?lm=1,2003-08-27,122,6
3321,Cristian,75000.0,25.0,Goalkeeper,Brazil,https://tmssl.akamaized.net//images/flagge/verysmall/26.png?lm=1520611569,https://img.a.transfermarkt.technology/portrait/medium/662335-1595155136.jpg?lm=1,2002-02-25,122,6
3322,MT,4500000.0,32.0,Centre-Back,Brazil,https://tmssl.akamaized.net//images/flagge/verysmall/26.png?lm=1520611569,https://img.a.transfermarkt.technology/portrait/medium/808475-1729963137.jpg?lm=1,2001-03-01,122,6
3323,Sidney Lima,3500000.0,23.0,Centre-Back,Brazil,https://tmssl.akamaized.net//images/flagge/verysmall/26.png?lm=1520611569,https://img.a.transfermarkt.technology/portrait/medium/657155-1729963121.jpg?lm=1,1997-01-17,122,6
3324,Frederico Venâncio,500000.0,21.0,Centre-Back,Portugal,https://tmssl.akamaized.net//images/flagge/verysmall/136.png?lm=1520611569,https://img.a.transfermarkt.technology/portrait/medium/169681-1547396267.png?lm=1,1993-02-04,122,6
3325,Pedro Pacheco,400000.0,4.0,Centre-Back,Portugal,https://tmssl.akamaized.net//images/flagge/verysmall/136.png?lm=1520611569,https://img.a.transfermarkt.technology/portrait/medium/290508-1503595572.jpg?lm=1,1997-01-27,122,6
3326,Henrique Silva,50000.0,94.0,Centre-Back,Brazil,https://tmssl.akamaized.net//images/flagge/verysmall/26.png?lm=1520611569,https://img.a.transfermarkt.technology/portrait/medium/default.jpg?lm=1,2005-10-17,122,6
3327,Paulo Victor,1000000.0,64.0,Left-Back,Brazil,https://tmssl.akamaized.net//images/flagge/verysmall/26.png?lm=1520611569,https://img.a.transfermarkt.technology/portrait/medium/875511-1631628777.jpg?lm=1,2001-04-13,122,6
3328,Guilherme Romão,400000.0,5.0,Left-Back,Brazil,https://tmssl.akamaized.net//images/flagge/verysmall/26.png?lm=1520611569,https://img.a.transfermarkt.technology/portrait/medium/519879-1598015536.jpg?lm=1,1997-10-07,122,6
3329,Lucas Soares,1500000.0,42.0,Right-Back,Brazil,https://tmssl.akamaized.net//images/flagge/verysmall/26.png?lm=1520611569,https://img.a.transfermarkt.technology/portrait/medium/684061-1663602623.png?lm=1,1998-05-04,122,6
3330,Diogo Calila,500000.0,2.0,Right-Back,Mozambique,https://tmssl.akamaized.net//images/flagge/verysmall/115.png?lm=1520611569,https://img.a.transfermarkt.technology/portrait/medium/396429-1716925128.jpeg?lm=1,1998-10-10,122,6
3331,Pedro Ferreira,2000000.0,8.0,Defensive Midfield,Portugal,https://tmssl.akamaized.net//images/flagge/verysmall/136.png?lm=1520611569,https://img.a.transfermarkt.technology/portrait/medium/337799-1409755092.jpg?lm=1,1998-01-05,122,6
3332,Darlan,700000.0,37.0,Defensive Midfield,Brazil,https://tmssl.akamaized.net//images/flagge/verysmall/26.png?lm=1520611569,https://img.a.transfermarkt.technology/portrait/medium/570582-1691301973.png?lm=1,1998-04-16,122,6
3333,Serginho,1500000.0,35.0,Central Midfield,Portugal,https://tmssl.akamaized.net//images/flagge/verysmall/136.png?lm=1520611569,https://img.a.transfermarkt.technology/portrait/medium/default.jpg?lm=1,1999-12-01,122,6
3334,Gustavo Klismahn,500000.0,77.0,Central Midfield,Brazil,https://tmssl.akamaized.net//images/flagge/verysmall/26.png?lm=1520611569,https://img.a.transfermarkt.technology/portrait/medium/606719-1733273925.jpg?lm=1,1999-11-23,122,6
3335,Djé,50000.0,65.0,Central Midfield,Cape Verde,https://tmssl.akamaized.net//images/flagge/verysmall/32.png?lm=1520611569,https://img.a.transfermarkt.technology/portrait/medium/default.jpg?lm=1,2003-06-02,122,6
3336,Andrey,200000.0,78.0,Attacking Midfield,Brazil,https://tmssl.akamaized.net//images/flagge/verysmall/26.png?lm=1520611569,https://img.a.transfermarkt.technology/portrait/medium/997076-1741858941.jpg?lm=1,2002-02-06,122,6
3337,Gabriel Silva,4000000.0,10.0,Left Winger,Brazil,https://tmssl.akamaized.net//images/flagge/verysmall/26.png?lm=1520611569,https://img.a.transfermarkt.technology/portrait/medium/627224-1773448016.jpg?lm=1,2002-03-22,122,6
3338,Vinícius Lopes,2500000.0,70.0,Right Winger,Brazil,https://tmssl.akamaized.net//images/flagge/verysmall/26.png?lm=1520611569,https://img.a.transfermarkt.technology/portrait/medium/688881-1636982998.jpg?lm=1,1999-05-07,122,6
3339,Brenner,1300000.0,11.0,Right Winger,Brazil,https://tmssl.akamaized.net//images/flagge/verysmall/26.png?lm=1520611569,https://img.a.transfermarkt.technology/portrait/medium/973703-1741821568.jpg?lm=1,2002-01-02,122,6
3340,Welinton Torrão,350000.0,49.0,Right Winger,Brazil,https://tmssl.akamaized.net//images/flagge/verysmall/26.png?lm=1520611569,https://img.a.transfermarkt.technology/portrait/medium/default.jpg?lm=1,1999-06-30,122,6
3341,Fernando,300000.0,26.0,Right Winger,Brazil,https://tmssl.akamaized.net//images/flagge/verysmall/26.png?lm=1520611569,https://img.a.transfermarkt.technology/portrait/medium/1091608-1708568803.jpg?lm=1,2005-04-12,122,6
3342,Vitinho,275000.0,27.0,Right Winger,Brazil,https://tmssl.akamaized.net//images/flagge/verysmall/26.png?lm=1520611569,https://img.a.transfermarkt.technology/portrait/medium/796742-1670979913.jpg?lm=1,2003-03-25,122,6
3343,Elias Manoel,1500000.0,7.0,Centre-Forward,Brazil,https://tmssl.akamaized.net//images/flagge/verysmall/26.png?lm=1520611569,https://img.a.transfermarkt.technology/portrait/medium/813044-1710581617.jpg?lm=1,2001-11-30,122,6
3344,Gonçalo Paciência,700000.0,39.0,Centre-Forward,Portugal,https://tmssl.akamaized.net//images/flagge/verysmall/136.png?lm=1520611569,https://img.a.transfermarkt.technology/portrait/medium/181547-1533115440.jpg?lm=1,1994-08-01,122,6
3345,João Costa,400000.0,17.0,Centre-Forward,Portugal,https://tmssl.akamaized.net//images/flagge/verysmall/136.png?lm=1520611569,https://img.a.transfermarkt.technology/portrait/medium/default.jpg?lm=1,2000-03-07,122,6
3346,Bernardo,3500000.0,31.0,Goalkeeper,Brazil,https://tmssl.akamaized.net//images/flagge/verysmall/26.png?lm=1520611569,https://img.a.transfermarkt.technology/portrait/medium/719646-1761504207.jpg?lm=1,2002-07-23,123,6
3347,Lucas Cañizares,400000.0,30.0,Goalkeeper,Spain,https://tmssl.akamaized.net//images/flagge/verysmall/157.png?lm=1520611569,https://img.a.transfermarkt.technology/portrait/medium/568154-1603003972.jpg?lm=1,2002-05-10,123,6
3348,Gabriel Souza,150000.0,1.0,Goalkeeper,Brazil,https://tmssl.akamaized.net//images/flagge/verysmall/26.png?lm=1520611569,https://img.a.transfermarkt.technology/portrait/medium/375770-1541088599.jpg?lm=1,1997-01-01,123,6
3349,Brayan Medina,4000000.0,20.0,Centre-Back,Colombia,https://tmssl.akamaized.net//images/flagge/verysmall/83.png?lm=1520611569,https://img.a.transfermarkt.technology/portrait/medium/989929-1691772750.jpg?lm=1,2002-03-04,123,6
3350,Christian Marques,2000000.0,4.0,Centre-Back,Portugal,https://tmssl.akamaized.net//images/flagge/verysmall/136.png?lm=1520611569,https://img.a.transfermarkt.technology/portrait/medium/539807-1738846099.jpg?lm=1,2003-01-15,123,6
3351,João Silva,1500000.0,44.0,Centre-Back,Portugal,https://tmssl.akamaized.net//images/flagge/verysmall/136.png?lm=1520611569,https://img.a.transfermarkt.technology/portrait/medium/461903-1743724022.jpg?lm=1,1999-01-14,123,6
3352,João Afonso,50000.0,5.0,Centre-Back,Portugal,https://tmssl.akamaized.net//images/flagge/verysmall/136.png?lm=1520611569,https://img.a.transfermarkt.technology/portrait/medium/211107-1547404462.png?lm=1,1990-05-28,123,6
3353,Nor Maviram,500000.0,60.0,Left-Back,Nigeria,https://tmssl.akamaized.net//images/flagge/verysmall/124.png?lm=1520611569,https://img.a.transfermarkt.technology/portrait/medium/700789-1714464465.jpg?lm=1,2001-04-04,123,6
3354,Rémy Vita,400000.0,21.0,Left-Back,Comoros,https://tmssl.akamaized.net//images/flagge/verysmall/35.png?lm=1520611569,https://img.a.transfermarkt.technology/portrait/medium/805835-1630599334.jpg?lm=1,2001-04-01,123,6
3355,Tiago Manso,700000.0,48.0,Right-Back,Portugal,https://tmssl.akamaized.net//images/flagge/verysmall/136.png?lm=1520611569,https://img.a.transfermarkt.technology/portrait/medium/592498-1546889206.png?lm=1,1999-12-13,123,6
3356,Rodrigo Conceição,500000.0,27.0,Right-Back,Portugal,https://tmssl.akamaized.net//images/flagge/verysmall/136.png?lm=1520611569,https://img.a.transfermarkt.technology/portrait/medium/426213-1720616605.png?lm=1,2000-01-02,123,6
3357,Bebeto,50000.0,2.0,Right-Back,Brazil,https://tmssl.akamaized.net//images/flagge/verysmall/26.png?lm=1520611569,https://img.a.transfermarkt.technology/portrait/medium/124548-1560104395.png?lm=1,1990-01-01,123,6
3358,Juanse Rodríguez,1000000.0,32.0,Defensive Midfield,Ecuador,https://tmssl.akamaized.net//images/flagge/verysmall/44.png?lm=1520611569,https://img.a.transfermarkt.technology/portrait/medium/1074496-1760631153.jpg?lm=1,2006-03-27,123,6
3359,Joe Hodge,700000.0,10.0,Defensive Midfield,Ireland,https://tmssl.akamaized.net//images/flagge/verysmall/72.png?lm=1520611569,https://img.a.transfermarkt.technology/portrait/medium/503975-1696599924.jpg?lm=1,2002-09-14,123,6
3360,Cícero,500000.0,97.0,Defensive Midfield,Brazil,https://tmssl.akamaized.net//images/flagge/verysmall/26.png?lm=1520611569,https://img.a.transfermarkt.technology/portrait/medium/476355-1737736348.jpg?lm=1,1997-05-10,123,6
3361,Yaya Sithole,600000.0,15.0,Central Midfield,South Africa,https://tmssl.akamaized.net//images/flagge/verysmall/159.png?lm=1520611569,https://img.a.transfermarkt.technology/portrait/medium/401736-1680154630.jpg?lm=1,1999-03-03,123,6
3362,Hélder Tavares,50000.0,8.0,Central Midfield,Cape Verde,https://tmssl.akamaized.net//images/flagge/verysmall/32.png?lm=1520611569,https://img.a.transfermarkt.technology/portrait/medium/134608-1598707029.jpeg?lm=1,1989-12-26,123,6
3363,Hugo Félix,800000.0,79.0,Attacking Midfield,Portugal,https://tmssl.akamaized.net//images/flagge/verysmall/136.png?lm=1520611569,https://img.a.transfermarkt.technology/portrait/medium/670683-1649417739.jpg?lm=1,2004-03-03,123,6
3364,Xabi Huarte,200000.0,14.0,Attacking Midfield,Spain,https://tmssl.akamaized.net//images/flagge/verysmall/157.png?lm=1520611569,https://img.a.transfermarkt.technology/portrait/medium/634125-1700857441.png?lm=1,2001-02-25,123,6
3365,Makan Aïko,800000.0,90.0,Left Winger,France,https://tmssl.akamaized.net//images/flagge/verysmall/50.png?lm=1520611569,https://img.a.transfermarkt.technology/portrait/medium/813152-1764159767.png?lm=1,2001-01-07,123,6
3366,Benjamin Kimpioka,500000.0,23.0,Left Winger,Sweden,https://tmssl.akamaized.net//images/flagge/verysmall/147.png?lm=1520611569,https://img.a.transfermarkt.technology/portrait/medium/433652-1761756488.jpeg?lm=1,2000-02-21,123,6
3367,Moudjatovic,200000.0,70.0,Left Winger,Cote d'Ivoire,https://tmssl.akamaized.net//images/flagge/verysmall/38.png?lm=1520611569,https://img.a.transfermarkt.technology/portrait/medium/842764-1692873898.png?lm=1,2002-05-20,123,6
3368,Maranhão,1500000.0,7.0,Right Winger,Brazil,https://tmssl.akamaized.net//images/flagge/verysmall/26.png?lm=1520611569,https://img.a.transfermarkt.technology/portrait/medium/642591-1737737080.jpg?lm=1,1999-03-02,123,6
3369,Rony Lopes,1200000.0,16.0,Right Winger,Portugal,https://tmssl.akamaized.net//images/flagge/verysmall/136.png?lm=1520611569,https://img.a.transfermarkt.technology/portrait/medium/174694-1730199640.jpg?lm=1,1995-12-28,123,6
3370,Arjen van der Heide,350000.0,26.0,Right Winger,Netherlands,https://tmssl.akamaized.net//images/flagge/verysmall/122.png?lm=1520611569,https://img.a.transfermarkt.technology/portrait/medium/462087-1725616907.jpg?lm=1,2001-11-19,123,6
3371,Jordan,2000000.0,29.0,Centre-Forward,United States,https://tmssl.akamaized.net//images/flagge/verysmall/184.png?lm=1520611569,https://img.a.transfermarkt.technology/portrait/medium/355369-1692707635.jpg?lm=1,1996-04-26,123,6
3372,Diogo Pinto,300000.0,1.0,Goalkeeper,Portugal,https://tmssl.akamaized.net//images/flagge/verysmall/136.png?lm=1520611569,https://img.a.transfermarkt.technology/portrait/medium/670711-1689275244.jpg?lm=1,2004-06-18,124,6
3373,Dudu,275000.0,13.0,Goalkeeper,Germany,https://tmssl.akamaized.net//images/flagge/verysmall/40.png?lm=1520612525,https://img.a.transfermarkt.technology/portrait/medium/369258-1752756448.jpg?lm=1,1999-02-10,124,6
3374,David Grilo,100000.0,22.0,Goalkeeper,Portugal,https://tmssl.akamaized.net//images/flagge/verysmall/136.png?lm=1520611569,https://img.a.transfermarkt.technology/portrait/medium/372468-1638712058.jpg?lm=1,1996-08-13,124,6
3375,Renan Ribeiro,100000.0,40.0,Goalkeeper,Brazil,https://tmssl.akamaized.net//images/flagge/verysmall/26.png?lm=1520611569,https://img.a.transfermarkt.technology/portrait/medium/95142-1713107249.jpg?lm=1,1990-03-23,124,6
3376,Stefan Lekovic,2500000.0,25.0,Centre-Back,Serbia,https://tmssl.akamaized.net//images/flagge/verysmall/215.png?lm=1520611569,https://img.a.transfermarkt.technology/portrait/medium/797572-1739282472.jpg?lm=1,2004-01-09,124,6
3377,Luan Patrick,2000000.0,30.0,Centre-Back,Brazil,https://tmssl.akamaized.net//images/flagge/verysmall/26.png?lm=1520611569,https://img.a.transfermarkt.technology/portrait/medium/658674-1682527289.jpg?lm=1,2002-01-20,124,6
3378,Otávio,1500000.0,83.0,Centre-Back,Brazil,https://tmssl.akamaized.net//images/flagge/verysmall/26.png?lm=1520611569,https://img.a.transfermarkt.technology/portrait/medium/1094885-1767963953.jpg?lm=1,2005-11-25,124,6
3379,Bernardo Schappo,750000.0,14.0,Centre-Back,Brazil,https://tmssl.akamaized.net//images/flagge/verysmall/26.png?lm=1520611569,https://img.a.transfermarkt.technology/portrait/medium/699679-1666299634.jpg?lm=1,1999-03-22,124,6
3380,Issiar Dramé,400000.0,5.0,Centre-Back,Mali,https://tmssl.akamaized.net//images/flagge/verysmall/105.png?lm=1520611569,https://img.a.transfermarkt.technology/portrait/medium/461582-1743698274.jpg?lm=1,1999-02-16,124,6
3381,Ni,100000.0,3.0,Centre-Back,Portugal,https://tmssl.akamaized.net//images/flagge/verysmall/136.png?lm=1520611569,https://img.a.transfermarkt.technology/portrait/medium/default.jpg?lm=1,2003-03-01,124,6
3382,Bruno Langa,1000000.0,24.0,Left-Back,Mozambique,https://tmssl.akamaized.net//images/flagge/verysmall/115.png?lm=1520611569,https://img.a.transfermarkt.technology/portrait/medium/631472-1758220415.jpg?lm=1,1997-10-31,124,6
3383,Yahya Kalley,375000.0,2.0,Left-Back,The Gambia,https://tmssl.akamaized.net//images/flagge/verysmall/52.png?lm=1520611569,https://img.a.transfermarkt.technology/portrait/medium/593410-1630507412.jpg?lm=1,2001-03-20,124,6
3384,Jefferson Encada,400000.0,17.0,Right-Back,Guinea-Bissau,https://tmssl.akamaized.net//images/flagge/verysmall/60.png?lm=1520611569,https://img.a.transfermarkt.technology/portrait/medium/448468-1547563286.png?lm=1,1998-04-17,124,6
3385,Max Scholze,400000.0,21.0,Right-Back,Germany,https://tmssl.akamaized.net//images/flagge/verysmall/40.png?lm=1520612525,https://img.a.transfermarkt.technology/portrait/medium/707350-1753735529.jpg?lm=1,2005-04-30,124,6
3386,Kevin Höög Jansson,400000.0,6.0,Defensive Midfield,Sweden,https://tmssl.akamaized.net//images/flagge/verysmall/147.png?lm=1520611569,https://img.a.transfermarkt.technology/portrait/medium/626854-1613147297.png?lm=1,2000-09-29,124,6
3387,Eddy Doué,300000.0,39.0,Defensive Midfield,Cote d'Ivoire,https://tmssl.akamaized.net//images/flagge/verysmall/38.png?lm=1520611569,https://img.a.transfermarkt.technology/portrait/medium/default.jpg?lm=1,2005-12-11,124,6
3388,Paulo Moreira,1500000.0,19.0,Central Midfield,Portugal,https://tmssl.akamaized.net//images/flagge/verysmall/136.png?lm=1520611569,https://img.a.transfermarkt.technology/portrait/medium/375392-1743699836.jpg?lm=1,2000-02-17,124,6
3389,Robinho,500000.0,8.0,Central Midfield,Brazil,https://tmssl.akamaized.net//images/flagge/verysmall/26.png?lm=1520611569,https://img.a.transfermarkt.technology/portrait/medium/1093626-1711599066.jpg?lm=1,2002-08-07,124,6
3390,Tom Moustier,400000.0,28.0,Central Midfield,France,https://tmssl.akamaized.net//images/flagge/verysmall/50.png?lm=1520611569,https://img.a.transfermarkt.technology/portrait/medium/782889-1753388045.jpg?lm=1,2002-05-02,124,6
3391,Alex Sola,300000.0,63.0,Central Midfield,Angola,https://tmssl.akamaized.net//images/flagge/verysmall/6.png?lm=1520611569,https://img.a.transfermarkt.technology/portrait/medium/1216111-1743700735.jpg?lm=1,2003-12-14,124,6
3392,Ianis Stoica,1500000.0,10.0,Left Winger,Romania,https://tmssl.akamaized.net//images/flagge/verysmall/140.png?lm=1520611569,https://img.a.transfermarkt.technology/portrait/medium/547754-1753432042.png?lm=1,2002-12-08,124,6
3393,Jovane Cabral,800000.0,11.0,Left Winger,Cape Verde,https://tmssl.akamaized.net//images/flagge/verysmall/32.png?lm=1520611569,https://img.a.transfermarkt.technology/portrait/medium/448466-1743699997.jpg?lm=1,1998-06-14,124,6
3394,Jorge Meireles,600000.0,18.0,Left Winger,Portugal,https://tmssl.akamaized.net//images/flagge/verysmall/136.png?lm=1520611569,https://img.a.transfermarkt.technology/portrait/medium/742454-1689275346.jpg?lm=1,2004-04-04,124,6
3395,Alisson Souza,100000.0,80.0,Left Winger,Brazil,https://tmssl.akamaized.net//images/flagge/verysmall/26.png?lm=1520611569,https://img.a.transfermarkt.technology/portrait/medium/1270605-1767963706.jpg?lm=1,2005-04-11,124,6
3396,Billal Brahimi,1500000.0,26.0,Right Winger,Algeria,https://tmssl.akamaized.net//images/flagge/verysmall/4.png?lm=1520611569,https://img.a.transfermarkt.technology/portrait/medium/543051-1756806904.jpg?lm=1,2000-03-14,124,6
3397,Abraham Marcus,800000.0,99.0,Right Winger,Nigeria,https://tmssl.akamaized.net//images/flagge/verysmall/124.png?lm=1520611569,https://img.a.transfermarkt.technology/portrait/medium/699632-1612876843.jpg?lm=1,2000-01-02,124,6
3398,Sydney van Hooijdonk,1300000.0,20.0,Centre-Forward,Netherlands,https://tmssl.akamaized.net//images/flagge/verysmall/122.png?lm=1520611569,https://img.a.transfermarkt.technology/portrait/medium/439292-1755785236.jpg?lm=1,2000-02-06,124,6
3399,Rodrigo Pinho,200000.0,9.0,Centre-Forward,Brazil,https://tmssl.akamaized.net//images/flagge/verysmall/26.png?lm=1520611569,https://img.a.transfermarkt.technology/portrait/medium/366278-1743700311.jpg?lm=1,1991-05-30,124,6
3400,Mathew Gbomadu,200000.0,17.0,Centre-Forward,Nigeria,https://tmssl.akamaized.net//images/flagge/verysmall/124.png?lm=1520611569,https://img.a.transfermarkt.technology/portrait/medium/1159175-1757593860.png?lm=1,2004-10-16,124,6
3401,Chilohem Onuoha,200000.0,70.0,Centre-Forward,Germany,https://tmssl.akamaized.net//images/flagge/verysmall/40.png?lm=1520612525,https://img.a.transfermarkt.technology/portrait/medium/905013-1752744716.jpg?lm=1,2005-05-07,124,6
3402,Leandro Antonetti,200000.0,77.0,Centre-Forward,Puerto Rico,https://tmssl.akamaized.net//images/flagge/verysmall/228.png?lm=1520611569,https://img.a.transfermarkt.technology/portrait/medium/892926-1750365255.jpg?lm=1,2003-01-13,124,6
3403,Patrick Sequeira,3500000.0,1.0,Goalkeeper,Costa Rica,https://tmssl.akamaized.net//images/flagge/verysmall/36.png?lm=1520611569,https://img.a.transfermarkt.technology/portrait/medium/378482-1700766324.png?lm=1,1999-03-01,125,6
3404,Ivan Mandić,300000.0,95.0,Goalkeeper,Croatia,https://tmssl.akamaized.net//images/flagge/verysmall/37.png?lm=1520611569,https://img.a.transfermarkt.technology/portrait/medium/815219-1731615982.jpeg?lm=1,2003-03-10,125,6
3405,Rodrigo Moura,150000.0,,Goalkeeper,Brazil,https://tmssl.akamaized.net//images/flagge/verysmall/26.png?lm=1520611569,https://img.a.transfermarkt.technology/portrait/medium/543103-1705755128.jpg?lm=1,1996-01-25,125,6
3406,Ricardo Batista,100000.0,33.0,Goalkeeper,Angola,https://tmssl.akamaized.net//images/flagge/verysmall/6.png?lm=1520611569,https://img.a.transfermarkt.technology/portrait/medium/24846-1663602421.png?lm=1,1986-11-19,125,6
3407,Kaique Rocha,1500000.0,27.0,Centre-Back,Brazil,https://tmssl.akamaized.net//images/flagge/verysmall/26.png?lm=1520611569,https://img.a.transfermarkt.technology/portrait/medium/633377-1604409330.jpg?lm=1,2001-02-28,125,6
3408,João Goulart,1000000.0,4.0,Centre-Back,Portugal,https://tmssl.akamaized.net//images/flagge/verysmall/136.png?lm=1520611569,https://img.a.transfermarkt.technology/portrait/medium/537477-1571744295.jpg?lm=1,2000-01-27,125,6
3409,David Sousa,800000.0,43.0,Centre-Back,Brazil,https://tmssl.akamaized.net//images/flagge/verysmall/26.png?lm=1520611569,https://img.a.transfermarkt.technology/portrait/medium/740159-1709824940.png?lm=1,2001-07-04,125,6
3410,Kaly,250000.0,3.0,Centre-Back,Angola,https://tmssl.akamaized.net//images/flagge/verysmall/6.png?lm=1520611569,https://img.a.transfermarkt.technology/portrait/medium/1241219-1713416870.png?lm=1,2003-11-27,125,6
3411,José Fonte,100000.0,6.0,Centre-Back,Portugal,https://tmssl.akamaized.net//images/flagge/verysmall/136.png?lm=1520611569,https://img.a.transfermarkt.technology/portrait/medium/33829-1666690457.jpg?lm=1,1983-12-22,125,6
3412,Abdu Conté,700000.0,5.0,Left-Back,Portugal,https://tmssl.akamaized.net//images/flagge/verysmall/136.png?lm=1520611569,https://img.a.transfermarkt.technology/portrait/medium/337798-1522748269.jpg?lm=1,1998-03-24,125,6
3413,Pedro Rosas,450000.0,75.0,Left-Back,Portugal,https://tmssl.akamaized.net//images/flagge/verysmall/136.png?lm=1520611569,https://img.a.transfermarkt.technology/portrait/medium/default.jpg?lm=1,2000-11-28,125,6
3414,Gaizka Larrazabal,2500000.0,72.0,Right-Back,Spain,https://tmssl.akamaized.net//images/flagge/verysmall/157.png?lm=1520611569,https://img.a.transfermarkt.technology/portrait/medium/439465-1568024290.png?lm=1,1997-12-17,125,6
3415,André Geraldes,200000.0,18.0,Right-Back,Portugal,https://tmssl.akamaized.net//images/flagge/verysmall/136.png?lm=1520611569,https://img.a.transfermarkt.technology/portrait/medium/154319-1653327686.png?lm=1,1991-05-02,125,6
3416,Seba Pérez,800000.0,42.0,Defensive Midfield,Colombia,https://tmssl.akamaized.net//images/flagge/verysmall/83.png?lm=1520611569,https://img.a.transfermarkt.technology/portrait/medium/182108-1461141662.jpg?lm=1,1993-03-29,125,6
3417,Rafael Brito,400000.0,8.0,Defensive Midfield,Portugal,https://tmssl.akamaized.net//images/flagge/verysmall/136.png?lm=1520611569,https://img.a.transfermarkt.technology/portrait/medium/504075-1572339154.jpg?lm=1,2002-01-19,125,6
3418,Iyad Mohamed,400000.0,24.0,Defensive Midfield,Comoros,https://tmssl.akamaized.net//images/flagge/verysmall/35.png?lm=1520611569,https://img.a.transfermarkt.technology/portrait/medium/805065-1643894860.jpg?lm=1,2001-03-05,125,6
3419,Lawrence Ofori,2000000.0,80.0,Central Midfield,Ghana,https://tmssl.akamaized.net//images/flagge/verysmall/54.png?lm=1520611569,https://img.a.transfermarkt.technology/portrait/medium/536081-1705663776.png?lm=1,1998-06-28,125,6
3420,Kevin Prieto,500000.0,19.0,Right Midfield,Uruguay,https://tmssl.akamaized.net//images/flagge/verysmall/179.png?lm=1520611569,https://img.a.transfermarkt.technology/portrait/medium/1221003-1743017579.jpg?lm=1,2003-06-27,125,6
3421,Tiago Morais,2000000.0,21.0,Left Winger,Portugal,https://tmssl.akamaized.net//images/flagge/verysmall/136.png?lm=1520611569,https://img.a.transfermarkt.technology/portrait/medium/815652-1737125350.jpg?lm=1,2003-09-03,125,6
3422,João Marques,1500000.0,11.0,Left Winger,Portugal,https://tmssl.akamaized.net//images/flagge/verysmall/136.png?lm=1520611569,https://img.a.transfermarkt.technology/portrait/medium/891971-1749738572.jpg?lm=1,2002-02-13,125,6
3423,Kelian Nsona,750000.0,7.0,Left Winger,France,https://tmssl.akamaized.net//images/flagge/verysmall/50.png?lm=1520611569,https://img.a.transfermarkt.technology/portrait/medium/569368-1713620942.png?lm=1,2002-05-11,125,6
3424,Jérémy Livolant,2500000.0,29.0,Right Winger,France,https://tmssl.akamaized.net//images/flagge/verysmall/50.png?lm=1520611569,https://img.a.transfermarkt.technology/portrait/medium/324806-1656331238.png?lm=1,1998-01-09,125,6
3425,Xander Severina,800000.0,17.0,Right Winger,Curacao,https://tmssl.akamaized.net//images/flagge/verysmall/260.png?lm=1520611569,https://img.a.transfermarkt.technology/portrait/medium/778540-1663151426.jpg?lm=1,2001-04-12,125,6
3426,Korede Osundina,350000.0,13.0,Right Winger,United States,https://tmssl.akamaized.net//images/flagge/verysmall/184.png?lm=1520611569,https://img.a.transfermarkt.technology/portrait/medium/975138-1723628302.jpg?lm=1,2004-02-13,125,6
3427,Kiki,200000.0,,Right Winger,Portugal,https://tmssl.akamaized.net//images/flagge/verysmall/136.png?lm=1520611569,https://img.a.transfermarkt.technology/portrait/medium/529730-1537888537.jpg?lm=1,1998-02-14,125,6
3428,Dailon Livramento,800000.0,10.0,Centre-Forward,Cape Verde,https://tmssl.akamaized.net//images/flagge/verysmall/32.png?lm=1520611569,https://img.a.transfermarkt.technology/portrait/medium/676411-1664798687.jpg?lm=1,2001-05-04,125,6
3429,Cassiano,150000.0,90.0,Centre-Forward,Brazil,https://tmssl.akamaized.net//images/flagge/verysmall/26.png?lm=1520611569,https://img.a.transfermarkt.technology/portrait/medium/238367-1705756565.jpg?lm=1,1989-06-16,125,6
3430,Clau Mendes,100000.0,99.0,Centre-Forward,Guinea-Bissau,https://tmssl.akamaized.net//images/flagge/verysmall/60.png?lm=1520611569,https://img.a.transfermarkt.technology/portrait/medium/699501-1700153657.png?lm=1,2000-12-08,125,6
3431,André Gomes,3000000.0,13.0,Goalkeeper,Portugal,https://tmssl.akamaized.net//images/flagge/verysmall/136.png?lm=1520611569,https://img.a.transfermarkt.technology/portrait/medium/670710-1679905817.jpg?lm=1,2004-10-20,126,6
3432,Matheus Mendes,300000.0,31.0,Goalkeeper,Brazil,https://tmssl.akamaized.net//images/flagge/verysmall/26.png?lm=1520611569,https://img.a.transfermarkt.technology/portrait/medium/629077-1745599175.jpg?lm=1,1999-03-10,126,6
3433,Mateus,100000.0,1.0,Goalkeeper,Brazil,https://tmssl.akamaized.net//images/flagge/verysmall/26.png?lm=1520611569,https://img.a.transfermarkt.technology/portrait/medium/813121-1706119734.jpg?lm=1,2002-05-02,126,6
3434,André Paulo,100000.0,23.0,Goalkeeper,Portugal,https://tmssl.akamaized.net//images/flagge/verysmall/136.png?lm=1520611569,https://img.a.transfermarkt.technology/portrait/medium/647098-1612359737.jpg?lm=1,1996-12-18,126,6
3435,Bastien Meupiyou,4000000.0,33.0,Centre-Back,France,https://tmssl.akamaized.net//images/flagge/verysmall/50.png?lm=1520611569,https://img.a.transfermarkt.technology/portrait/medium/955253-1703065461.jpg?lm=1,2006-03-19,126,6
3436,Naves,3000000.0,4.0,Centre-Back,Brazil,https://tmssl.akamaized.net//images/flagge/verysmall/26.png?lm=1520611569,https://img.a.transfermarkt.technology/portrait/medium/964591-1670983137.jpg?lm=1,2002-05-08,126,6
3437,Julián Martínez,500000.0,3.0,Centre-Back,Honduras,https://tmssl.akamaized.net//images/flagge/verysmall/66.png?lm=1699286249,https://img.a.transfermarkt.technology/portrait/medium/1105188-1751554869.jpg?lm=1,2003-12-01,126,6
3438,Sergi Gómez,500000.0,5.0,Centre-Back,Spain,https://tmssl.akamaized.net//images/flagge/verysmall/157.png?lm=1520611569,https://img.a.transfermarkt.technology/portrait/medium/92947-1447159892.jpg?lm=1,1992-03-28,126,6
3439,Steven Baseya,400000.0,14.0,Centre-Back,France,https://tmssl.akamaized.net//images/flagge/verysmall/50.png?lm=1520611569,https://img.a.transfermarkt.technology/portrait/medium/988468-1716939302.jpg?lm=1,2005-01-14,126,6
3440,Chissumba,5000000.0,55.0,Left-Back,Portugal,https://tmssl.akamaized.net//images/flagge/verysmall/136.png?lm=1520611569,https://img.a.transfermarkt.technology/portrait/medium/898721-1732826797.jpg?lm=1,2005-05-29,126,6
3441,Isaac James,350000.0,12.0,Left-Back,Nigeria,https://tmssl.akamaized.net//images/flagge/verysmall/124.png?lm=1520611569,https://img.a.transfermarkt.technology/portrait/medium/746642-1757672743.jpg?lm=1,2004-08-28,126,6
3442,Diogo Spencer,900000.0,82.0,Right-Back,Portugal,https://tmssl.akamaized.net//images/flagge/verysmall/136.png?lm=1520611569,https://img.a.transfermarkt.technology/portrait/medium/858252-1680003588.jpg?lm=1,2004-04-17,126,6
3443,Vasco Moreira,1000000.0,17.0,Defensive Midfield,Portugal,https://tmssl.akamaized.net//images/flagge/verysmall/136.png?lm=1520611569,https://img.a.transfermarkt.technology/portrait/medium/657429-1748379150.png?lm=1,2001-05-07,126,6
3444,Sabit Abdulai,700000.0,21.0,Defensive Midfield,Ghana,https://tmssl.akamaized.net//images/flagge/verysmall/54.png?lm=1520611569,https://img.a.transfermarkt.technology/portrait/medium/648812-1638365169.jpg?lm=1,1999-05-11,126,6
3445,Tomás Mendes,500000.0,16.0,Defensive Midfield,Guinea-Bissau,https://tmssl.akamaized.net//images/flagge/verysmall/60.png?lm=1520611569,https://img.a.transfermarkt.technology/portrait/medium/default.jpg?lm=1,2004-11-21,126,6
3446,Rhaldney,1000000.0,26.0,Central Midfield,Brazil,https://tmssl.akamaized.net//images/flagge/verysmall/26.png?lm=1520611569,https://img.a.transfermarkt.technology/portrait/medium/638269-1759400253.png?lm=1,1998-11-20,126,6
3447,Davy Gui,600000.0,6.0,Central Midfield,Cote d'Ivoire,https://tmssl.akamaized.net//images/flagge/verysmall/38.png?lm=1520611569,https://img.a.transfermarkt.technology/portrait/medium/1321322-1770902019.jpg?lm=1,2006-06-15,126,6
3448,Zakaria Kassary,150000.0,,Central Midfield,Morocco,https://tmssl.akamaized.net//images/flagge/verysmall/107.png?lm=1520611569,https://img.a.transfermarkt.technology/portrait/medium/default.jpg?lm=1,2006-01-25,126,6
3449,Nabil Touaizi,500000.0,2.0,Right Midfield,Morocco,https://tmssl.akamaized.net//images/flagge/verysmall/107.png?lm=1520611569,https://img.a.transfermarkt.technology/portrait/medium/487180-1745338434.jpg?lm=1,2001-02-01,126,6
3450,Lincoln,3500000.0,18.0,Attacking Midfield,Brazil,https://tmssl.akamaized.net//images/flagge/verysmall/26.png?lm=1520611569,https://img.a.transfermarkt.technology/portrait/medium/351738-1696447272.png?lm=1,1998-11-07,126,6
3451,Chiquinho,2000000.0,10.0,Left Winger,Portugal,https://tmssl.akamaized.net//images/flagge/verysmall/136.png?lm=1520611569,https://img.a.transfermarkt.technology/portrait/medium/695454-1641552728.png?lm=1,2000-02-05,126,6
3452,Figueiredo,1000000.0,20.0,Left Winger,Brazil,https://tmssl.akamaized.net//images/flagge/verysmall/26.png?lm=1520611569,https://img.a.transfermarkt.technology/portrait/medium/703324-1706564805.jpg?lm=1,2001-08-14,126,6
3453,Cédric Nuozzi,800000.0,11.0,Left Winger,Belgium,https://tmssl.akamaized.net//images/flagge/verysmall/19.png?lm=1520611569,https://img.a.transfermarkt.technology/portrait/medium/859923-1714046764.png?lm=1,2006-01-30,126,6
3454,Stéphane Diarra,500000.0,25.0,Right Winger,Cote d'Ivoire,https://tmssl.akamaized.net//images/flagge/verysmall/38.png?lm=1520611569,https://img.a.transfermarkt.technology/portrait/medium/428954-1604333823.jpg?lm=1,1998-12-09,126,6
3455,Fabrício Garcia,400000.0,98.0,Right Winger,Cape Verde,https://tmssl.akamaized.net//images/flagge/verysmall/32.png?lm=1520611569,https://img.a.transfermarkt.technology/portrait/medium/1070645-1724848419.jpg?lm=1,2001-05-04,126,6
3456,Marko Milovanović,2000000.0,9.0,Centre-Forward,Serbia,https://tmssl.akamaized.net//images/flagge/verysmall/215.png?lm=1520611569,https://img.a.transfermarkt.technology/portrait/medium/845568-1732735791.jpg?lm=1,2003-08-04,126,6
3457,Mathis Clairicia,400000.0,19.0,Centre-Forward,France,https://tmssl.akamaized.net//images/flagge/verysmall/50.png?lm=1520611569,https://img.a.transfermarkt.technology/portrait/medium/969153-1753297747.jpg?lm=1,2002-08-30,126,6
3458,Felipe Lima,200000.0,77.0,Centre-Forward,Brazil,https://tmssl.akamaized.net//images/flagge/verysmall/26.png?lm=1520611569,https://img.a.transfermarkt.technology/portrait/medium/923299-1629396774.png?lm=1,2006-04-17,126,6
3459,Sandro Lima,150000.0,91.0,Centre-Forward,Brazil,https://tmssl.akamaized.net//images/flagge/verysmall/26.png?lm=1520611569,https://img.a.transfermarkt.technology/portrait/medium/284739-1692637047.png?lm=1,1990-10-28,126,6
3460,Ignacio de Arruabarrena,1000000.0,12.0,Goalkeeper,Uruguay,https://tmssl.akamaized.net//images/flagge/verysmall/179.png?lm=1520611569,https://img.a.transfermarkt.technology/portrait/medium/367651-1692977383.jpg?lm=1,1997-01-16,127,6
3461,João Valido,500000.0,1.0,Goalkeeper,Portugal,https://tmssl.akamaized.net//images/flagge/verysmall/136.png?lm=1520611569,https://img.a.transfermarkt.technology/portrait/medium/532900-1557416800.png?lm=1,2000-03-03,127,6
3462,Jakub Vinarčík,300000.0,30.0,Goalkeeper,Slovakia,https://tmssl.akamaized.net//images/flagge/verysmall/154.png?lm=1520611569,https://img.a.transfermarkt.technology/portrait/medium/912688-1704901901.jpg?lm=1,2005-07-11,127,6
3463,José Fontán,1500000.0,3.0,Centre-Back,Spain,https://tmssl.akamaized.net//images/flagge/verysmall/157.png?lm=1520611569,https://img.a.transfermarkt.technology/portrait/medium/609361-1643110309.jpg?lm=1,2000-02-11,127,6
3464,Boris Popović,1200000.0,5.0,Centre-Back,Serbia,https://tmssl.akamaized.net//images/flagge/verysmall/215.png?lm=1520611569,https://img.a.transfermarkt.technology/portrait/medium/470796-1706087355.jpg?lm=1,2000-02-26,127,6
3465,Omar Fayed,1000000.0,66.0,Centre-Back,Egypt,https://tmssl.akamaized.net//images/flagge/verysmall/2.png?lm=1520611569,https://img.a.transfermarkt.technology/portrait/medium/1036405-1678624310.jpeg?lm=1,2003-07-04,127,6
3466,Javi Sánchez,800000.0,15.0,Centre-Back,Spain,https://tmssl.akamaized.net//images/flagge/verysmall/157.png?lm=1520611569,https://img.a.transfermarkt.technology/portrait/medium/340853-1448530734.jpg?lm=1,1997-03-14,127,6
3467,Matías Rocha,400000.0,4.0,Centre-Back,Uruguay,https://tmssl.akamaized.net//images/flagge/verysmall/179.png?lm=1520611569,https://img.a.transfermarkt.technology/portrait/medium/default.jpg?lm=1,2001-02-13,127,6
3468,Diogo Monteiro,300000.0,6.0,Centre-Back,Portugal,https://tmssl.akamaized.net//images/flagge/verysmall/136.png?lm=1520611569,https://img.a.transfermarkt.technology/portrait/medium/670713-1764057784.jpg?lm=1,2005-01-28,127,6
3469,Amadou Dante,1500000.0,44.0,Left-Back,Mali,https://tmssl.akamaized.net//images/flagge/verysmall/105.png?lm=1520611569,https://img.a.transfermarkt.technology/portrait/medium/649087-1694035145.jpg?lm=1,2000-10-07,127,6
3470,Bas Kuipers,800000.0,25.0,Left-Back,Netherlands,https://tmssl.akamaized.net//images/flagge/verysmall/122.png?lm=1520611569,https://img.a.transfermarkt.technology/portrait/medium/187188-1764688952.png?lm=1,1994-08-17,127,6
3471,Tiago Esgaio,900000.0,28.0,Right-Back,Portugal,https://tmssl.akamaized.net//images/flagge/verysmall/136.png?lm=1520611569,https://img.a.transfermarkt.technology/portrait/medium/581121-1638436958.jpg?lm=1,1995-08-01,127,6
3472,José Silva,550000.0,2.0,Right-Back,Portugal,https://tmssl.akamaized.net//images/flagge/verysmall/136.png?lm=1520611569,https://img.a.transfermarkt.technology/portrait/medium/default.jpg?lm=1,2005-08-20,127,6
3473,Taichi Fukui,2000000.0,21.0,Central Midfield,Japan,https://tmssl.akamaized.net//images/flagge/verysmall/77.png?lm=1520611569,https://img.a.transfermarkt.technology/portrait/medium/868622-1692803071.png?lm=1,2004-07-15,127,6
3474,Espen van Ee,1000000.0,22.0,Central Midfield,Netherlands,https://tmssl.akamaized.net//images/flagge/verysmall/122.png?lm=1520611569,https://img.a.transfermarkt.technology/portrait/medium/607144-1723713541.jpg?lm=1,2003-07-05,127,6
3475,Mateo Flores,1000000.0,46.0,Central Midfield,Spain,https://tmssl.akamaized.net//images/flagge/verysmall/157.png?lm=1520611569,https://img.a.transfermarkt.technology/portrait/medium/1061283-1744633163.jpg?lm=1,2004-04-07,127,6
3476,Yellu Santiago,900000.0,20.0,Central Midfield,Spain,https://tmssl.akamaized.net//images/flagge/verysmall/157.png?lm=1520611569,https://img.a.transfermarkt.technology/portrait/medium/941869-1751617638.jpg?lm=1,2004-05-25,127,6
3477,Pedro Santos,800000.0,89.0,Central Midfield,Portugal,https://tmssl.akamaized.net//images/flagge/verysmall/136.png?lm=1520611569,https://img.a.transfermarkt.technology/portrait/medium/657435-1680781798.png?lm=1,2000-10-12,127,6
3478,Hyun-ju Lee,1500000.0,14.0,Attacking Midfield,"Korea, South",https://tmssl.akamaized.net//images/flagge/verysmall/87.png?lm=1520611569,https://img.a.transfermarkt.technology/portrait/medium/709166-1690131657.jpg?lm=1,2003-02-07,127,6
3479,Pablo Gozálbez,500000.0,10.0,Attacking Midfield,Spain,https://tmssl.akamaized.net//images/flagge/verysmall/157.png?lm=1520611569,https://img.a.transfermarkt.technology/portrait/medium/622992-1698962957.jpg?lm=1,2001-04-30,127,6
3480,Naïs Djouahra,1500000.0,7.0,Left Winger,France,https://tmssl.akamaized.net//images/flagge/verysmall/50.png?lm=1520611569,https://img.a.transfermarkt.technology/portrait/medium/594926-1766432207.jpg?lm=1,1999-11-23,127,6
3481,Brian Mansilla,1000000.0,24.0,Left Winger,Uruguay,https://tmssl.akamaized.net//images/flagge/verysmall/179.png?lm=1520611569,https://img.a.transfermarkt.technology/portrait/medium/981058-1721081381.jpg?lm=1,2002-05-14,127,6
3482,Miguel Puche,400000.0,11.0,Left Winger,Spain,https://tmssl.akamaized.net//images/flagge/verysmall/157.png?lm=1520611569,https://img.a.transfermarkt.technology/portrait/medium/default.jpg?lm=1,2001-04-30,127,6
3483,Alfonso Trezza,1000000.0,19.0,Right Winger,Uruguay,https://tmssl.akamaized.net//images/flagge/verysmall/179.png?lm=1520611569,https://img.a.transfermarkt.technology/portrait/medium/741517-1766432296.jpg?lm=1,1999-06-22,127,6
3484,Fally Mayulu,2000000.0,9.0,Centre-Forward,France,https://tmssl.akamaized.net//images/flagge/verysmall/50.png?lm=1520611569,https://img.a.transfermarkt.technology/portrait/medium/826719-1692995781.png?lm=1,2002-07-15,127,6
3485,Dylan Nandín,1000000.0,23.0,Centre-Forward,Uruguay,https://tmssl.akamaized.net//images/flagge/verysmall/179.png?lm=1520611569,https://img.a.transfermarkt.technology/portrait/medium/862352-1712765458.JPG?lm=1,2002-02-28,127,6
3486,Iván Barbero,800000.0,17.0,Centre-Forward,Spain,https://tmssl.akamaized.net//images/flagge/verysmall/157.png?lm=1520611569,https://img.a.transfermarkt.technology/portrait/medium/514514-1702411088.jpg?lm=1,1998-08-17,127,6
3487,Lazar Carević,3000000.0,25.0,Goalkeeper,Montenegro,https://tmssl.akamaized.net//images/flagge/verysmall/216.png?lm=1520611569,https://img.a.transfermarkt.technology/portrait/medium/344457-1729964020.jpg?lm=1,1999-03-16,128,6
3488,Ivan Zlobin,1500000.0,1.0,Goalkeeper,Russia,https://tmssl.akamaized.net//images/flagge/verysmall/141.png?lm=1520611569,https://img.a.transfermarkt.technology/portrait/medium/282654-1634205324.jpg?lm=1,1997-03-07,128,6
3489,Justin de Haas,5000000.0,16.0,Centre-Back,Netherlands,https://tmssl.akamaized.net//images/flagge/verysmall/122.png?lm=1520611569,https://img.a.transfermarkt.technology/portrait/medium/420196-1605471356.jpg?lm=1,2000-02-01,128,6
3490,Léo Realpe,4000000.0,3.0,Centre-Back,Ecuador,https://tmssl.akamaized.net//images/flagge/verysmall/44.png?lm=1520611569,https://img.a.transfermarkt.technology/portrait/medium/656409-1776811689.jpg?lm=1,2001-02-26,128,6
3491,Ibrahima Ba,3000000.0,55.0,Centre-Back,Senegal,https://tmssl.akamaized.net//images/flagge/verysmall/149.png?lm=1520611569,https://img.a.transfermarkt.technology/portrait/medium/1191154-1758311322.jpg?lm=1,2005-05-26,128,6
3492,Renan Santana,1000000.0,13.0,Centre-Back,Brazil,https://tmssl.akamaized.net//images/flagge/verysmall/26.png?lm=1520611569,https://img.a.transfermarkt.technology/portrait/medium/default.jpg?lm=1,2005-03-13,128,6
3493,Vojin Serafimovic,400000.0,30.0,Centre-Back,Serbia,https://tmssl.akamaized.net//images/flagge/verysmall/215.png?lm=1520611569,https://img.a.transfermarkt.technology/portrait/medium/673435-1735146326.png?lm=1,2005-10-14,128,6
3494,Pedro Bondo,2000000.0,28.0,Left-Back,Angola,https://tmssl.akamaized.net//images/flagge/verysmall/6.png?lm=1520611569,https://img.a.transfermarkt.technology/portrait/medium/847484-1766431838.jpg?lm=1,2004-11-16,128,6
3495,Rafa Soares,1000000.0,5.0,Left-Back,Portugal,https://tmssl.akamaized.net//images/flagge/verysmall/136.png?lm=1520611569,https://img.a.transfermarkt.technology/portrait/medium/198006-1694780939.png?lm=1,1995-05-09,128,6
3496,Rodrigo Pinheiro,3500000.0,17.0,Right-Back,Portugal,https://tmssl.akamaized.net//images/flagge/verysmall/136.png?lm=1520611569,https://img.a.transfermarkt.technology/portrait/medium/549038-1749738242.jpg?lm=1,2002-08-28,128,6
3497,Garcia,2000000.0,2.0,Right-Back,Brazil,https://tmssl.akamaized.net//images/flagge/verysmall/26.png?lm=1520611569,https://img.a.transfermarkt.technology/portrait/medium/574758-1595155750.jpg?lm=1,2002-01-04,128,6
3498,Tom van de Looi,2000000.0,6.0,Defensive Midfield,Netherlands,https://tmssl.akamaized.net//images/flagge/verysmall/122.png?lm=1520611569,https://img.a.transfermarkt.technology/portrait/medium/420189-1632545699.png?lm=1,1999-07-02,128,6
3499,Mathias de Amorim,6000000.0,14.0,Central Midfield,Portugal,https://tmssl.akamaized.net//images/flagge/verysmall/136.png?lm=1520611569,https://img.a.transfermarkt.technology/portrait/medium/1061975-1766702373.jpg?lm=1,2004-12-10,128,6
3500,Marcos Peña,1500000.0,8.0,Central Midfield,Spain,https://tmssl.akamaized.net//images/flagge/verysmall/157.png?lm=1520611569,https://img.a.transfermarkt.technology/portrait/medium/1064121-1755151656.jpg?lm=1,2005-01-22,128,6
3501,Otar Mamageishvili,700000.0,15.0,Central Midfield,Georgia,https://tmssl.akamaized.net//images/flagge/verysmall/53.png?lm=1520611569,https://img.a.transfermarkt.technology/portrait/medium/724966-1685095697.png?lm=1,2003-01-15,128,6
3502,Gustavo Sá,18000000.0,20.0,Attacking Midfield,Portugal,https://tmssl.akamaized.net//images/flagge/verysmall/136.png?lm=1520611569,https://img.a.transfermarkt.technology/portrait/medium/982575-1742141418.jpg?lm=1,2004-11-11,128,6
3503,Sorriso,5000000.0,7.0,Left Winger,Brazil,https://tmssl.akamaized.net//images/flagge/verysmall/26.png?lm=1520611569,https://img.a.transfermarkt.technology/portrait/medium/868101-1662647908.jpg?lm=1,2001-02-23,128,6
3504,Óscar Aranda,4000000.0,11.0,Left Winger,Spain,https://tmssl.akamaized.net//images/flagge/verysmall/157.png?lm=1520611569,https://img.a.transfermarkt.technology/portrait/medium/652332-1742552942.jpg?lm=1,2002-04-29,128,6
3505,Antoine Joujou,2000000.0,77.0,Left Winger,France,https://tmssl.akamaized.net//images/flagge/verysmall/50.png?lm=1520611569,https://img.a.transfermarkt.technology/portrait/medium/1028162-1683803729.jpg?lm=1,2003-03-12,128,6
3506,Roméo Beney,1500000.0,18.0,Left Winger,Switzerland,https://tmssl.akamaized.net//images/flagge/verysmall/148.png?lm=1520611569,https://img.a.transfermarkt.technology/portrait/medium/700479-1707377051.jpg?lm=1,2005-01-19,128,6
3507,Rochinha,600000.0,10.0,Left Winger,Portugal,https://tmssl.akamaized.net//images/flagge/verysmall/136.png?lm=1520611569,https://img.a.transfermarkt.technology/portrait/medium/290336-1666099955.jpg?lm=1,1995-05-03,128,6
3508,Gil Dias,1500000.0,23.0,Right Winger,Portugal,https://tmssl.akamaized.net//images/flagge/verysmall/136.png?lm=1520611569,https://img.a.transfermarkt.technology/portrait/medium/329723-1709021301.png?lm=1,1996-09-28,128,6
3509,Pedro Santos,600000.0,80.0,Right Winger,Portugal,https://tmssl.akamaized.net//images/flagge/verysmall/136.png?lm=1520611569,https://img.a.transfermarkt.technology/portrait/medium/825835-1704275152.jpg?lm=1,2003-02-10,128,6
3510,Simon Elisor,1500000.0,12.0,Centre-Forward,France,https://tmssl.akamaized.net//images/flagge/verysmall/50.png?lm=1520611569,https://img.a.transfermarkt.technology/portrait/medium/804661-1697466072.png?lm=1,1999-07-22,128,6
3511,Umar Abubakar,600000.0,9.0,Centre-Forward,Nigeria,https://tmssl.akamaized.net//images/flagge/verysmall/124.png?lm=1520611569,https://img.a.transfermarkt.technology/portrait/medium/1133954-1741365210.jpg?lm=1,2006-02-15,128,6
3512,Diogo Costa,40000000.0,99.0,Goalkeeper,Portugal,https://tmssl.akamaized.net//images/flagge/verysmall/136.png?lm=1520611569,https://img.a.transfermarkt.technology/portrait/medium/357153-1716296015.jpg?lm=1,1999-09-19,129,6
3513,Cláudio Ramos,1000000.0,14.0,Goalkeeper,Portugal,https://tmssl.akamaized.net//images/flagge/verysmall/136.png?lm=1520611569,https://img.a.transfermarkt.technology/portrait/medium/155396-1773342545.jpg?lm=1,1991-11-16,129,6
3514,João Costa,800000.0,24.0,Goalkeeper,Portugal,https://tmssl.akamaized.net//images/flagge/verysmall/136.png?lm=1520611569,https://img.a.transfermarkt.technology/portrait/medium/198638-1773342461.jpg?lm=1,1996-02-02,129,6
3515,Jakub Kiwior,27000000.0,4.0,Centre-Back,Poland,https://tmssl.akamaized.net//images/flagge/verysmall/135.png?lm=1520611569,https://img.a.transfermarkt.technology/portrait/medium/425918-1683101307.jpg?lm=1,2000-02-15,129,6
3516,Nehuén Pérez,13000000.0,18.0,Centre-Back,Argentina,https://tmssl.akamaized.net//images/flagge/verysmall/9.png?lm=1520611569,https://img.a.transfermarkt.technology/portrait/medium/491693-1695029359.jpg?lm=1,2000-06-24,129,6
3517,Jan Bednarek,11000000.0,5.0,Centre-Back,Poland,https://tmssl.akamaized.net//images/flagge/verysmall/135.png?lm=1520611569,https://img.a.transfermarkt.technology/portrait/medium/243028-1709158468.jpg?lm=1,1996-04-12,129,6
3518,Dominik Prpić,5000000.0,21.0,Centre-Back,Croatia,https://tmssl.akamaized.net//images/flagge/verysmall/37.png?lm=1520611569,https://img.a.transfermarkt.technology/portrait/medium/921533-1758830918.jpg?lm=1,2004-05-19,129,6
3519,Thiago Silva,600000.0,3.0,Centre-Back,Brazil,https://tmssl.akamaized.net//images/flagge/verysmall/26.png?lm=1520611569,https://img.a.transfermarkt.technology/portrait/medium/29241-1661856081.jpg?lm=1,1984-09-22,129,6
3520,Francisco Moura,12000000.0,74.0,Left-Back,Portugal,https://tmssl.akamaized.net//images/flagge/verysmall/136.png?lm=1520611569,https://img.a.transfermarkt.technology/portrait/medium/478365-1758830803.jpg?lm=1,1999-08-16,129,6
3521,Zaidu Sanusi,3000000.0,12.0,Left-Back,Nigeria,https://tmssl.akamaized.net//images/flagge/verysmall/124.png?lm=1520611569,https://img.a.transfermarkt.technology/portrait/medium/544784-1758829993.jpg?lm=1,1997-06-13,129,6
3522,Alberto Costa,15000000.0,20.0,Right-Back,Portugal,https://tmssl.akamaized.net//images/flagge/verysmall/136.png?lm=1520611569,https://img.a.transfermarkt.technology/portrait/medium/877139-1739281459.jpg?lm=1,2003-09-29,129,6
3523,Martim Fernandes,12000000.0,52.0,Right-Back,Portugal,https://tmssl.akamaized.net//images/flagge/verysmall/136.png?lm=1520611569,https://img.a.transfermarkt.technology/portrait/medium/935480-1775770086.jpg?lm=1,2006-01-18,129,6
3524,Alan Varela,32000000.0,22.0,Defensive Midfield,Argentina,https://tmssl.akamaized.net//images/flagge/verysmall/9.png?lm=1520611569,https://img.a.transfermarkt.technology/portrait/medium/756990-1758829907.jpg?lm=1,2001-07-04,129,6
3525,Pablo Rosario,8000000.0,13.0,Defensive Midfield,Dominican Republic,https://tmssl.akamaized.net//images/flagge/verysmall/43.png?lm=1520611569,https://img.a.transfermarkt.technology/portrait/medium/370791-1773342182.jpg?lm=1,1997-01-07,129,6
3526,Victor Froholdt,30000000.0,8.0,Central Midfield,Denmark,https://tmssl.akamaized.net//images/flagge/verysmall/39.png?lm=1520611569,https://img.a.transfermarkt.technology/portrait/medium/926993-1707862051.jpg?lm=1,2006-02-25,129,6
3527,Seko Fofana,8000000.0,42.0,Central Midfield,Cote d'Ivoire,https://tmssl.akamaized.net//images/flagge/verysmall/38.png?lm=1520611569,https://img.a.transfermarkt.technology/portrait/medium/182893-1653394911.jpg?lm=1,1995-05-07,129,6
3528,Rodrigo Mora,38000000.0,86.0,Attacking Midfield,Portugal,https://tmssl.akamaized.net//images/flagge/verysmall/136.png?lm=1520611569,https://img.a.transfermarkt.technology/portrait/medium/957653-1758830632.jpg?lm=1,2007-05-05,129,6
3529,Gabri Veiga,25000000.0,10.0,Attacking Midfield,Spain,https://tmssl.akamaized.net//images/flagge/verysmall/157.png?lm=1520611569,https://img.a.transfermarkt.technology/portrait/medium/699704-1664178820.jpg?lm=1,2002-05-27,129,6
3530,Borja Sainz,22000000.0,17.0,Left Winger,Spain,https://tmssl.akamaized.net//images/flagge/verysmall/157.png?lm=1520611569,https://img.a.transfermarkt.technology/portrait/medium/634461-1773342111.jpg?lm=1,2001-02-21,129,6
3531,Oskar Pietuszewski,20000000.0,77.0,Left Winger,Poland,https://tmssl.akamaized.net//images/flagge/verysmall/135.png?lm=1520611569,https://img.a.transfermarkt.technology/portrait/medium/1162012-1760515365.JPG?lm=1,2008-05-20,129,6
3532,Yann Karamoh,1500000.0,75.0,Left Winger,France,https://tmssl.akamaized.net//images/flagge/verysmall/50.png?lm=1520611569,https://img.a.transfermarkt.technology/portrait/medium/324804-1663596515.jpg?lm=1,1998-07-08,129,6
3533,William Gomes,20000000.0,7.0,Right Winger,Brazil,https://tmssl.akamaized.net//images/flagge/verysmall/26.png?lm=1520611569,https://img.a.transfermarkt.technology/portrait/medium/1004725-1758830735.jpg?lm=1,2006-03-15,129,6
3534,Pepê,20000000.0,11.0,Right Winger,Brazil,https://tmssl.akamaized.net//images/flagge/verysmall/26.png?lm=1520611569,https://img.a.transfermarkt.technology/portrait/medium/520662-1758830033.jpg?lm=1,1997-02-24,129,6
3535,Samu Aghehowa,45000000.0,9.0,Centre-Forward,Spain,https://tmssl.akamaized.net//images/flagge/verysmall/157.png?lm=1520611569,https://img.a.transfermarkt.technology/portrait/medium/991268-1732829288.jpg?lm=1,2004-05-05,129,6
3536,Terem Moffi,10000000.0,29.0,Centre-Forward,Nigeria,https://tmssl.akamaized.net//images/flagge/verysmall/124.png?lm=1520611569,https://img.a.transfermarkt.technology/portrait/medium/538874-1756824426.jpg?lm=1,1999-05-25,129,6
3537,Deniz Gül,6000000.0,27.0,Centre-Forward,Türkiye,https://tmssl.akamaized.net//images/flagge/verysmall/174.png?lm=1520611569,https://img.a.transfermarkt.technology/portrait/medium/1063292-1774435686.jpeg?lm=1,2004-07-02,129,6
3538,Luuk de Jong,1000000.0,26.0,Centre-Forward,Netherlands,https://tmssl.akamaized.net//images/flagge/verysmall/122.png?lm=1520611569,https://img.a.transfermarkt.technology/portrait/medium/72522-1682332002.jpg?lm=1,1990-08-27,129,6
3539,Joel Robles,400000.0,1.0,Goalkeeper,Spain,https://tmssl.akamaized.net//images/flagge/verysmall/157.png?lm=1520611569,https://img.a.transfermarkt.technology/portrait/medium/101118-1698420821.JPG?lm=1,1990-06-17,130,6
3540,Martin Turk,300000.0,16.0,Goalkeeper,Slovenia,https://tmssl.akamaized.net//images/flagge/verysmall/155.png?lm=1520611569,https://img.a.transfermarkt.technology/portrait/medium/700643-1729676593.jpg?lm=1,2003-08-21,130,6
3541,Diogo Dias,200000.0,31.0,Goalkeeper,Portugal,https://tmssl.akamaized.net//images/flagge/verysmall/136.png?lm=1520611569,https://img.a.transfermarkt.technology/portrait/medium/906307-1724848714.jpg?lm=1,2003-06-17,130,6
3542,Kévin Boma,6000000.0,44.0,Centre-Back,Togo,https://tmssl.akamaized.net//images/flagge/verysmall/168.png?lm=1520611569,https://img.a.transfermarkt.technology/portrait/medium/709727-1724848643.jpg?lm=1,2002-11-20,130,6
3543,Felix Bacher,4000000.0,25.0,Centre-Back,Austria,https://tmssl.akamaized.net//images/flagge/verysmall/127.png?lm=1520611569,https://img.a.transfermarkt.technology/portrait/medium/394134-1724845183.jpg?lm=1,2000-10-25,130,6
3544,Ferro,800000.0,4.0,Centre-Back,Portugal,https://tmssl.akamaized.net//images/flagge/verysmall/136.png?lm=1520611569,https://img.a.transfermarkt.technology/portrait/medium/294321-1743698179.jpg?lm=1,1997-03-26,130,6
3545,Antef Tsoungui,800000.0,5.0,Centre-Back,Belgium,https://tmssl.akamaized.net//images/flagge/verysmall/19.png?lm=1520611569,https://img.a.transfermarkt.technology/portrait/medium/503858-1745075714.jpg?lm=1,2002-12-30,130,6
3546,Or Israelov,200000.0,18.0,Centre-Back,Israel,https://tmssl.akamaized.net//images/flagge/verysmall/74.png?lm=1520611569,https://img.a.transfermarkt.technology/portrait/medium/950442-1721918936.jpg?lm=1,2004-09-02,130,6
3547,Pedro Amaral,1000000.0,24.0,Left-Back,Portugal,https://tmssl.akamaized.net//images/flagge/verysmall/136.png?lm=1520611569,https://img.a.transfermarkt.technology/portrait/medium/319623-1724848201.jpg?lm=1,1997-08-25,130,6
3548,Gonçalo Costa,400000.0,20.0,Left-Back,Portugal,https://tmssl.akamaized.net//images/flagge/verysmall/136.png?lm=1520611569,https://img.a.transfermarkt.technology/portrait/medium/383014-1724845350.jpg?lm=1,2000-02-18,130,6
3549,Ricard Sánchez,3000000.0,2.0,Right-Back,Spain,https://tmssl.akamaized.net//images/flagge/verysmall/157.png?lm=1520611569,https://img.a.transfermarkt.technology/portrait/medium/388545-1551650605.JPG?lm=1,2000-02-22,130,6
3550,Pedro Carvalho,800000.0,22.0,Right-Back,Portugal,https://tmssl.akamaized.net//images/flagge/verysmall/136.png?lm=1520611569,https://img.a.transfermarkt.technology/portrait/medium/1072238-1724848221.jpg?lm=1,2003-02-14,130,6
3551,Jordan Holsgrove,5000000.0,10.0,Defensive Midfield,Scotland,https://tmssl.akamaized.net//images/flagge/verysmall/190.png?lm=1520611569,https://img.a.transfermarkt.technology/portrait/medium/429309-1571162556.jpg?lm=1,1999-09-10,130,6
3552,Jandro Orellana,1000000.0,6.0,Defensive Midfield,Spain,https://tmssl.akamaized.net//images/flagge/verysmall/157.png?lm=1520611569,https://img.a.transfermarkt.technology/portrait/medium/388548-1724848451.jpg?lm=1,2000-08-07,130,6
3553,Xeka,1000000.0,8.0,Central Midfield,Portugal,https://tmssl.akamaized.net//images/flagge/verysmall/136.png?lm=1520611569,https://img.a.transfermarkt.technology/portrait/medium/290256-1599421564.jpg?lm=1,1994-11-10,130,6
3554,Nodar Lominadze,700000.0,7.0,Central Midfield,Georgia,https://tmssl.akamaized.net//images/flagge/verysmall/53.png?lm=1520611569,https://img.a.transfermarkt.technology/portrait/medium/658815-1713341533.png?lm=1,2002-04-04,130,6
3555,João Carvalho,4000000.0,12.0,Attacking Midfield,Portugal,https://tmssl.akamaized.net//images/flagge/verysmall/136.png?lm=1520611569,https://img.a.transfermarkt.technology/portrait/medium/258005-1541149759.JPG?lm=1,1997-03-09,130,6
3556,Pizzi,300000.0,21.0,Attacking Midfield,Portugal,https://tmssl.akamaized.net//images/flagge/verysmall/136.png?lm=1520611569,https://img.a.transfermarkt.technology/portrait/medium/64339-1644332327.png?lm=1,1989-10-06,130,6
3557,André Lacximicant,800000.0,19.0,Left Winger,Portugal,https://tmssl.akamaized.net//images/flagge/verysmall/136.png?lm=1520611569,https://img.a.transfermarkt.technology/portrait/medium/752442-1724846373.jpg?lm=1,2001-05-19,130,6
3558,Rafik Guitane,5000000.0,99.0,Right Winger,Algeria,https://tmssl.akamaized.net//images/flagge/verysmall/4.png?lm=1520611569,https://img.a.transfermarkt.technology/portrait/medium/394328-1724846346.jpg?lm=1,1999-05-26,130,6
3559,Yanis Begraoui,8000000.0,14.0,Centre-Forward,Morocco,https://tmssl.akamaized.net//images/flagge/verysmall/107.png?lm=1520611569,https://img.a.transfermarkt.technology/portrait/medium/569376-1724845434.jpg?lm=1,2001-07-04,130,6
3560,Alejandro Marqués,1500000.0,9.0,Centre-Forward,Venezuela,https://tmssl.akamaized.net//images/flagge/verysmall/182.png?lm=1520611569,https://img.a.transfermarkt.technology/portrait/medium/525602-1724848350.jpg?lm=1,2000-08-04,130,6
3561,Khayon Edwards,500000.0,11.0,Centre-Forward,Jamaica,https://tmssl.akamaized.net//images/flagge/verysmall/76.png?lm=1520611569,https://img.a.transfermarkt.technology/portrait/medium/741650-1675880434.jpg?lm=1,2003-09-12,130,6
3562,Lucão,1200000.0,30.0,Goalkeeper,Brazil,https://tmssl.akamaized.net//images/flagge/verysmall/26.png?lm=1520611569,https://img.a.transfermarkt.technology/portrait/medium/412372-1717523097.jpg?lm=1,2001-02-26,131,6
3563,Dani Figueira,300000.0,99.0,Goalkeeper,Portugal,https://tmssl.akamaized.net//images/flagge/verysmall/136.png?lm=1520611569,https://img.a.transfermarkt.technology/portrait/medium/475407-1724845280.jpg?lm=1,1998-07-20,131,6
3564,Marvin Elimbi,4000000.0,4.0,Centre-Back,France,https://tmssl.akamaized.net//images/flagge/verysmall/50.png?lm=1520611569,https://img.a.transfermarkt.technology/portrait/medium/862628-1770902208.jpg?lm=1,2003-02-20,131,6
3565,Buatu,600000.0,39.0,Centre-Back,Angola,https://tmssl.akamaized.net//images/flagge/verysmall/6.png?lm=1520611569,https://img.a.transfermarkt.technology/portrait/medium/137313-1710239104.png?lm=1,1993-09-27,131,6
3566,Antonio Espigares,500000.0,48.0,Centre-Back,Spain,https://tmssl.akamaized.net//images/flagge/verysmall/157.png?lm=1520611569,https://img.a.transfermarkt.technology/portrait/medium/886047-1664570903.jpg?lm=1,2004-09-05,131,6
3567,Arthur Tchaptchet,100000.0,59.0,Centre-Back,France,https://tmssl.akamaized.net//images/flagge/verysmall/50.png?lm=1520611569,https://img.a.transfermarkt.technology/portrait/medium/955355-1723838802.png?lm=1,2006-05-10,131,6
3568,Ghislain Konan,3000000.0,3.0,Left-Back,Cote d'Ivoire,https://tmssl.akamaized.net//images/flagge/verysmall/38.png?lm=1520611569,https://img.a.transfermarkt.technology/portrait/medium/422850-1697280059.png?lm=1,1995-12-27,131,6
3569,Weverson,1200000.0,26.0,Left-Back,Brazil,https://tmssl.akamaized.net//images/flagge/verysmall/26.png?lm=1520611569,https://img.a.transfermarkt.technology/portrait/medium/412367-1654715390.png?lm=1,2000-07-05,131,6
3570,Zé Carlos,2000000.0,2.0,Right-Back,Portugal,https://tmssl.akamaized.net//images/flagge/verysmall/136.png?lm=1520611569,https://img.a.transfermarkt.technology/portrait/medium/617679-1710239662.jpg?lm=1,1998-07-31,131,6
3571,Hevertton,800000.0,20.0,Right-Back,Portugal,https://tmssl.akamaized.net//images/flagge/verysmall/136.png?lm=1520611569,https://img.a.transfermarkt.technology/portrait/medium/695121-1668162624.png?lm=1,2001-02-01,131,6
3572,Jonathan Mutombo,400000.0,45.0,Right-Back,France,https://tmssl.akamaized.net//images/flagge/verysmall/50.png?lm=1520611569,https://img.a.transfermarkt.technology/portrait/medium/721952-1770902469.jpg?lm=1,2002-08-27,131,6
3573,Mohamed Bamba,2500000.0,8.0,Defensive Midfield,Cote d'Ivoire,https://tmssl.akamaized.net//images/flagge/verysmall/38.png?lm=1520611569,https://img.a.transfermarkt.technology/portrait/medium/1178475-1723838539.png?lm=1,2004-10-08,131,6
3574,Facundo Cáseres,2500000.0,5.0,Central Midfield,Argentina,https://tmssl.akamaized.net//images/flagge/verysmall/9.png?lm=1520611569,https://img.a.transfermarkt.technology/portrait/medium/829434-1646598800.png?lm=1,2001-05-28,131,6
3575,Zé Carlos,800000.0,6.0,Central Midfield,Portugal,https://tmssl.akamaized.net//images/flagge/verysmall/136.png?lm=1520611569,https://img.a.transfermarkt.technology/portrait/medium/908936-1672674297.png?lm=1,2001-10-30,131,6
3576,Gonçalo Maia,50000.0,82.0,Central Midfield,Portugal,https://tmssl.akamaized.net//images/flagge/verysmall/136.png?lm=1520611569,https://img.a.transfermarkt.technology/portrait/medium/1089809-1710240842.jpg?lm=1,2005-11-30,131,6
3577,Luís Esteves,4000000.0,10.0,Attacking Midfield,Portugal,https://tmssl.akamaized.net//images/flagge/verysmall/136.png?lm=1520611569,https://img.a.transfermarkt.technology/portrait/medium/609518-1547567442.png?lm=1,1998-04-09,131,6
3578,Santi García,4000000.0,95.0,Attacking Midfield,Spain,https://tmssl.akamaized.net//images/flagge/verysmall/157.png?lm=1520611569,https://img.a.transfermarkt.technology/portrait/medium/732096-1770901764.jpg?lm=1,2001-08-29,131,6
3579,Martín Fernández,450000.0,32.0,Attacking Midfield,Uruguay,https://tmssl.akamaized.net//images/flagge/verysmall/179.png?lm=1520611569,https://img.a.transfermarkt.technology/portrait/medium/822141-1750607712.jpg?lm=1,2003-06-23,131,6
3580,Gil Martins,200000.0,19.0,Attacking Midfield,Portugal,https://tmssl.akamaized.net//images/flagge/verysmall/136.png?lm=1520611569,https://img.a.transfermarkt.technology/portrait/medium/937727-1770902580.jpg?lm=1,2006-05-12,131,6
3581,Joelson Fernandes,1500000.0,11.0,Left Winger,Portugal,https://tmssl.akamaized.net//images/flagge/verysmall/136.png?lm=1520611569,https://img.a.transfermarkt.technology/portrait/medium/581140-1696433273.png?lm=1,2003-02-28,131,6
3582,Tidjany Touré,500000.0,7.0,Left Winger,France,https://tmssl.akamaized.net//images/flagge/verysmall/50.png?lm=1520611569,https://img.a.transfermarkt.technology/portrait/medium/641576-1710239940.png?lm=1,2002-07-15,131,6
3583,Sergio Bermejo,800000.0,22.0,Right Winger,Spain,https://tmssl.akamaized.net//images/flagge/verysmall/157.png?lm=1520611569,https://img.a.transfermarkt.technology/portrait/medium/372051-1720169542.jpg?lm=1,1997-08-17,131,6
3584,Murilo,800000.0,77.0,Right Winger,Brazil,https://tmssl.akamaized.net//images/flagge/verysmall/26.png?lm=1520611569,https://img.a.transfermarkt.technology/portrait/medium/345061-1710239991.jpg?lm=1,1994-10-31,131,6
3585,Agustín Moreira,700000.0,27.0,Right Winger,Uruguay,https://tmssl.akamaized.net//images/flagge/verysmall/179.png?lm=1520611569,https://img.a.transfermarkt.technology/portrait/medium/999072-1726767292.jpg?lm=1,2001-05-28,131,6
3586,Rodrigo Rodrigues,50000.0,80.0,Right Winger,Portugal,https://tmssl.akamaized.net//images/flagge/verysmall/136.png?lm=1520611569,https://img.a.transfermarkt.technology/portrait/medium/default.jpg?lm=1,2007-12-06,131,6
3587,Gustavo Varela,2000000.0,89.0,Centre-Forward,Cape Verde,https://tmssl.akamaized.net//images/flagge/verysmall/32.png?lm=1520611569,https://img.a.transfermarkt.technology/portrait/medium/931900-1704275488.jpg?lm=1,2005-01-30,131,6
3588,Héctor Hernández,800000.0,23.0,Centre-Forward,Spain,https://tmssl.akamaized.net//images/flagge/verysmall/157.png?lm=1520611569,https://img.a.transfermarkt.technology/portrait/medium/273738-1491486452.jpg?lm=1,1995-09-14,131,6
3589,Carlos Eduardo,700000.0,29.0,Centre-Forward,Brazil,https://tmssl.akamaized.net//images/flagge/verysmall/26.png?lm=1520611569,https://img.a.transfermarkt.technology/portrait/medium/default.jpg?lm=1,2002-08-10,131,6
3590,André Ferreira,600000.0,13.0,Goalkeeper,Portugal,https://tmssl.akamaized.net//images/flagge/verysmall/136.png?lm=1520611569,https://img.a.transfermarkt.technology/portrait/medium/290346-1548259586.jpg?lm=1,1996-05-29,132,6
3591,Mika,100000.0,16.0,Goalkeeper,Portugal,https://tmssl.akamaized.net//images/flagge/verysmall/136.png?lm=1520611569,https://img.a.transfermarkt.technology/portrait/medium/138285-1548346230.jpg?lm=1,1991-03-08,132,6
3592,Caio Secco,100000.0,22.0,Goalkeeper,Brazil,https://tmssl.akamaized.net//images/flagge/verysmall/26.png?lm=1520611569,https://img.a.transfermarkt.technology/portrait/medium/175188-1705663122.png?lm=1,1990-12-22,132,6
3593,Gilberto Batista,1000000.0,66.0,Centre-Back,Guinea-Bissau,https://tmssl.akamaized.net//images/flagge/verysmall/60.png?lm=1520611569,https://img.a.transfermarkt.technology/portrait/medium/816572-1705663008.png?lm=1,2003-12-29,132,6
3594,Michel,800000.0,3.0,Centre-Back,Brazil,https://tmssl.akamaized.net//images/flagge/verysmall/26.png?lm=1520611569,https://img.a.transfermarkt.technology/portrait/medium/887834-1670965201.jpeg?lm=1,2003-05-20,132,6
3595,Maracás,800000.0,26.0,Centre-Back,Brazil,https://tmssl.akamaized.net//images/flagge/verysmall/26.png?lm=1520611569,https://img.a.transfermarkt.technology/portrait/medium/373187-1705662823.png?lm=1,1994-04-27,132,6
3596,Kevyn Monteiro,500000.0,4.0,Centre-Back,Brazil,https://tmssl.akamaized.net//images/flagge/verysmall/26.png?lm=1520611569,https://img.a.transfermarkt.technology/portrait/medium/1116537-1769434591.png?lm=1,2005-09-13,132,6
3597,Kiko,1500000.0,27.0,Left-Back,Portugal,https://tmssl.akamaized.net//images/flagge/verysmall/136.png?lm=1520611569,https://img.a.transfermarkt.technology/portrait/medium/934031-1704295000.jpg?lm=1,2002-04-16,132,6
3598,Álvaro Martínez,400000.0,17.0,Left-Back,Spain,https://tmssl.akamaized.net//images/flagge/verysmall/157.png?lm=1520611569,https://img.a.transfermarkt.technology/portrait/medium/718577-1732225155.jpg?lm=1,2002-05-04,132,6
3599,Diogo Travassos,4000000.0,2.0,Right-Back,Portugal,https://tmssl.akamaized.net//images/flagge/verysmall/136.png?lm=1520611569,https://img.a.transfermarkt.technology/portrait/medium/478317-1743698526.jpg?lm=1,2004-03-31,132,6
3600,Dinis Pinto,3000000.0,76.0,Right-Back,Portugal,https://tmssl.akamaized.net//images/flagge/verysmall/136.png?lm=1520611569,https://img.a.transfermarkt.technology/portrait/medium/663254-1705663219.png?lm=1,2000-08-24,132,6
3601,Fabiano,1500000.0,,Right-Back,Brazil,https://tmssl.akamaized.net//images/flagge/verysmall/26.png?lm=1520611569,https://img.a.transfermarkt.technology/portrait/medium/657387-1705663208.png?lm=1,2000-03-14,132,6
3602,Leandro Santos,1000000.0,71.0,Right-Back,Portugal,https://tmssl.akamaized.net//images/flagge/verysmall/136.png?lm=1520611569,https://img.a.transfermarkt.technology/portrait/medium/1173926-1750853222.jpg?lm=1,2005-09-28,132,6
3603,Mateja Stjepanović,3000000.0,8.0,Defensive Midfield,Serbia,https://tmssl.akamaized.net//images/flagge/verysmall/215.png?lm=1520611569,https://img.a.transfermarkt.technology/portrait/medium/698539-1673942102.jpg?lm=1,2004-02-20,132,6
3604,Afonso Assis,500000.0,25.0,Defensive Midfield,Portugal,https://tmssl.akamaized.net//images/flagge/verysmall/136.png?lm=1520611569,https://img.a.transfermarkt.technology/portrait/medium/default.jpg?lm=1,2006-07-15,132,6
3605,Miguel Silva,100000.0,6.0,Defensive Midfield,Portugal,https://tmssl.akamaized.net//images/flagge/verysmall/136.png?lm=1520611569,https://img.a.transfermarkt.technology/portrait/medium/default.jpg?lm=1,2007-12-17,132,6
3606,Vasco Sousa,2000000.0,15.0,Central Midfield,Portugal,https://tmssl.akamaized.net//images/flagge/verysmall/136.png?lm=1520611569,https://img.a.transfermarkt.technology/portrait/medium/575716-1725014523.png?lm=1,2003-04-03,132,6
3607,Rodri Alonso,1000000.0,21.0,Central Midfield,Spain,https://tmssl.akamaized.net//images/flagge/verysmall/157.png?lm=1520611569,https://img.a.transfermarkt.technology/portrait/medium/668178-1614625342.jpg?lm=1,2003-01-04,132,6
3608,Nile John,350000.0,23.0,Central Midfield,England,https://tmssl.akamaized.net//images/flagge/verysmall/189.png?lm=1520611569,https://img.a.transfermarkt.technology/portrait/medium/581683-1629964630.jpg?lm=1,2003-03-06,132,6
3609,Jimi Gower,100000.0,30.0,Central Midfield,England,https://tmssl.akamaized.net//images/flagge/verysmall/189.png?lm=1520611569,https://img.a.transfermarkt.technology/portrait/medium/890718-1744146290.jpg?lm=1,2004-10-01,132,6
3610,Alan,4000000.0,11.0,Attacking Midfield,Brazil,https://tmssl.akamaized.net//images/flagge/verysmall/26.png?lm=1520611569,https://img.a.transfermarkt.technology/portrait/medium/428786-1705663806.png?lm=1,2000-03-08,132,6
3611,Landerson,1000000.0,78.0,Left Winger,Brazil,https://tmssl.akamaized.net//images/flagge/verysmall/26.png?lm=1520611569,https://img.a.transfermarkt.technology/portrait/medium/1219689-1770771756.jpg?lm=1,2006-12-12,132,6
3612,Cedric Teguia,800000.0,7.0,Left Winger,Spain,https://tmssl.akamaized.net//images/flagge/verysmall/157.png?lm=1520611569,https://img.a.transfermarkt.technology/portrait/medium/536831-1770771931.jpg?lm=1,2001-10-01,132,6
3613,Kiko Bondoso,800000.0,10.0,Left Winger,Portugal,https://tmssl.akamaized.net//images/flagge/verysmall/136.png?lm=1520611569,https://img.a.transfermarkt.technology/portrait/medium/590302-1737125586.jpg?lm=1,1995-11-17,132,6
3614,Yan Maranhão,600000.0,99.0,Centre-Forward,Brazil,https://tmssl.akamaized.net//images/flagge/verysmall/26.png?lm=1520611569,https://img.a.transfermarkt.technology/portrait/medium/862568-1766511707.jpg?lm=1,2002-09-13,132,6
3615,Luís Semedo,400000.0,9.0,Centre-Forward,Portugal,https://tmssl.akamaized.net//images/flagge/verysmall/136.png?lm=1520611569,https://img.a.transfermarkt.technology/portrait/medium/840687-1724772174.jpg?lm=1,2003-08-11,132,6
3616,Cezary Miszta,3000000.0,1.0,Goalkeeper,Poland,https://tmssl.akamaized.net//images/flagge/verysmall/135.png?lm=1520611569,https://img.a.transfermarkt.technology/portrait/medium/487167-1737115990.jpg?lm=1,2001-10-30,133,6
3617,Ennio van der Gouw,400000.0,99.0,Goalkeeper,Netherlands,https://tmssl.akamaized.net//images/flagge/verysmall/122.png?lm=1520611569,https://img.a.transfermarkt.technology/portrait/medium/529425-1709893439.jpeg?lm=1,2000-02-14,133,6
3618,Kevin Chamorro,300000.0,22.0,Goalkeeper,Costa Rica,https://tmssl.akamaized.net//images/flagge/verysmall/36.png?lm=1520611569,https://img.a.transfermarkt.technology/portrait/medium/378521-1715904382.png?lm=1,2000-04-08,133,6
3619,Andreas Ntoi,4000000.0,5.0,Centre-Back,Greece,https://tmssl.akamaized.net//images/flagge/verysmall/56.png?lm=1520611569,https://img.a.transfermarkt.technology/portrait/medium/724035-1771960523.jpg?lm=1,2003-02-02,133,6
3620,Francisco Petrasso,1500000.0,23.0,Centre-Back,Argentina,https://tmssl.akamaized.net//images/flagge/verysmall/9.png?lm=1520611569,https://img.a.transfermarkt.technology/portrait/medium/985683-1737116110.jpg?lm=1,2002-01-28,133,6
3621,Nelson Abbey,1000000.0,6.0,Centre-Back,England,https://tmssl.akamaized.net//images/flagge/verysmall/189.png?lm=1520611569,https://img.a.transfermarkt.technology/portrait/medium/566677-1737116225.jpg?lm=1,2003-08-28,133,6
3622,Gustavo Mancha,1000000.0,39.0,Centre-Back,Brazil,https://tmssl.akamaized.net//images/flagge/verysmall/26.png?lm=1520611569,https://img.a.transfermarkt.technology/portrait/medium/1082582-1757716101.png?lm=1,2004-07-25,133,6
3623,Jakub Brabec,600000.0,32.0,Centre-Back,Czech Republic,https://tmssl.akamaized.net//images/flagge/verysmall/172.png?lm=1520611569,https://img.a.transfermarkt.technology/portrait/medium/112948-1735061444.jpg?lm=1,1992-08-06,133,6
3624,Julien Lomboto,400000.0,63.0,Centre-Back,France,https://tmssl.akamaized.net//images/flagge/verysmall/50.png?lm=1520611569,https://img.a.transfermarkt.technology/portrait/medium/862204-1737739097.jpg?lm=1,2002-05-13,133,6
3625,Omar Richards,2000000.0,77.0,Left-Back,England,https://tmssl.akamaized.net//images/flagge/verysmall/189.png?lm=1520611569,https://img.a.transfermarkt.technology/portrait/medium/424881-1737119772.jpg?lm=1,1998-02-15,133,6
3626,Leonardo Buta,1500000.0,24.0,Left-Back,Portugal,https://tmssl.akamaized.net//images/flagge/verysmall/136.png?lm=1520611569,https://img.a.transfermarkt.technology/portrait/medium/653415-1710239705.jpg?lm=1,2002-06-05,133,6
3627,Marios Vrousai,2500000.0,17.0,Right-Back,Greece,https://tmssl.akamaized.net//images/flagge/verysmall/56.png?lm=1520611569,https://img.a.transfermarkt.technology/portrait/medium/395632-1737120039.jpg?lm=1,1998-07-02,133,6
3628,João Tomé,400000.0,20.0,Right-Back,Portugal,https://tmssl.akamaized.net//images/flagge/verysmall/136.png?lm=1520611569,https://img.a.transfermarkt.technology/portrait/medium/551981-1737124650.jpg?lm=1,2003-02-12,133,6
3629,Georgios Liavas,900000.0,54.0,Defensive Midfield,Greece,https://tmssl.akamaized.net//images/flagge/verysmall/56.png?lm=1520611569,https://img.a.transfermarkt.technology/portrait/medium/481676-1738081958.png?lm=1,2001-02-12,133,6
3630,Tamás Nikitscher,500000.0,44.0,Defensive Midfield,Hungary,https://tmssl.akamaized.net//images/flagge/verysmall/178.png?lm=1521635893,https://img.a.transfermarkt.technology/portrait/medium/633056-1732087351.jpg?lm=1,1999-11-03,133,6
3631,Brandon Aguilera,2000000.0,10.0,Central Midfield,Costa Rica,https://tmssl.akamaized.net//images/flagge/verysmall/36.png?lm=1520611569,https://img.a.transfermarkt.technology/portrait/medium/631996-1737125377.jpg?lm=1,2003-06-28,133,6
3632,Ryan Guilherme,700000.0,8.0,Central Midfield,Brazil,https://tmssl.akamaized.net//images/flagge/verysmall/26.png?lm=1520611569,https://img.a.transfermarkt.technology/portrait/medium/877787-1684688975.jpeg?lm=1,2002-12-07,133,6
3633,João Graça,300000.0,21.0,Central Midfield,Portugal,https://tmssl.akamaized.net//images/flagge/verysmall/136.png?lm=1520611569,https://img.a.transfermarkt.technology/portrait/medium/257707-1737125385.jpg?lm=1,1995-06-18,133,6
3634,Ole Pohlmann,1500000.0,80.0,Attacking Midfield,Germany,https://tmssl.akamaized.net//images/flagge/verysmall/40.png?lm=1520612525,https://img.a.transfermarkt.technology/portrait/medium/405690-1737124998.jpg?lm=1,2001-04-05,133,6
3635,Antonis Papakanellos,500000.0,19.0,Attacking Midfield,Greece,https://tmssl.akamaized.net//images/flagge/verysmall/56.png?lm=1520611569,https://img.a.transfermarkt.technology/portrait/medium/933884-1728418033.png?lm=1,2005-08-11,133,6
3636,Tobías Medina,800000.0,27.0,Left Winger,Argentina,https://tmssl.akamaized.net//images/flagge/verysmall/9.png?lm=1520611569,https://img.a.transfermarkt.technology/portrait/medium/856592-1737125595.jpg?lm=1,2004-03-03,133,6
3637,Diogo Bezerra,1800000.0,7.0,Right Winger,Brazil,https://tmssl.akamaized.net//images/flagge/verysmall/26.png?lm=1520611569,https://img.a.transfermarkt.technology/portrait/medium/947404-1758020968.png?lm=1,2002-07-16,133,6
3638,Rafael Lobato,1200000.0,25.0,Right Winger,Brazil,https://tmssl.akamaized.net//images/flagge/verysmall/26.png?lm=1520611569,https://img.a.transfermarkt.technology/portrait/medium/1097263-1739971442.jpg?lm=1,2006-02-23,133,6
3639,Dario Špikić,1000000.0,18.0,Right Winger,Croatia,https://tmssl.akamaized.net//images/flagge/verysmall/37.png?lm=1520611569,https://img.a.transfermarkt.technology/portrait/medium/403290-1601583952.jpg?lm=1,1999-03-22,133,6
3640,Amine Rehmi,100000.0,,Right Winger,Netherlands,https://tmssl.akamaized.net//images/flagge/verysmall/122.png?lm=1520611569,https://img.a.transfermarkt.technology/portrait/medium/default.jpg?lm=1,2002-04-01,133,6
3641,Tamble,1500000.0,9.0,Centre-Forward,Guinea-Bissau,https://tmssl.akamaized.net//images/flagge/verysmall/60.png?lm=1520611569,https://img.a.transfermarkt.technology/portrait/medium/842517-1753033448.png?lm=1,2000-11-15,133,6
3642,Karem Zoabi,800000.0,14.0,Centre-Forward,Israel,https://tmssl.akamaized.net//images/flagge/verysmall/74.png?lm=1520611569,https://img.a.transfermarkt.technology/portrait/medium/982557-1737125480.jpg?lm=1,2006-05-03,133,6
3643,Jalen Blesa,750000.0,11.0,Centre-Forward,Spain,https://tmssl.akamaized.net//images/flagge/verysmall/157.png?lm=1520611569,https://img.a.transfermarkt.technology/portrait/medium/973249-1773844255.jpg?lm=1,2001-02-05,133,6
3644,Marc Gual,700000.0,28.0,Centre-Forward,Spain,https://tmssl.akamaized.net//images/flagge/verysmall/157.png?lm=1520611569,https://img.a.transfermarkt.technology/portrait/medium/376486-1709021391.png?lm=1,1996-03-13,133,6
3645,Lukas Hornicek,15000000.0,1.0,Goalkeeper,Czech Republic,https://tmssl.akamaized.net//images/flagge/verysmall/172.png?lm=1520611569,https://img.a.transfermarkt.technology/portrait/medium/629773-1732826321.jpg?lm=1,2002-07-13,134,6
3646,Alaa Bellaarouch,400000.0,36.0,Goalkeeper,Morocco,https://tmssl.akamaized.net//images/flagge/verysmall/107.png?lm=1520611569,https://img.a.transfermarkt.technology/portrait/medium/667991-1732575150.png?lm=1,2002-02-01,134,6
3647,Tiago Sá,300000.0,12.0,Goalkeeper,Portugal,https://tmssl.akamaized.net//images/flagge/verysmall/136.png?lm=1520611569,https://img.a.transfermarkt.technology/portrait/medium/286908-1591777631.png?lm=1,1995-01-11,134,6
3648,Sikou Niakaté,8000000.0,4.0,Centre-Back,Mali,https://tmssl.akamaized.net//images/flagge/verysmall/105.png?lm=1520611569,https://img.a.transfermarkt.technology/portrait/medium/413118-1729863558.jpg?lm=1,1999-07-10,134,6
3649,Bright Arrey-Mbi,7000000.0,26.0,Centre-Back,Germany,https://tmssl.akamaized.net//images/flagge/verysmall/40.png?lm=1520612525,https://img.a.transfermarkt.technology/portrait/medium/580193-1708164169.jpg?lm=1,2003-03-26,134,6
3650,Gustaf Lagerbielke,5000000.0,14.0,Centre-Back,Sweden,https://tmssl.akamaized.net//images/flagge/verysmall/147.png?lm=1520611569,https://img.a.transfermarkt.technology/portrait/medium/485395-1692356028.jpg?lm=1,2000-04-10,134,6
3651,Adrian Leon Barisic,4000000.0,37.0,Centre-Back,Bosnia-Herzegovina,https://tmssl.akamaized.net//images/flagge/verysmall/24.png?lm=1569523290,https://img.a.transfermarkt.technology/portrait/medium/625206-1758783943.jpg?lm=1,2001-07-19,134,6
3652,Jonatás Noro,1000000.0,53.0,Centre-Back,Portugal,https://tmssl.akamaized.net//images/flagge/verysmall/136.png?lm=1520611569,https://img.a.transfermarkt.technology/portrait/medium/1061378-1732827111.jpg?lm=1,2005-07-09,134,6
3653,Paulo Oliveira,500000.0,15.0,Centre-Back,Portugal,https://tmssl.akamaized.net//images/flagge/verysmall/136.png?lm=1520611569,https://img.a.transfermarkt.technology/portrait/medium/139336-1778180204.jpg?lm=1,1992-01-08,134,6
3654,Leonardo Lelo,7000000.0,5.0,Left-Back,Portugal,https://tmssl.akamaized.net//images/flagge/verysmall/136.png?lm=1520611569,https://img.a.transfermarkt.technology/portrait/medium/669956-1663603059.png?lm=1,2000-03-30,134,6
3655,Víctor Gómez,7000000.0,2.0,Right-Back,Spain,https://tmssl.akamaized.net//images/flagge/verysmall/157.png?lm=1520611569,https://img.a.transfermarkt.technology/portrait/medium/495601-1583506246.jpg?lm=1,2000-04-01,134,6
3656,Gabriel Moscardo,7000000.0,17.0,Defensive Midfield,Brazil,https://tmssl.akamaized.net//images/flagge/verysmall/26.png?lm=1520611569,https://img.a.transfermarkt.technology/portrait/medium/1086636-1724752763.png?lm=1,2005-09-28,134,6
3657,Demir Ege Tıknaz,6000000.0,34.0,Defensive Midfield,Türkiye,https://tmssl.akamaized.net//images/flagge/verysmall/174.png?lm=1520611569,https://img.a.transfermarkt.technology/portrait/medium/875337-1774435467.jpeg?lm=1,2004-08-17,134,6
3658,Vítor Carvalho,4000000.0,6.0,Defensive Midfield,Brazil,https://tmssl.akamaized.net//images/flagge/verysmall/26.png?lm=1520611569,https://img.a.transfermarkt.technology/portrait/medium/553062-1766178064.png?lm=1,1997-05-27,134,6
3659,Florian Grillitsch,2000000.0,27.0,Defensive Midfield,Austria,https://tmssl.akamaized.net//images/flagge/verysmall/127.png?lm=1520611569,https://img.a.transfermarkt.technology/portrait/medium/195736-1691269821.jpg?lm=1,1995-08-07,134,6
3660,Yanis da Rocha,200000.0,41.0,Defensive Midfield,Portugal,https://tmssl.akamaized.net//images/flagge/verysmall/136.png?lm=1520611569,https://img.a.transfermarkt.technology/portrait/medium/1073115-1689275379.jpg?lm=1,2004-05-10,134,6
3661,Rodrigo Zalazar,22000000.0,10.0,Central Midfield,Uruguay,https://tmssl.akamaized.net//images/flagge/verysmall/179.png?lm=1520611569,https://img.a.transfermarkt.technology/portrait/medium/606752-1771936397.png?lm=1,1999-08-12,134,6
3662,Gorby,7000000.0,29.0,Central Midfield,France,https://tmssl.akamaized.net//images/flagge/verysmall/50.png?lm=1520611569,https://img.a.transfermarkt.technology/portrait/medium/631404-1778180026.jpg?lm=1,2002-07-25,134,6
3663,Diego Rodrigues,4500000.0,50.0,Central Midfield,Portugal,https://tmssl.akamaized.net//images/flagge/verysmall/136.png?lm=1520611569,https://img.a.transfermarkt.technology/portrait/medium/984540-1732827172.jpg?lm=1,2005-05-24,134,6
3664,João Moutinho,500000.0,8.0,Central Midfield,Portugal,https://tmssl.akamaized.net//images/flagge/verysmall/136.png?lm=1520611569,https://img.a.transfermarkt.technology/portrait/medium/29364-1464083394.PNG?lm=1,1986-09-08,134,6
3665,Mario Dorgeles,10000000.0,20.0,Right Midfield,Cote d'Ivoire,https://tmssl.akamaized.net//images/flagge/verysmall/38.png?lm=1520611569,https://img.a.transfermarkt.technology/portrait/medium/1045972-1778181083.jpg?lm=1,2004-08-07,134,6
3666,Ricardo Horta,10000000.0,21.0,Left Winger,Portugal,https://tmssl.akamaized.net//images/flagge/verysmall/136.png?lm=1520611569,https://img.a.transfermarkt.technology/portrait/medium/261927-1702415787.jpg?lm=1,1994-09-15,134,6
3667,Gabri Martínez,5000000.0,77.0,Left Winger,Spain,https://tmssl.akamaized.net//images/flagge/verysmall/157.png?lm=1520611569,https://img.a.transfermarkt.technology/portrait/medium/906948-1712569048.jpg?lm=1,2003-01-22,134,6
3668,Sandro Vidigal,1500000.0,95.0,Right Winger,Portugal,https://tmssl.akamaized.net//images/flagge/verysmall/136.png?lm=1520611569,https://img.a.transfermarkt.technology/portrait/medium/1006448-1778181244.jpg?lm=1,2007-07-28,134,6
3669,João Aragão,500000.0,72.0,Right Winger,Portugal,https://tmssl.akamaized.net//images/flagge/verysmall/136.png?lm=1520611569,https://img.a.transfermarkt.technology/portrait/medium/1075884-1762245267.jpg?lm=1,2008-03-24,134,6
3670,Pau Víctor,12000000.0,18.0,Centre-Forward,Spain,https://tmssl.akamaized.net//images/flagge/verysmall/157.png?lm=1520611569,https://img.a.transfermarkt.technology/portrait/medium/707572-1724052852.jpg?lm=1,2001-11-26,134,6
3671,Fran Navarro,4000000.0,39.0,Centre-Forward,Spain,https://tmssl.akamaized.net//images/flagge/verysmall/157.png?lm=1520611569,https://img.a.transfermarkt.technology/portrait/medium/284883-1693589967.png?lm=1,1998-02-03,134,6
3672,Amine El Ouazzani,3500000.0,9.0,Centre-Forward,Morocco,https://tmssl.akamaized.net//images/flagge/verysmall/107.png?lm=1520611569,https://img.a.transfermarkt.technology/portrait/medium/735051-1669303777.png?lm=1,2001-07-15,134,6
3673,Anatoliy Trubin,25000000.0,1.0,Goalkeeper,Ukraine,https://tmssl.akamaized.net//images/flagge/verysmall/177.png?lm=1520611569,https://img.a.transfermarkt.technology/portrait/medium/537844-1737497981.jpg?lm=1,2001-08-01,135,6
3674,Samuel Soares,4000000.0,24.0,Goalkeeper,Portugal,https://tmssl.akamaized.net//images/flagge/verysmall/136.png?lm=1520611569,https://img.a.transfermarkt.technology/portrait/medium/504072-1749738150.jpg?lm=1,2002-06-15,135,6
3675,António Silva,28000000.0,4.0,Centre-Back,Portugal,https://tmssl.akamaized.net//images/flagge/verysmall/136.png?lm=1520611569,https://img.a.transfermarkt.technology/portrait/medium/650568-1700235534.jpg?lm=1,2003-10-30,135,6
3676,Tomás Araújo,28000000.0,44.0,Centre-Back,Portugal,https://tmssl.akamaized.net//images/flagge/verysmall/136.png?lm=1520611569,https://img.a.transfermarkt.technology/portrait/medium/504087-1737497771.jpg?lm=1,2002-05-16,135,6
3677,Nicolás Otamendi,1000000.0,30.0,Centre-Back,Argentina,https://tmssl.akamaized.net//images/flagge/verysmall/9.png?lm=1520611569,https://img.a.transfermarkt.technology/portrait/medium/54781-1669835534.jpg?lm=1,1988-02-12,135,6
3678,Samuel Dahl,12000000.0,26.0,Left-Back,Sweden,https://tmssl.akamaized.net//images/flagge/verysmall/147.png?lm=1520611569,https://img.a.transfermarkt.technology/portrait/medium/605396-1750852807.jpg?lm=1,2003-03-04,135,6
3679,José Neto,3000000.0,62.0,Left-Back,Portugal,https://tmssl.akamaized.net//images/flagge/verysmall/136.png?lm=1520611569,https://img.a.transfermarkt.technology/portrait/medium/1233701-1763574790.jpg?lm=1,2008-04-19,135,6
3680,Amar Dedić,15000000.0,17.0,Right-Back,Bosnia-Herzegovina,https://tmssl.akamaized.net//images/flagge/verysmall/24.png?lm=1569523290,https://img.a.transfermarkt.technology/portrait/medium/519184-1758058581.jpg?lm=1,2002-08-18,135,6
3681,Alexander Bah,9000000.0,6.0,Right-Back,Denmark,https://tmssl.akamaized.net//images/flagge/verysmall/39.png?lm=1520611569,https://img.a.transfermarkt.technology/portrait/medium/452607-1701334276.jpg?lm=1,1997-12-09,135,6
3682,Sidny Lopes Cabral,5000000.0,15.0,Right-Back,Cape Verde,https://tmssl.akamaized.net//images/flagge/verysmall/32.png?lm=1520611569,https://img.a.transfermarkt.technology/portrait/medium/611855-1767966134.jpg?lm=1,2002-09-18,135,6
3683,Daniel Banjaqui,5000000.0,58.0,Right-Back,Portugal,https://tmssl.akamaized.net//images/flagge/verysmall/136.png?lm=1520611569,https://img.a.transfermarkt.technology/portrait/medium/1134199-1772555829.jpg?lm=1,2008-03-24,135,6
3684,Richard Ríos,22000000.0,20.0,Defensive Midfield,Colombia,https://tmssl.akamaized.net//images/flagge/verysmall/83.png?lm=1520611569,https://img.a.transfermarkt.technology/portrait/medium/735573-1721090544.jpg?lm=1,2000-06-02,135,6
3685,Enzo Barrenechea,15000000.0,5.0,Defensive Midfield,Argentina,https://tmssl.akamaized.net//images/flagge/verysmall/9.png?lm=1520611569,https://img.a.transfermarkt.technology/portrait/medium/671915-1758058491.jpg?lm=1,2001-05-22,135,6
3686,Manu Silva,9000000.0,16.0,Defensive Midfield,Portugal,https://tmssl.akamaized.net//images/flagge/verysmall/136.png?lm=1520611569,https://img.a.transfermarkt.technology/portrait/medium/699592-1758716910.jpg?lm=1,2001-06-12,135,6
3687,Fredrik Aursnes,17000000.0,8.0,Central Midfield,Norway,https://tmssl.akamaized.net//images/flagge/verysmall/125.png?lm=1520611569,https://img.a.transfermarkt.technology/portrait/medium/223367-1737497700.jpg?lm=1,1995-12-10,135,6
3688,Leandro Barreiro,15000000.0,18.0,Central Midfield,Luxembourg,https://tmssl.akamaized.net//images/flagge/verysmall/99.png?lm=1520611569,https://img.a.transfermarkt.technology/portrait/medium/357233-1750853041.jpg?lm=1,2000-01-03,135,6
3689,João Veloso,1500000.0,68.0,Central Midfield,Portugal,https://tmssl.akamaized.net//images/flagge/verysmall/136.png?lm=1520611569,https://img.a.transfermarkt.technology/portrait/medium/637792-1750853399.jpg?lm=1,2005-06-26,135,6
3690,Georgiy Sudakov,28000000.0,10.0,Attacking Midfield,Ukraine,https://tmssl.akamaized.net//images/flagge/verysmall/177.png?lm=1520611569,https://img.a.transfermarkt.technology/portrait/medium/623325-1758058526.jpg?lm=1,2002-09-01,135,6
3691,João Rego,3000000.0,84.0,Attacking Midfield,Portugal,https://tmssl.akamaized.net//images/flagge/verysmall/136.png?lm=1520611569,https://img.a.transfermarkt.technology/portrait/medium/931415-1750853573.jpg?lm=1,2005-06-20,135,6
3692,Andreas Schjelderup,20000000.0,21.0,Left Winger,Norway,https://tmssl.akamaized.net//images/flagge/verysmall/125.png?lm=1520611569,https://img.a.transfermarkt.technology/portrait/medium/670103-1697191976.jpg?lm=1,2004-06-01,135,6
3693,Bruma,5000000.0,7.0,Left Winger,Portugal,https://tmssl.akamaized.net//images/flagge/verysmall/136.png?lm=1520611569,https://img.a.transfermarkt.technology/portrait/medium/139396-1700235976.jpg?lm=1,1994-10-24,135,6
3694,Dodi Lukébakio,20000000.0,11.0,Right Winger,Belgium,https://tmssl.akamaized.net//images/flagge/verysmall/19.png?lm=1520611569,https://img.a.transfermarkt.technology/portrait/medium/303259-1657098989.jpg?lm=1,1997-09-24,135,6
3695,Gianluca Prestianni,12000000.0,25.0,Right Winger,Argentina,https://tmssl.akamaized.net//images/flagge/verysmall/9.png?lm=1520611569,https://img.a.transfermarkt.technology/portrait/medium/1000674-1750852935.jpg?lm=1,2006-01-31,135,6
3696,Rafa Silva,5000000.0,27.0,Second Striker,Portugal,https://tmssl.akamaized.net//images/flagge/verysmall/136.png?lm=1520611569,https://img.a.transfermarkt.technology/portrait/medium/238055-1727356372.png?lm=1,1993-05-17,135,6
3697,Vangelis Pavlidis,32000000.0,14.0,Centre-Forward,Greece,https://tmssl.akamaized.net//images/flagge/verysmall/56.png?lm=1520611569,https://img.a.transfermarkt.technology/portrait/medium/324503-1737497307.jpg?lm=1,1998-11-21,135,6
3698,Franjo Ivanović,18000000.0,9.0,Centre-Forward,Croatia,https://tmssl.akamaized.net//images/flagge/verysmall/37.png?lm=1520611569,https://img.a.transfermarkt.technology/portrait/medium/548028-1727376769.jpg?lm=1,2003-10-01,135,6
3699,Anísio Cabral,5000000.0,72.0,Centre-Forward,Portugal,https://tmssl.akamaized.net//images/flagge/verysmall/136.png?lm=1520611569,https://img.a.transfermarkt.technology/portrait/medium/1092964-1772555863.jpg?lm=1,2008-02-15,135,6
3700,Henrique Araújo,2000000.0,39.0,Centre-Forward,Portugal,https://tmssl.akamaized.net//images/flagge/verysmall/136.png?lm=1520611569,https://img.a.transfermarkt.technology/portrait/medium/617267-1749738879.jpg?lm=1,2002-01-19,135,6
3701,Rui Silva,7000000.0,1.0,Goalkeeper,Portugal,https://tmssl.akamaized.net//images/flagge/verysmall/136.png?lm=1520611569,https://img.a.transfermarkt.technology/portrait/medium/234811-1666770953.jpg?lm=1,1994-02-07,136,6
3702,João Virgínia,1000000.0,12.0,Goalkeeper,Portugal,https://tmssl.akamaized.net//images/flagge/verysmall/136.png?lm=1520611569,https://img.a.transfermarkt.technology/portrait/medium/329813-1773786854.jpg?lm=1,1999-10-10,136,6
3703,Ousmane Diomande,45000000.0,26.0,Centre-Back,Cote d'Ivoire,https://tmssl.akamaized.net//images/flagge/verysmall/38.png?lm=1520611569,https://img.a.transfermarkt.technology/portrait/medium/974982-1759778940.jpg?lm=1,2003-12-04,136,6
3704,Gonçalo Inácio,40000000.0,25.0,Centre-Back,Portugal,https://tmssl.akamaized.net//images/flagge/verysmall/136.png?lm=1520611569,https://img.a.transfermarkt.technology/portrait/medium/549006-1716296254.jpg?lm=1,2001-08-25,136,6
3705,Zeno Debast,30000000.0,6.0,Centre-Back,Belgium,https://tmssl.akamaized.net//images/flagge/verysmall/19.png?lm=1520611569,https://img.a.transfermarkt.technology/portrait/medium/548193-1759779104.jpg?lm=1,2003-10-24,136,6
3706,Eduardo Quaresma,15000000.0,72.0,Centre-Back,Portugal,https://tmssl.akamaized.net//images/flagge/verysmall/136.png?lm=1520611569,https://img.a.transfermarkt.technology/portrait/medium/504073-1764375031.jpg?lm=1,2002-03-02,136,6
3707,Maxi Araújo,25000000.0,20.0,Left-Back,Uruguay,https://tmssl.akamaized.net//images/flagge/verysmall/179.png?lm=1520611569,https://img.a.transfermarkt.technology/portrait/medium/572675-1773786535.jpg?lm=1,2000-02-15,136,6
3708,Nuno Santos,5000000.0,11.0,Left-Back,Portugal,https://tmssl.akamaized.net//images/flagge/verysmall/136.png?lm=1520611569,https://img.a.transfermarkt.technology/portrait/medium/290391-1765307190.jpg?lm=1,1995-02-13,136,6
3709,Ricardo Mangas,2500000.0,91.0,Left-Back,Portugal,https://tmssl.akamaized.net//images/flagge/verysmall/136.png?lm=1520611569,https://img.a.transfermarkt.technology/portrait/medium/314944-1765307316.jpg?lm=1,1998-03-19,136,6
3710,Iván Fresneda,12000000.0,22.0,Right-Back,Spain,https://tmssl.akamaized.net//images/flagge/verysmall/157.png?lm=1520611569,https://img.a.transfermarkt.technology/portrait/medium/946883-1761231757.jpg?lm=1,2004-09-28,136,6
3711,Georgios Vagiannidis,11000000.0,13.0,Right-Back,Greece,https://tmssl.akamaized.net//images/flagge/verysmall/56.png?lm=1520611569,https://img.a.transfermarkt.technology/portrait/medium/546186-1765306981.jpg?lm=1,2001-09-12,136,6
3712,Morten Hjulmand,45000000.0,42.0,Defensive Midfield,Denmark,https://tmssl.akamaized.net//images/flagge/verysmall/39.png?lm=1520611569,https://img.a.transfermarkt.technology/portrait/medium/461496-1725633200.jpg?lm=1,1999-06-25,136,6
3713,João Simões,15000000.0,52.0,Central Midfield,Portugal,https://tmssl.akamaized.net//images/flagge/verysmall/136.png?lm=1520611569,https://img.a.transfermarkt.technology/portrait/medium/958937-1761231845.jpg?lm=1,2007-01-06,136,6
3714,Daniel Bragança,10000000.0,23.0,Central Midfield,Portugal,https://tmssl.akamaized.net//images/flagge/verysmall/136.png?lm=1520611569,https://img.a.transfermarkt.technology/portrait/medium/461943-1765306925.jpg?lm=1,1999-05-27,136,6
3715,Hidemasa Morita,9000000.0,5.0,Central Midfield,Japan,https://tmssl.akamaized.net//images/flagge/verysmall/77.png?lm=1520611569,https://img.a.transfermarkt.technology/portrait/medium/524315-1765307094.jpg?lm=1,1995-05-10,136,6
3716,Giorgi Kochorashvili,5000000.0,14.0,Central Midfield,Georgia,https://tmssl.akamaized.net//images/flagge/verysmall/53.png?lm=1520611569,https://img.a.transfermarkt.technology/portrait/medium/405564-1759133137.jpg?lm=1,1999-06-29,136,6
3717,Francisco Trincão,35000000.0,17.0,Attacking Midfield,Portugal,https://tmssl.akamaized.net//images/flagge/verysmall/136.png?lm=1520611569,https://img.a.transfermarkt.technology/portrait/medium/412669-1739308729.jpg?lm=1,1999-12-29,136,6
3718,Pedro Gonçalves,28000000.0,8.0,Left Winger,Portugal,https://tmssl.akamaized.net//images/flagge/verysmall/136.png?lm=1520611569,https://img.a.transfermarkt.technology/portrait/medium/426620-1759778826.jpg?lm=1,1998-06-28,136,6
3719,Geovany Quenda,42000000.0,7.0,Right Winger,Portugal,https://tmssl.akamaized.net//images/flagge/verysmall/136.png?lm=1520611569,https://img.a.transfermarkt.technology/portrait/medium/1138758-1761232238.jpg?lm=1,2007-04-30,136,6
3720,Geny Catamo,20000000.0,10.0,Right Winger,Mozambique,https://tmssl.akamaized.net//images/flagge/verysmall/115.png?lm=1520611569,https://img.a.transfermarkt.technology/portrait/medium/701979-1764374966.jpg?lm=1,2001-01-26,136,6
3721,Luís Guilherme,12000000.0,31.0,Right Winger,Brazil,https://tmssl.akamaized.net//images/flagge/verysmall/26.png?lm=1520611569,https://img.a.transfermarkt.technology/portrait/medium/991800-1736160163.jpg?lm=1,2006-02-09,136,6
3722,Souleymane Faye,4000000.0,15.0,Right Winger,Senegal,https://tmssl.akamaized.net//images/flagge/verysmall/149.png?lm=1520611569,https://img.a.transfermarkt.technology/portrait/medium/666971-1773786729.jpg?lm=1,2003-02-08,136,6
3723,Luis Suárez,28000000.0,97.0,Centre-Forward,Colombia,https://tmssl.akamaized.net//images/flagge/verysmall/83.png?lm=1520611569,https://img.a.transfermarkt.technology/portrait/medium/424784-1761232078.jpg?lm=1,1997-12-02,136,6
3724,Fotis Ioannidis,18000000.0,89.0,Centre-Forward,Greece,https://tmssl.akamaized.net//images/flagge/verysmall/56.png?lm=1520611569,https://img.a.transfermarkt.technology/portrait/medium/532444-1765306791.jpg?lm=1,2000-01-10,136,6
3725,Rafael Nel,1500000.0,90.0,Centre-Forward,Portugal,https://tmssl.akamaized.net//images/flagge/verysmall/136.png?lm=1520611569,https://img.a.transfermarkt.technology/portrait/medium/1057523-1725522275.jpg?lm=1,2005-04-03,136,6
3726,Juan Castillo,700000.0,25.0,Goalkeeper,Colombia,https://tmssl.akamaized.net//images/flagge/verysmall/83.png?lm=1520611569,https://img.a.transfermarkt.technology/portrait/medium/662446-1772459420.jpg?lm=1,2003-01-13,137,6
3727,Charles,300000.0,27.0,Goalkeeper,Brazil,https://tmssl.akamaized.net//images/flagge/verysmall/26.png?lm=1520611569,https://img.a.transfermarkt.technology/portrait/medium/181773-1695207347.jpg?lm=1,1994-02-04,137,6
3728,Gui,200000.0,91.0,Goalkeeper,Portugal,https://tmssl.akamaized.net//images/flagge/verysmall/136.png?lm=1520611569,https://img.a.transfermarkt.technology/portrait/medium/1093809-1772459281.jpg?lm=1,2006-05-13,137,6
3729,Óscar Rivas,1000000.0,4.0,Centre-Back,Spain,https://tmssl.akamaized.net//images/flagge/verysmall/157.png?lm=1520611569,https://img.a.transfermarkt.technology/portrait/medium/890557-1702510048.png?lm=1,2000-03-27,137,6
3730,Thiago Balieiro,1000000.0,28.0,Centre-Back,Brazil,https://tmssl.akamaized.net//images/flagge/verysmall/26.png?lm=1520611569,https://img.a.transfermarkt.technology/portrait/medium/984093-1770900839.jpg?lm=1,2003-02-23,137,6
3731,Rodrigo Abascal,600000.0,26.0,Centre-Back,Uruguay,https://tmssl.akamaized.net//images/flagge/verysmall/179.png?lm=1520611569,https://img.a.transfermarkt.technology/portrait/medium/367652-1581877880.jpg?lm=1,1994-01-14,137,6
3732,Miguel Nóbrega,400000.0,3.0,Centre-Back,Portugal,https://tmssl.akamaized.net//images/flagge/verysmall/136.png?lm=1520611569,https://img.a.transfermarkt.technology/portrait/medium/409884-1676542998.jpg?lm=1,2000-04-17,137,6
3733,João Mendes,2500000.0,13.0,Left-Back,Portugal,https://tmssl.akamaized.net//images/flagge/verysmall/136.png?lm=1520611569,https://img.a.transfermarkt.technology/portrait/medium/684348-1772459237.jpg?lm=1,2000-04-13,137,6
3734,Orest Lebedenko,500000.0,17.0,Left-Back,Ukraine,https://tmssl.akamaized.net//images/flagge/verysmall/177.png?lm=1520611569,https://img.a.transfermarkt.technology/portrait/medium/524964-1636825412.jpg?lm=1,1998-09-23,137,6
3735,Maga,1500000.0,2.0,Right-Back,Portugal,https://tmssl.akamaized.net//images/flagge/verysmall/136.png?lm=1520611569,https://img.a.transfermarkt.technology/portrait/medium/729140-1672674207.png?lm=1,2002-11-16,137,6
3736,Tony Strata,1500000.0,66.0,Right-Back,Romania,https://tmssl.akamaized.net//images/flagge/verysmall/140.png?lm=1520611569,https://img.a.transfermarkt.technology/portrait/medium/1004681-1772459339.jpg?lm=1,2004-09-07,137,6
3737,Diogo Sousa,1500000.0,23.0,Defensive Midfield,Portugal,https://tmssl.akamaized.net//images/flagge/verysmall/136.png?lm=1520611569,https://img.a.transfermarkt.technology/portrait/medium/937729-1772447527.jpg?lm=1,2006-01-20,137,6
3738,Beni Mukendi,3000000.0,16.0,Central Midfield,Angola,https://tmssl.akamaized.net//images/flagge/verysmall/6.png?lm=1520611569,https://img.a.transfermarkt.technology/portrait/medium/666539-1766431769.jpg?lm=1,2002-05-21,137,6
3739,Matija Mitrović,2000000.0,6.0,Central Midfield,Serbia,https://tmssl.akamaized.net//images/flagge/verysmall/215.png?lm=1520611569,https://img.a.transfermarkt.technology/portrait/medium/959979-1718184844.png?lm=1,2004-12-12,137,6
3740,Gonçalo Nogueira,1000000.0,30.0,Central Midfield,Portugal,https://tmssl.akamaized.net//images/flagge/verysmall/136.png?lm=1520611569,https://img.a.transfermarkt.technology/portrait/medium/877140-1695208234.jpg?lm=1,2003-12-28,137,6
3741,Samu,2000000.0,20.0,Attacking Midfield,Portugal,https://tmssl.akamaized.net//images/flagge/verysmall/136.png?lm=1520611569,https://img.a.transfermarkt.technology/portrait/medium/291939-1478181309.jpg?lm=1,1996-04-21,137,6
3742,Oumar Camara,5000000.0,19.0,Left Winger,France,https://tmssl.akamaized.net//images/flagge/verysmall/50.png?lm=1520611569,https://img.a.transfermarkt.technology/portrait/medium/1053206-1772459112.jpg?lm=1,2007-05-11,137,6
3743,Noah Saviolo,2000000.0,48.0,Left Winger,Portugal,https://tmssl.akamaized.net//images/flagge/verysmall/136.png?lm=1520611569,https://img.a.transfermarkt.technology/portrait/medium/671669-1772459028.jpg?lm=1,2004-03-07,137,6
3744,Fabio Blanco,1000000.0,22.0,Left Winger,Spain,https://tmssl.akamaized.net//images/flagge/verysmall/157.png?lm=1520611569,https://img.a.transfermarkt.technology/portrait/medium/648909-1737487769.jpg?lm=1,2004-02-18,137,6
3745,Gustavo Silva,3000000.0,11.0,Right Winger,Brazil,https://tmssl.akamaized.net//images/flagge/verysmall/26.png?lm=1520611569,https://img.a.transfermarkt.technology/portrait/medium/1047860-1772459179.jpg?lm=1,1999-06-01,137,6
3746,Telmo Arcanjo,3000000.0,18.0,Right Winger,Cape Verde,https://tmssl.akamaized.net//images/flagge/verysmall/32.png?lm=1520611569,https://img.a.transfermarkt.technology/portrait/medium/791528-1695206920.jpg?lm=1,2001-06-21,137,6
3747,Miguel Nogueira,1000000.0,88.0,Right Winger,Portugal,https://tmssl.akamaized.net//images/flagge/verysmall/136.png?lm=1520611569,https://img.a.transfermarkt.technology/portrait/medium/1135545-1743455490.jpg?lm=1,2005-02-27,137,6
3748,Alioune Ndoye,1000000.0,90.0,Centre-Forward,Senegal,https://tmssl.akamaized.net//images/flagge/verysmall/149.png?lm=1520611569,https://img.a.transfermarkt.technology/portrait/medium/807124-1712084978.jpg?lm=1,2001-10-05,137,6
3749,Nélson Oliveira,300000.0,7.0,Centre-Forward,Portugal,https://tmssl.akamaized.net//images/flagge/verysmall/136.png?lm=1520611569,https://img.a.transfermarkt.technology/portrait/medium/72768-1696346309.png?lm=1,1991-08-08,137,6
3750,Rome-Jayden Owusu-Oduro,7000000.0,1.0,Goalkeeper,Netherlands,https://tmssl.akamaized.net//images/flagge/verysmall/122.png?lm=1520611569,https://img.a.transfermarkt.technology/portrait/medium/704772-1753350151.jpg?lm=1,2004-07-02,138,7
3751,Jeroen Zoet,300000.0,41.0,Goalkeeper,Netherlands,https://tmssl.akamaized.net//images/flagge/verysmall/122.png?lm=1520611569,https://img.a.transfermarkt.technology/portrait/medium/79045-1753350290.jpg?lm=1,1991-01-06,138,7
3752,Hobie Verhulst,200000.0,12.0,Goalkeeper,Netherlands,https://tmssl.akamaized.net//images/flagge/verysmall/122.png?lm=1520611569,https://img.a.transfermarkt.technology/portrait/medium/116471-1753350247.jpg?lm=1,1993-04-02,138,7
3753,Daniël Deen,125000.0,31.0,Goalkeeper,Netherlands,https://tmssl.akamaized.net//images/flagge/verysmall/122.png?lm=1520611569,https://img.a.transfermarkt.technology/portrait/medium/635371-1753350198.jpg?lm=1,2003-02-13,138,7
3754,Wouter Goes,15000000.0,3.0,Centre-Back,Netherlands,https://tmssl.akamaized.net//images/flagge/verysmall/122.png?lm=1520611569,https://img.a.transfermarkt.technology/portrait/medium/646707-1753350086.jpg?lm=1,2004-06-10,138,7
3755,Alexandre Penetra,9000000.0,5.0,Centre-Back,Portugal,https://tmssl.akamaized.net//images/flagge/verysmall/136.png?lm=1520611569,https://img.a.transfermarkt.technology/portrait/medium/479643-1753351033.jpg?lm=1,2001-09-09,138,7
3756,Rion Ichihara,1500000.0,18.0,Centre-Back,Japan,https://tmssl.akamaized.net//images/flagge/verysmall/77.png?lm=1520611569,https://img.a.transfermarkt.technology/portrait/medium/936294-1758617690.jpg?lm=1,2005-07-07,138,7
3757,Maxim Dekker,800000.0,4.0,Centre-Back,Netherlands,https://tmssl.akamaized.net//images/flagge/verysmall/122.png?lm=1520611569,https://img.a.transfermarkt.technology/portrait/medium/646704-1753350570.jpg?lm=1,2004-04-21,138,7
3758,Billy van Duijl,800000.0,23.0,Centre-Back,Netherlands,https://tmssl.akamaized.net//images/flagge/verysmall/122.png?lm=1520611569,https://img.a.transfermarkt.technology/portrait/medium/1008564-1697908829.jpg?lm=1,2005-10-04,138,7
3759,Mees de Wit,4500000.0,34.0,Left-Back,Netherlands,https://tmssl.akamaized.net//images/flagge/verysmall/122.png?lm=1520611569,https://img.a.transfermarkt.technology/portrait/medium/315254-1753350882.jpg?lm=1,1998-04-17,138,7
3760,Mateo Chávez,4000000.0,15.0,Left-Back,Mexico,https://tmssl.akamaized.net//images/flagge/verysmall/110.png?lm=1520611569,https://img.a.transfermarkt.technology/portrait/medium/1066953-1753350485.jpg?lm=1,2004-05-12,138,7
3761,Denso Kasius,6000000.0,30.0,Right-Back,Netherlands,https://tmssl.akamaized.net//images/flagge/verysmall/122.png?lm=1520611569,https://img.a.transfermarkt.technology/portrait/medium/577394-1753350609.jpg?lm=1,2002-10-06,138,7
3762,Seiya Maikuma,3000000.0,2.0,Right-Back,Japan,https://tmssl.akamaized.net//images/flagge/verysmall/77.png?lm=1520611569,https://img.a.transfermarkt.technology/portrait/medium/733438-1721657268.jpg?lm=1,1997-10-16,138,7
3763,Elijah Dijkstra,2500000.0,22.0,Right-Back,Netherlands,https://tmssl.akamaized.net//images/flagge/verysmall/122.png?lm=1520611569,https://img.a.transfermarkt.technology/portrait/medium/957241-1753350414.jpg?lm=1,2006-08-05,138,7
3764,Peer Koopmeiners,10000000.0,6.0,Defensive Midfield,Netherlands,https://tmssl.akamaized.net//images/flagge/verysmall/122.png?lm=1520611569,https://img.a.transfermarkt.technology/portrait/medium/361074-1721657696.jpg?lm=1,2000-05-04,138,7
3765,Kasper Boogaard,3000000.0,20.0,Defensive Midfield,Netherlands,https://tmssl.akamaized.net//images/flagge/verysmall/122.png?lm=1520611569,https://img.a.transfermarkt.technology/portrait/medium/988406-1768242977.jpg?lm=1,2006-01-29,138,7
3766,Jordy Clasie,1200000.0,8.0,Defensive Midfield,Netherlands,https://tmssl.akamaized.net//images/flagge/verysmall/122.png?lm=1520611569,https://img.a.transfermarkt.technology/portrait/medium/104223-1721657656.jpg?lm=1,1991-06-27,138,7
3767,Kees Smit,25000000.0,26.0,Central Midfield,Netherlands,https://tmssl.akamaized.net//images/flagge/verysmall/122.png?lm=1520611569,https://img.a.transfermarkt.technology/portrait/medium/859035-1723819911.jpg?lm=1,2006-01-20,138,7
3768,Sven Mijnans,14000000.0,10.0,Attacking Midfield,Netherlands,https://tmssl.akamaized.net//images/flagge/verysmall/122.png?lm=1520611569,https://img.a.transfermarkt.technology/portrait/medium/578804-1753350733.jpg?lm=1,2000-03-09,138,7
3769,Matej Sin,4000000.0,33.0,Attacking Midfield,Czech Republic,https://tmssl.akamaized.net//images/flagge/verysmall/172.png?lm=1520611569,https://img.a.transfermarkt.technology/portrait/medium/724025-1714922170.jpg?lm=1,2004-06-02,138,7
3770,Isak Jensen,3500000.0,17.0,Left Winger,Denmark,https://tmssl.akamaized.net//images/flagge/verysmall/39.png?lm=1520611569,https://img.a.transfermarkt.technology/portrait/medium/801886-1753350986.jpg?lm=1,2003-12-23,138,7
3771,Ro-Zangelo Daal,2000000.0,27.0,Left Winger,Netherlands,https://tmssl.akamaized.net//images/flagge/verysmall/122.png?lm=1520611569,https://img.a.transfermarkt.technology/portrait/medium/800995-1753350850.jpg?lm=1,2004-02-10,138,7
3772,Wassim Bouziane,450000.0,75.0,Left Winger,Netherlands,https://tmssl.akamaized.net//images/flagge/verysmall/122.png?lm=1520611569,https://img.a.transfermarkt.technology/portrait/medium/990008-1765214511.jpg?lm=1,2006-12-22,138,7
3773,Weslley Patati,6000000.0,7.0,Right Winger,Brazil,https://tmssl.akamaized.net//images/flagge/verysmall/26.png?lm=1520611569,https://img.a.transfermarkt.technology/portrait/medium/959106-1706142956.jpg?lm=1,2003-10-01,138,7
3774,Ayoub Oufkir,4000000.0,24.0,Right Winger,Netherlands,https://tmssl.akamaized.net//images/flagge/verysmall/122.png?lm=1520611569,https://img.a.transfermarkt.technology/portrait/medium/1078350-1753439011.jpg?lm=1,2006-01-04,138,7
3775,Ibrahim Sadiq,3000000.0,11.0,Right Winger,Ghana,https://tmssl.akamaized.net//images/flagge/verysmall/54.png?lm=1520611569,https://img.a.transfermarkt.technology/portrait/medium/543501-1753350943.jpg?lm=1,2000-05-07,138,7
3776,Troy Parrott,22000000.0,9.0,Centre-Forward,Ireland,https://tmssl.akamaized.net//images/flagge/verysmall/72.png?lm=1520611569,https://img.a.transfermarkt.technology/portrait/medium/552655-1721657549.jpg?lm=1,2002-02-04,138,7
3777,Mexx Meerdink,10000000.0,35.0,Centre-Forward,Netherlands,https://tmssl.akamaized.net//images/flagge/verysmall/122.png?lm=1520611569,https://img.a.transfermarkt.technology/portrait/medium/678546-1753350650.jpg?lm=1,2003-07-24,138,7
3778,Jizz Hornkamp,3000000.0,19.0,Centre-Forward,Netherlands,https://tmssl.akamaized.net//images/flagge/verysmall/122.png?lm=1520611569,https://img.a.transfermarkt.technology/portrait/medium/185817-1764163127.png?lm=1,1998-03-07,138,7
3779,Vitezslav Jaros,5000000.0,1.0,Goalkeeper,Czech Republic,https://tmssl.akamaized.net//images/flagge/verysmall/172.png?lm=1520611569,https://img.a.transfermarkt.technology/portrait/medium/486604-1696603392.jpg?lm=1,2001-07-23,139,7
3780,Maarten Paes,1500000.0,26.0,Goalkeeper,Indonesia,https://tmssl.akamaized.net//images/flagge/verysmall/68.png?lm=1520611569,https://img.a.transfermarkt.technology/portrait/medium/396077-1740506730.jpg?lm=1,1998-05-14,139,7
3781,Joeri Heerkens,1000000.0,12.0,Goalkeeper,Netherlands,https://tmssl.akamaized.net//images/flagge/verysmall/122.png?lm=1520611569,https://img.a.transfermarkt.technology/portrait/medium/923667-1750060148.png?lm=1,2006-05-08,139,7
3782,Paul Reverson,350000.0,52.0,Goalkeeper,Ghana,https://tmssl.akamaized.net//images/flagge/verysmall/54.png?lm=1520611569,https://img.a.transfermarkt.technology/portrait/medium/1015401-1745076401.jpg?lm=1,2005-06-20,139,7
3783,Youri Baas,20000000.0,15.0,Centre-Back,Netherlands,https://tmssl.akamaized.net//images/flagge/verysmall/122.png?lm=1520611569,https://img.a.transfermarkt.technology/portrait/medium/559327-1689414712.jpg?lm=1,2003-03-17,139,7
3784,Josip Sutalo,15000000.0,37.0,Centre-Back,Croatia,https://tmssl.akamaized.net//images/flagge/verysmall/37.png?lm=1520611569,https://img.a.transfermarkt.technology/portrait/medium/371001-1683031171.jpg?lm=1,2000-02-28,139,7
3785,Ko Itakura,10000000.0,4.0,Centre-Back,Japan,https://tmssl.akamaized.net//images/flagge/verysmall/77.png?lm=1520611569,https://img.a.transfermarkt.technology/portrait/medium/355816-1662966245.jpg?lm=1,1997-01-27,139,7
3786,Aaron Bouwman,3500000.0,30.0,Centre-Back,Netherlands,https://tmssl.akamaized.net//images/flagge/verysmall/122.png?lm=1520611569,https://img.a.transfermarkt.technology/portrait/medium/987366-1754855205.jpg?lm=1,2007-08-28,139,7
3787,Oleksandr Zinchenko,10000000.0,47.0,Left-Back,Ukraine,https://tmssl.akamaized.net//images/flagge/verysmall/177.png?lm=1520611569,https://img.a.transfermarkt.technology/portrait/medium/203853-1688658681.jpg?lm=1,1996-12-15,139,7
3788,Owen Wijndal,4000000.0,5.0,Left-Back,Netherlands,https://tmssl.akamaized.net//images/flagge/verysmall/122.png?lm=1520611569,https://img.a.transfermarkt.technology/portrait/medium/339328-1696421801.jpg?lm=1,1999-11-28,139,7
3789,Takehiro Tomiyasu,8000000.0,32.0,Right-Back,Japan,https://tmssl.akamaized.net//images/flagge/verysmall/77.png?lm=1520611569,https://img.a.transfermarkt.technology/portrait/medium/331560-1682591217.jpg?lm=1,1998-11-05,139,7
3790,Anton Gaaei,5000000.0,3.0,Right-Back,Denmark,https://tmssl.akamaized.net//images/flagge/verysmall/39.png?lm=1520611569,https://img.a.transfermarkt.technology/portrait/medium/701055-1698669853.jpg?lm=1,2002-11-19,139,7
3791,Lucas Rosa,4000000.0,2.0,Right-Back,Brazil,https://tmssl.akamaized.net//images/flagge/verysmall/26.png?lm=1520611569,https://img.a.transfermarkt.technology/portrait/medium/468309-1761068100.jpg?lm=1,2000-04-03,139,7
3792,Jorthy Mokio,8000000.0,24.0,Defensive Midfield,Belgium,https://tmssl.akamaized.net//images/flagge/verysmall/19.png?lm=1520611569,https://img.a.transfermarkt.technology/portrait/medium/1105532-1745075593.jpg?lm=1,2008-02-29,139,7
3793,Youri Regeer,5000000.0,6.0,Defensive Midfield,Netherlands,https://tmssl.akamaized.net//images/flagge/verysmall/122.png?lm=1520611569,https://img.a.transfermarkt.technology/portrait/medium/559324-1723819538.jpg?lm=1,2003-08-18,139,7
3794,Sean Steur,6000000.0,48.0,Central Midfield,Netherlands,https://tmssl.akamaized.net//images/flagge/verysmall/122.png?lm=1520611569,https://img.a.transfermarkt.technology/portrait/medium/1111063-1758310610.jpg?lm=1,2008-01-11,139,7
3795,Kian Fitz-Jim,3500000.0,28.0,Central Midfield,Netherlands,https://tmssl.akamaized.net//images/flagge/verysmall/122.png?lm=1520611569,https://img.a.transfermarkt.technology/portrait/medium/559333-1750147150.jpg?lm=1,2003-07-05,139,7
3796,Davy Klaassen,2500000.0,18.0,Central Midfield,Netherlands,https://tmssl.akamaized.net//images/flagge/verysmall/122.png?lm=1520611569,https://img.a.transfermarkt.technology/portrait/medium/182932-1726562366.jpg?lm=1,1993-02-21,139,7
3797,Oscar Gloukh,15000000.0,10.0,Attacking Midfield,Israel,https://tmssl.akamaized.net//images/flagge/verysmall/74.png?lm=1520611569,https://img.a.transfermarkt.technology/portrait/medium/930571-1754993380.png?lm=1,2004-04-01,139,7
3798,Rayane Bounida,5000000.0,43.0,Attacking Midfield,Morocco,https://tmssl.akamaized.net//images/flagge/verysmall/107.png?lm=1520611569,https://img.a.transfermarkt.technology/portrait/medium/598491-1745075528.jpg?lm=1,2006-03-03,139,7
3799,Mika Godts,25000000.0,11.0,Left Winger,Belgium,https://tmssl.akamaized.net//images/flagge/verysmall/19.png?lm=1520611569,https://img.a.transfermarkt.technology/portrait/medium/748804-1745174235.jpg?lm=1,2005-06-07,139,7
3800,Oliver Edvardsen,4000000.0,17.0,Left Winger,Norway,https://tmssl.akamaized.net//images/flagge/verysmall/125.png?lm=1520611569,https://img.a.transfermarkt.technology/portrait/medium/374326-1723035430.jpg?lm=1,1999-03-19,139,7
3801,Maher Carrizo,10000000.0,7.0,Right Winger,Argentina,https://tmssl.akamaized.net//images/flagge/verysmall/9.png?lm=1520611569,https://img.a.transfermarkt.technology/portrait/medium/1162160-1720648195.jpg?lm=1,2006-02-19,139,7
3802,Steven Berghuis,2500000.0,23.0,Right Winger,Netherlands,https://tmssl.akamaized.net//images/flagge/verysmall/122.png?lm=1520611569,https://img.a.transfermarkt.technology/portrait/medium/129554-1668696215.jpg?lm=1,1991-12-19,139,7
3803,Kasper Dolberg,10000000.0,9.0,Centre-Forward,Denmark,https://tmssl.akamaized.net//images/flagge/verysmall/39.png?lm=1520611569,https://img.a.transfermarkt.technology/portrait/medium/283196-1725633296.jpg?lm=1,1997-10-06,139,7
3804,Wout Weghorst,2500000.0,25.0,Centre-Forward,Netherlands,https://tmssl.akamaized.net//images/flagge/verysmall/122.png?lm=1520611569,https://img.a.transfermarkt.technology/portrait/medium/228645-1727259675.jpg?lm=1,1992-08-07,139,7
3805,Don-Angelo Konadu,800000.0,19.0,Centre-Forward,Netherlands,https://tmssl.akamaized.net//images/flagge/verysmall/122.png?lm=1520611569,https://img.a.transfermarkt.technology/portrait/medium/981693-1742228262.jpg?lm=1,2006-05-03,139,7
3806,Stijn van Gassel,900000.0,1.0,Goalkeeper,Netherlands,https://tmssl.akamaized.net//images/flagge/verysmall/122.png?lm=1520611569,https://img.a.transfermarkt.technology/portrait/medium/301696-1753351391.jpg?lm=1,1996-10-18,140,7
3807,Calvin Raatsie,400000.0,16.0,Goalkeeper,Netherlands,https://tmssl.akamaized.net//images/flagge/verysmall/122.png?lm=1520611569,https://img.a.transfermarkt.technology/portrait/medium/485588-1753351732.jpg?lm=1,2002-02-09,140,7
3808,Tijmen Holla,75000.0,40.0,Goalkeeper,Netherlands,https://tmssl.akamaized.net//images/flagge/verysmall/122.png?lm=1520611569,https://img.a.transfermarkt.technology/portrait/medium/1088035-1753351355.jpg?lm=1,2006-07-25,140,7
3809,Casper Widell,900000.0,4.0,Centre-Back,Sweden,https://tmssl.akamaized.net//images/flagge/verysmall/147.png?lm=1520611569,https://img.a.transfermarkt.technology/portrait/medium/605395-1722335820.jpg?lm=1,2003-05-05,140,7
3810,Rick Meissen,700000.0,3.0,Centre-Back,Netherlands,https://tmssl.akamaized.net//images/flagge/verysmall/122.png?lm=1520611569,https://img.a.transfermarkt.technology/portrait/medium/596178-1723809405.jpg?lm=1,2002-02-24,140,7
3811,Stan Henderikx,450000.0,5.0,Centre-Back,Netherlands,https://tmssl.akamaized.net//images/flagge/verysmall/122.png?lm=1520611569,https://img.a.transfermarkt.technology/portrait/medium/675981-1725630490.jpg?lm=1,2003-07-08,140,7
3812,Lewis Schouten,400000.0,14.0,Centre-Back,Netherlands,https://tmssl.akamaized.net//images/flagge/verysmall/122.png?lm=1520611569,https://img.a.transfermarkt.technology/portrait/medium/801031-1664801015.jpg?lm=1,2004-02-04,140,7
3813,Arthur Zagré,1200000.0,12.0,Left-Back,France,https://tmssl.akamaized.net//images/flagge/verysmall/50.png?lm=1520611569,https://img.a.transfermarkt.technology/portrait/medium/536477-1753351662.jpg?lm=1,2001-10-04,140,7
3814,Simon Janssen,450000.0,15.0,Left-Back,Netherlands,https://tmssl.akamaized.net//images/flagge/verysmall/122.png?lm=1520611569,https://img.a.transfermarkt.technology/portrait/medium/457092-1540557695.jpg?lm=1,2000-09-25,140,7
3815,Ilias Bronkhorst,650000.0,2.0,Right-Back,Netherlands,https://tmssl.akamaized.net//images/flagge/verysmall/122.png?lm=1520611569,https://img.a.transfermarkt.technology/portrait/medium/491292-1753351619.jpg?lm=1,1997-05-10,140,7
3816,Hamdi Akujobi,500000.0,22.0,Right-Back,Netherlands,https://tmssl.akamaized.net//images/flagge/verysmall/122.png?lm=1520611569,https://img.a.transfermarkt.technology/portrait/medium/590773-1725528596.jpg?lm=1,2000-01-20,140,7
3817,Adam Carlén,500000.0,6.0,Defensive Midfield,Sweden,https://tmssl.akamaized.net//images/flagge/verysmall/147.png?lm=1520611569,https://img.a.transfermarkt.technology/portrait/medium/675844-1753351581.jpg?lm=1,2000-06-27,140,7
3818,Irakli Yegoian,1500000.0,23.0,Central Midfield,Georgia,https://tmssl.akamaized.net//images/flagge/verysmall/53.png?lm=1520611569,https://img.a.transfermarkt.technology/portrait/medium/806245-1723104062.jpg?lm=1,2004-03-19,140,7
3819,Lennard Hartjes,600000.0,20.0,Central Midfield,Netherlands,https://tmssl.akamaized.net//images/flagge/verysmall/122.png?lm=1520611569,https://img.a.transfermarkt.technology/portrait/medium/595238-1753351699.jpg?lm=1,2003-04-07,140,7
3820,Mathijs Tielemans,500000.0,8.0,Central Midfield,Netherlands,https://tmssl.akamaized.net//images/flagge/verysmall/122.png?lm=1520611569,https://img.a.transfermarkt.technology/portrait/medium/608889-1753351210.jpg?lm=1,2002-04-26,140,7
3821,Noah Naujoks,1000000.0,10.0,Attacking Midfield,Netherlands,https://tmssl.akamaized.net//images/flagge/verysmall/122.png?lm=1520611569,https://img.a.transfermarkt.technology/portrait/medium/578544-1753351488.jpg?lm=1,2002-05-02,140,7
3822,Emil Hansson,1000000.0,7.0,Left Winger,Sweden,https://tmssl.akamaized.net//images/flagge/verysmall/147.png?lm=1520611569,https://img.a.transfermarkt.technology/portrait/medium/276002-1565074232.jpg?lm=1,1998-06-15,140,7
3823,Gyan de Regt,650000.0,11.0,Left Winger,Netherlands,https://tmssl.akamaized.net//images/flagge/verysmall/122.png?lm=1520611569,https://img.a.transfermarkt.technology/portrait/medium/747243-1753351770.jpg?lm=1,2003-08-18,140,7
3824,Miliano Jonathans,900000.0,26.0,Right Winger,Indonesia,https://tmssl.akamaized.net//images/flagge/verysmall/68.png?lm=1520611569,https://img.a.transfermarkt.technology/portrait/medium/723008-1753297729.jpg?lm=1,2004-04-05,140,7
3825,Derensili Sanches Fernandes,600000.0,30.0,Right Winger,Netherlands,https://tmssl.akamaized.net//images/flagge/verysmall/122.png?lm=1520611569,https://img.a.transfermarkt.technology/portrait/medium/608407-1722335937.jpg?lm=1,2001-05-28,140,7
3826,Szymon Wlodarczyk,750000.0,9.0,Centre-Forward,Poland,https://tmssl.akamaized.net//images/flagge/verysmall/135.png?lm=1520611569,https://img.a.transfermarkt.technology/portrait/medium/554282-1694036113.jpg?lm=1,2003-01-05,140,7
3827,Jerolldino Bergraaf,400000.0,33.0,Centre-Forward,Netherlands,https://tmssl.akamaized.net//images/flagge/verysmall/122.png?lm=1520611569,https://img.a.transfermarkt.technology/portrait/medium/1142631-1750415277.jpg?lm=1,2006-07-05,140,7
3828,Mike van Duinen,150000.0,29.0,Centre-Forward,Netherlands,https://tmssl.akamaized.net//images/flagge/verysmall/122.png?lm=1520611569,https://img.a.transfermarkt.technology/portrait/medium/183397-1692347896.jpg?lm=1,1991-11-06,140,7
3829,Nesto Groen,125000.0,28.0,Centre-Forward,Netherlands,https://tmssl.akamaized.net//images/flagge/verysmall/122.png?lm=1520611569,https://img.a.transfermarkt.technology/portrait/medium/775044-1753351530.jpg?lm=1,2004-07-22,140,7
3830,Etienne Vaessen,2500000.0,1.0,Goalkeeper,Suriname,https://tmssl.akamaized.net//images/flagge/verysmall/161.png?lm=1520611569,https://img.a.transfermarkt.technology/portrait/medium/387197-1764056076.png?lm=1,1995-07-26,141,7
3831,Lovro Stubljar,300000.0,13.0,Goalkeeper,Slovenia,https://tmssl.akamaized.net//images/flagge/verysmall/155.png?lm=1520611569,https://img.a.transfermarkt.technology/portrait/medium/728516-1764056160.png?lm=1,2004-08-09,141,7
3832,Hidde Jurjus,250000.0,21.0,Goalkeeper,Netherlands,https://tmssl.akamaized.net//images/flagge/verysmall/122.png?lm=1520611569,https://img.a.transfermarkt.technology/portrait/medium/215551-1764056246.png?lm=1,1994-02-09,141,7
3833,Dirk Baron,25000.0,24.0,Goalkeeper,Netherlands,https://tmssl.akamaized.net//images/flagge/verysmall/122.png?lm=1520611569,https://img.a.transfermarkt.technology/portrait/medium/747635-1764056303.png?lm=1,2002-08-16,141,7
3834,Dies Janse,4500000.0,4.0,Centre-Back,Netherlands,https://tmssl.akamaized.net//images/flagge/verysmall/122.png?lm=1520611569,https://img.a.transfermarkt.technology/portrait/medium/765743-1764056596.png?lm=1,2006-01-17,141,7
3835,Thijmen Blokzijl,3500000.0,3.0,Centre-Back,Netherlands,https://tmssl.akamaized.net//images/flagge/verysmall/122.png?lm=1520611569,https://img.a.transfermarkt.technology/portrait/medium/719209-1764056512.png?lm=1,2005-02-25,141,7
3836,Sven Bouland,150000.0,22.0,Centre-Back,Netherlands,https://tmssl.akamaized.net//images/flagge/verysmall/122.png?lm=1520611569,https://img.a.transfermarkt.technology/portrait/medium/848755-1764056850.png?lm=1,2006-02-22,141,7
3837,Elvis van der Laan,100000.0,15.0,Centre-Back,Sweden,https://tmssl.akamaized.net//images/flagge/verysmall/147.png?lm=1520611569,https://img.a.transfermarkt.technology/portrait/medium/1172424-1764056727.png?lm=1,2008-02-29,141,7
3838,Robin Kelder,50000.0,48.0,Centre-Back,Netherlands,https://tmssl.akamaized.net//images/flagge/verysmall/122.png?lm=1520611569,https://img.a.transfermarkt.technology/portrait/medium/847451-1764078429.jpg?lm=1,2005-03-25,141,7
3839,Wouter Prins,600000.0,2.0,Left-Back,Netherlands,https://tmssl.akamaized.net//images/flagge/verysmall/122.png?lm=1520611569,https://img.a.transfermarkt.technology/portrait/medium/671734-1764056438.png?lm=1,2004-02-06,141,7
3840,Marvin Peersman,300000.0,43.0,Left-Back,Belgium,https://tmssl.akamaized.net//images/flagge/verysmall/19.png?lm=1520611569,https://img.a.transfermarkt.technology/portrait/medium/125769-1764056913.png?lm=1,1991-02-10,141,7
3841,Marco Rente,1000000.0,5.0,Right-Back,Germany,https://tmssl.akamaized.net//images/flagge/verysmall/40.png?lm=1520612525,https://img.a.transfermarkt.technology/portrait/medium/237244-1764056657.png?lm=1,1997-02-25,141,7
3842,Tyrique Mercera,600000.0,16.0,Right-Back,Curacao,https://tmssl.akamaized.net//images/flagge/verysmall/260.png?lm=1520611569,https://img.a.transfermarkt.technology/portrait/medium/913289-1764056790.png?lm=1,2003-12-19,141,7
3843,Stije Resink,7000000.0,6.0,Defensive Midfield,Netherlands,https://tmssl.akamaized.net//images/flagge/verysmall/122.png?lm=1520611569,https://img.a.transfermarkt.technology/portrait/medium/793099-1764057217.png?lm=1,2003-05-28,141,7
3844,Tygo Land,1500000.0,18.0,Central Midfield,Netherlands,https://tmssl.akamaized.net//images/flagge/verysmall/122.png?lm=1520611569,https://img.a.transfermarkt.technology/portrait/medium/816974-1764057542.png?lm=1,2006-01-11,141,7
3845,Tika de Jonge,1300000.0,8.0,Central Midfield,Netherlands,https://tmssl.akamaized.net//images/flagge/verysmall/122.png?lm=1520611569,https://img.a.transfermarkt.technology/portrait/medium/653725-1764057359.png?lm=1,2003-03-11,141,7
3846,Travis Hernes,250000.0,7.0,Central Midfield,Norway,https://tmssl.akamaized.net//images/flagge/verysmall/125.png?lm=1520611569,https://img.a.transfermarkt.technology/portrait/medium/1053908-1764057302.png?lm=1,2005-11-04,141,7
3847,David van der Werff,1200000.0,17.0,Attacking Midfield,Netherlands,https://tmssl.akamaized.net//images/flagge/verysmall/122.png?lm=1520611569,https://img.a.transfermarkt.technology/portrait/medium/671737-1764057477.png?lm=1,2004-08-31,141,7
3848,Mats Seuntjens,350000.0,20.0,Attacking Midfield,Netherlands,https://tmssl.akamaized.net//images/flagge/verysmall/122.png?lm=1520611569,https://img.a.transfermarkt.technology/portrait/medium/187809-1764057608.png?lm=1,1992-04-17,141,7
3849,Jorg Schreuders,1500000.0,14.0,Left Winger,Netherlands,https://tmssl.akamaized.net//images/flagge/verysmall/122.png?lm=1520611569,https://img.a.transfermarkt.technology/portrait/medium/671735-1764057415.png?lm=1,2004-09-09,141,7
3850,Ryan Metu,50000.0,34.0,Left Winger,Netherlands,https://tmssl.akamaized.net//images/flagge/verysmall/122.png?lm=1520611569,https://img.a.transfermarkt.technology/portrait/medium/default.jpg?lm=1,2008-08-28,141,7
3851,Younes Taha,3000000.0,10.0,Right Winger,Morocco,https://tmssl.akamaized.net//images/flagge/verysmall/107.png?lm=1520611569,https://img.a.transfermarkt.technology/portrait/medium/866328-1764058899.png?lm=1,2002-11-27,141,7
3852,Rui Mendes,200000.0,27.0,Right Winger,Portugal,https://tmssl.akamaized.net//images/flagge/verysmall/136.png?lm=1520611569,https://img.a.transfermarkt.technology/portrait/medium/387996-1764059348.png?lm=1,1999-11-10,141,7
3853,Mark Hoekstra,75000.0,69.0,Right Winger,Netherlands,https://tmssl.akamaized.net//images/flagge/verysmall/122.png?lm=1520611569,https://img.a.transfermarkt.technology/portrait/medium/default.jpg?lm=1,2006-02-10,141,7
3854,Thom van Bergen,2000000.0,26.0,Centre-Forward,Netherlands,https://tmssl.akamaized.net//images/flagge/verysmall/122.png?lm=1520611569,https://img.a.transfermarkt.technology/portrait/medium/671738-1764059301.png?lm=1,2004-01-06,141,7
3855,Brynjólfur Willumsson,1300000.0,9.0,Centre-Forward,Iceland,https://tmssl.akamaized.net//images/flagge/verysmall/73.png?lm=1520611569,https://img.a.transfermarkt.technology/portrait/medium/464444-1764058843.png?lm=1,2000-08-12,141,7
3856,Oskar Zawada,500000.0,19.0,Centre-Forward,Poland,https://tmssl.akamaized.net//images/flagge/verysmall/135.png?lm=1520611569,https://img.a.transfermarkt.technology/portrait/medium/232015-1764059070.png?lm=1,1996-02-01,141,7
3857,Lars Unnerstall,1500000.0,1.0,Goalkeeper,Germany,https://tmssl.akamaized.net//images/flagge/verysmall/40.png?lm=1520612525,https://img.a.transfermarkt.technology/portrait/medium/53696-1764689771.png?lm=1,1990-07-20,142,7
3858,Issam El Maach,150000.0,,Goalkeeper,Morocco,https://tmssl.akamaized.net//images/flagge/verysmall/107.png?lm=1520611569,https://img.a.transfermarkt.technology/portrait/medium/430475-1723460137.jpg?lm=1,2000-02-01,142,7
3859,Sam Karssies,75000.0,21.0,Goalkeeper,Netherlands,https://tmssl.akamaized.net//images/flagge/verysmall/122.png?lm=1520611569,https://img.a.transfermarkt.technology/portrait/medium/703779-1764688851.png?lm=1,2003-02-26,142,7
3860,Przemyslaw Tyton,75000.0,22.0,Goalkeeper,Poland,https://tmssl.akamaized.net//images/flagge/verysmall/135.png?lm=1520611569,https://img.a.transfermarkt.technology/portrait/medium/33210-1764689729.png?lm=1,1987-01-04,142,7
3861,Yannick Gerritsen,50000.0,31.0,Goalkeeper,Netherlands,https://tmssl.akamaized.net//images/flagge/verysmall/122.png?lm=1520611569,https://img.a.transfermarkt.technology/portrait/medium/1014172-1764688703.png?lm=1,2006-02-14,142,7
3862,Ruud Nijstad,8000000.0,43.0,Centre-Back,Netherlands,https://tmssl.akamaized.net//images/flagge/verysmall/122.png?lm=1520611569,https://img.a.transfermarkt.technology/portrait/medium/1189172-1764689239.png?lm=1,2008-01-17,142,7
3863,Mees Hilgers,4000000.0,2.0,Centre-Back,Indonesia,https://tmssl.akamaized.net//images/flagge/verysmall/68.png?lm=1520611569,https://img.a.transfermarkt.technology/portrait/medium/562702-1764688754.png?lm=1,2001-05-13,142,7
3864,Stav Lemkin,3000000.0,23.0,Centre-Back,Israel,https://tmssl.akamaized.net//images/flagge/verysmall/74.png?lm=1520611569,https://img.a.transfermarkt.technology/portrait/medium/761326-1764689049.png?lm=1,2003-04-02,142,7
3865,Max Bruns,2500000.0,38.0,Centre-Back,Netherlands,https://tmssl.akamaized.net//images/flagge/verysmall/122.png?lm=1520611569,https://img.a.transfermarkt.technology/portrait/medium/618086-1764688583.png?lm=1,2002-11-06,142,7
3866,Robin Pröpper,2000000.0,3.0,Centre-Back,Netherlands,https://tmssl.akamaized.net//images/flagge/verysmall/122.png?lm=1520611569,https://img.a.transfermarkt.technology/portrait/medium/202788-1764689501.png?lm=1,1993-09-23,142,7
3867,Mats Rots,10000000.0,39.0,Left-Back,Netherlands,https://tmssl.akamaized.net//images/flagge/verysmall/122.png?lm=1520611569,https://img.a.transfermarkt.technology/portrait/medium/983677-1764689598.png?lm=1,2006-03-11,142,7
3868,Bart van Rooij,9000000.0,28.0,Right-Back,Netherlands,https://tmssl.akamaized.net//images/flagge/verysmall/122.png?lm=1520611569,https://img.a.transfermarkt.technology/portrait/medium/547499-1764690000.png?lm=1,2001-05-26,142,7
3869,Guilherme Peixoto,200000.0,12.0,Right-Back,Portugal,https://tmssl.akamaized.net//images/flagge/verysmall/136.png?lm=1520611569,https://img.a.transfermarkt.technology/portrait/medium/983553-1764689393.png?lm=1,2006-05-25,142,7
3870,Ramiz Zerrouki,6000000.0,6.0,Defensive Midfield,Algeria,https://tmssl.akamaized.net//images/flagge/verysmall/4.png?lm=1520611569,https://img.a.transfermarkt.technology/portrait/medium/416660-1764690287.png?lm=1,1998-05-26,142,7
3871,Thomas van den Belt,3000000.0,20.0,Defensive Midfield,Netherlands,https://tmssl.akamaized.net//images/flagge/verysmall/122.png?lm=1520611569,https://img.a.transfermarkt.technology/portrait/medium/412941-1764689930.png?lm=1,2001-06-18,142,7
3872,Mathias Kjølø,1500000.0,4.0,Defensive Midfield,Norway,https://tmssl.akamaized.net//images/flagge/verysmall/125.png?lm=1520611569,https://img.a.transfermarkt.technology/portrait/medium/528652-1764688899.png?lm=1,2001-06-27,142,7
3873,Daouda Weidmann,1000000.0,42.0,Central Midfield,France,https://tmssl.akamaized.net//images/flagge/verysmall/50.png?lm=1520611569,https://img.a.transfermarkt.technology/portrait/medium/808578-1764690237.png?lm=1,2003-05-04,142,7
3874,Kristian Hlynsson,4000000.0,14.0,Attacking Midfield,Iceland,https://tmssl.akamaized.net//images/flagge/verysmall/73.png?lm=1520611569,https://img.a.transfermarkt.technology/portrait/medium/694186-1764688809.png?lm=1,2004-01-23,142,7
3875,Arno Verschueren,1000000.0,32.0,Attacking Midfield,Belgium,https://tmssl.akamaized.net//images/flagge/verysmall/19.png?lm=1520611569,https://img.a.transfermarkt.technology/portrait/medium/250591-1764690162.png?lm=1,1997-04-08,142,7
3876,Sondre Ørjasæter,6000000.0,27.0,Left Winger,Norway,https://tmssl.akamaized.net//images/flagge/verysmall/125.png?lm=1520611569,https://img.a.transfermarkt.technology/portrait/medium/1002305-1764689287.png?lm=1,2003-11-28,142,7
3877,Marko Pjaca,2000000.0,7.0,Left Winger,Croatia,https://tmssl.akamaized.net//images/flagge/verysmall/37.png?lm=1520611569,https://img.a.transfermarkt.technology/portrait/medium/205940-1764689450.png?lm=1,1995-05-06,142,7
3878,Daan Rots,4000000.0,11.0,Right Winger,Netherlands,https://tmssl.akamaized.net//images/flagge/verysmall/122.png?lm=1520611569,https://img.a.transfermarkt.technology/portrait/medium/591363-1764689551.png?lm=1,2001-07-25,142,7
3879,Taylor Booth,1500000.0,8.0,Right Winger,United States,https://tmssl.akamaized.net//images/flagge/verysmall/184.png?lm=1520611569,https://img.a.transfermarkt.technology/portrait/medium/513963-1764688522.png?lm=1,2001-05-31,142,7
3880,Sam Lammers,3000000.0,10.0,Centre-Forward,Netherlands,https://tmssl.akamaized.net//images/flagge/verysmall/122.png?lm=1520611569,https://img.a.transfermarkt.technology/portrait/medium/386914-1764688999.png?lm=1,1997-04-30,142,7
3881,Ricky van Wolfswinkel,400000.0,9.0,Centre-Forward,Netherlands,https://tmssl.akamaized.net//images/flagge/verysmall/122.png?lm=1520611569,https://img.a.transfermarkt.technology/portrait/medium/41355-1764690049.png?lm=1,1989-01-27,142,7
3882,Lucas Vennegoor of Hesselink,300000.0,25.0,Centre-Forward,Netherlands,https://tmssl.akamaized.net//images/flagge/verysmall/122.png?lm=1520611569,https://img.a.transfermarkt.technology/portrait/medium/997646-1764690095.png?lm=1,2006-03-14,142,7
3883,Vasilios Barkas,3500000.0,1.0,Goalkeeper,Greece,https://tmssl.akamaized.net//images/flagge/verysmall/56.png?lm=1520611569,https://img.a.transfermarkt.technology/portrait/medium/248658-1686246985.jpg?lm=1,1994-05-30,143,7
3884,Michael Brouwer,300000.0,25.0,Goalkeeper,Netherlands,https://tmssl.akamaized.net//images/flagge/verysmall/122.png?lm=1520611569,https://img.a.transfermarkt.technology/portrait/medium/231650-1723460823.jpg?lm=1,1993-01-21,143,7
3885,Kevin Gadellaa,250000.0,33.0,Goalkeeper,Netherlands,https://tmssl.akamaized.net//images/flagge/verysmall/122.png?lm=1520611569,https://img.a.transfermarkt.technology/portrait/medium/607133-1723460988.jpg?lm=1,2003-04-08,143,7
3886,Matisse Didden,3000000.0,40.0,Centre-Back,Belgium,https://tmssl.akamaized.net//images/flagge/verysmall/19.png?lm=1520611569,https://img.a.transfermarkt.technology/portrait/medium/570597-1723460860.jpg?lm=1,2001-10-08,143,7
3887,Mike Eerdhuijzen,1700000.0,44.0,Centre-Back,Netherlands,https://tmssl.akamaized.net//images/flagge/verysmall/122.png?lm=1520611569,https://img.a.transfermarkt.technology/portrait/medium/482141-1723809649.jpg?lm=1,2000-07-13,143,7
3888,Mike van der Hoorn,800000.0,3.0,Centre-Back,Netherlands,https://tmssl.akamaized.net//images/flagge/verysmall/122.png?lm=1520611569,https://img.a.transfermarkt.technology/portrait/medium/187105-1723460912.jpg?lm=1,1992-10-15,143,7
3889,Nick Viergever,350000.0,24.0,Centre-Back,Netherlands,https://tmssl.akamaized.net//images/flagge/verysmall/122.png?lm=1520611569,https://img.a.transfermarkt.technology/portrait/medium/93081-1723460789.jpg?lm=1,1989-08-03,143,7
3890,Souffian El Karouani,15000000.0,16.0,Left-Back,Morocco,https://tmssl.akamaized.net//images/flagge/verysmall/107.png?lm=1520611569,https://img.a.transfermarkt.technology/portrait/medium/541134-1723460557.jpg?lm=1,2000-10-19,143,7
3891,Emeka Adiele,700000.0,5.0,Left-Back,England,https://tmssl.akamaized.net//images/flagge/verysmall/189.png?lm=1520611569,https://img.a.transfermarkt.technology/portrait/medium/1112524-1770059609.jpg?lm=1,2007-07-31,143,7
3892,Siebe Horemans,4500000.0,2.0,Right-Back,Belgium,https://tmssl.akamaized.net//images/flagge/verysmall/19.png?lm=1520611569,https://img.a.transfermarkt.technology/portrait/medium/314915-1723460521.jpg?lm=1,1998-06-02,143,7
3893,Niklas Vesterlund,800000.0,23.0,Right-Back,Denmark,https://tmssl.akamaized.net//images/flagge/verysmall/39.png?lm=1520611569,https://img.a.transfermarkt.technology/portrait/medium/422932-1723460694.jpg?lm=1,1999-06-06,143,7
3894,Alonzo Engwanda,7000000.0,27.0,Defensive Midfield,Belgium,https://tmssl.akamaized.net//images/flagge/verysmall/19.png?lm=1520611569,https://img.a.transfermarkt.technology/portrait/medium/565436-1723461188.jpg?lm=1,2003-01-27,143,7
3895,Jaygo van Ommeren,500000.0,46.0,Defensive Midfield,Netherlands,https://tmssl.akamaized.net//images/flagge/verysmall/122.png?lm=1520611569,https://img.a.transfermarkt.technology/portrait/medium/1111077-1763499906.jpg?lm=1,2008-05-08,143,7
3896,Oualid Agougil,450000.0,38.0,Defensive Midfield,Morocco,https://tmssl.akamaized.net//images/flagge/verysmall/107.png?lm=1520611569,https://img.a.transfermarkt.technology/portrait/medium/738475-1712921532.jpg?lm=1,2005-08-07,143,7
3897,Gjivai Zechiël,7000000.0,21.0,Central Midfield,Netherlands,https://tmssl.akamaized.net//images/flagge/verysmall/122.png?lm=1520611569,https://img.a.transfermarkt.technology/portrait/medium/571149-1753095450.jpg?lm=1,2004-06-01,143,7
3898,Can Bozdogan,2500000.0,8.0,Central Midfield,Germany,https://tmssl.akamaized.net//images/flagge/verysmall/40.png?lm=1520612525,https://img.a.transfermarkt.technology/portrait/medium/406609-1723461140.jpg?lm=1,2001-04-05,143,7
3899,Zidane Iqbal,1500000.0,14.0,Central Midfield,Iraq,https://tmssl.akamaized.net//images/flagge/verysmall/70.png?lm=1520611569,https://img.a.transfermarkt.technology/portrait/medium/686845-1723460350.jpg?lm=1,2003-04-27,143,7
3900,Victor Jensen,2500000.0,7.0,Attacking Midfield,Denmark,https://tmssl.akamaized.net//images/flagge/verysmall/39.png?lm=1520611569,https://img.a.transfermarkt.technology/portrait/medium/400548-1723460317.jpg?lm=1,2000-02-08,143,7
3901,Dani de Wit,2500000.0,20.0,Attacking Midfield,Netherlands,https://tmssl.akamaized.net//images/flagge/verysmall/122.png?lm=1520611569,https://img.a.transfermarkt.technology/portrait/medium/340459-1753095664.jpg?lm=1,1998-01-28,143,7
3902,Rafik El Arguioui,350000.0,43.0,Attacking Midfield,Morocco,https://tmssl.akamaized.net//images/flagge/verysmall/107.png?lm=1520611569,https://img.a.transfermarkt.technology/portrait/medium/738479-1725109270.jpg?lm=1,2005-07-31,143,7
3903,Yoann Cathline,7000000.0,10.0,Left Winger,France,https://tmssl.akamaized.net//images/flagge/verysmall/50.png?lm=1520611569,https://img.a.transfermarkt.technology/portrait/medium/782476-1723460389.jpg?lm=1,2002-07-22,143,7
3904,Jesper Karlsson,4000000.0,11.0,Left Winger,Sweden,https://tmssl.akamaized.net//images/flagge/verysmall/147.png?lm=1520611569,https://img.a.transfermarkt.technology/portrait/medium/367992-1739281929.jpg?lm=1,1998-07-25,143,7
3905,Ángel Alarcón,3000000.0,77.0,Left Winger,Spain,https://tmssl.akamaized.net//images/flagge/verysmall/157.png?lm=1520611569,https://img.a.transfermarkt.technology/portrait/medium/646739-1666794635.jpg?lm=1,2004-05-15,143,7
3906,Adrian Blake,2000000.0,15.0,Left Winger,England,https://tmssl.akamaized.net//images/flagge/verysmall/189.png?lm=1520611569,https://img.a.transfermarkt.technology/portrait/medium/875581-1753297780.jpg?lm=1,2005-07-15,143,7
3907,Emirhan Demircan,600000.0,17.0,Left Winger,Türkiye,https://tmssl.akamaized.net//images/flagge/verysmall/174.png?lm=1520611569,https://img.a.transfermarkt.technology/portrait/medium/918445-1753297851.jpg?lm=1,2005-01-20,143,7
3908,Miguel Rodríguez,4500000.0,22.0,Right Winger,Spain,https://tmssl.akamaized.net//images/flagge/verysmall/157.png?lm=1520611569,https://img.a.transfermarkt.technology/portrait/medium/634427-1723460737.jpg?lm=1,2003-04-29,143,7
3909,David Min,1500000.0,9.0,Centre-Forward,Netherlands,https://tmssl.akamaized.net//images/flagge/verysmall/122.png?lm=1520611569,https://img.a.transfermarkt.technology/portrait/medium/604813-1690902477.jpg?lm=1,1999-06-23,143,7
3910,Artem Stepanov,1500000.0,18.0,Centre-Forward,Ukraine,https://tmssl.akamaized.net//images/flagge/verysmall/177.png?lm=1520611569,https://img.a.transfermarkt.technology/portrait/medium/1045344-1753444582.jpg?lm=1,2007-08-10,143,7
3911,Sébastien Haller,1300000.0,91.0,Centre-Forward,Cote d'Ivoire,https://tmssl.akamaized.net//images/flagge/verysmall/38.png?lm=1520611569,https://img.a.transfermarkt.technology/portrait/medium/181375-1745174015.jpg?lm=1,1994-06-22,143,7
3912,Kayne van Oevelen,2000000.0,1.0,Goalkeeper,Netherlands,https://tmssl.akamaized.net//images/flagge/verysmall/122.png?lm=1520611569,https://img.a.transfermarkt.technology/portrait/medium/790669-1758624438.jpg?lm=1,2003-08-07,144,7
3913,Roy Steur,125000.0,16.0,Goalkeeper,Netherlands,https://tmssl.akamaized.net//images/flagge/verysmall/122.png?lm=1520611569,https://img.a.transfermarkt.technology/portrait/medium/729011-1758624842.jpg?lm=1,2005-02-01,144,7
3914,Dion Vlak,25000.0,22.0,Goalkeeper,Netherlands,https://tmssl.akamaized.net//images/flagge/verysmall/122.png?lm=1520611569,https://img.a.transfermarkt.technology/portrait/medium/587297-1758625033.jpg?lm=1,2001-06-28,144,7
3915,Nick Verschuren,900000.0,20.0,Centre-Back,Netherlands,https://tmssl.akamaized.net//images/flagge/verysmall/122.png?lm=1520611569,https://img.a.transfermarkt.technology/portrait/medium/891835-1758624966.jpg?lm=1,2005-01-13,144,7
3916,Mawouna Amevor,225000.0,3.0,Centre-Back,Togo,https://tmssl.akamaized.net//images/flagge/verysmall/168.png?lm=1520611569,https://img.a.transfermarkt.technology/portrait/medium/170720-1758624501.jpg?lm=1,1991-12-16,144,7
3917,Silvinho Esajas,200000.0,28.0,Centre-Back,Suriname,https://tmssl.akamaized.net//images/flagge/verysmall/161.png?lm=1520611569,https://img.a.transfermarkt.technology/portrait/medium/710999-1758625156.jpg?lm=1,2002-07-08,144,7
3918,Luca Blondeau,75000.0,25.0,Centre-Back,Netherlands,https://tmssl.akamaized.net//images/flagge/verysmall/122.png?lm=1520611569,https://img.a.transfermarkt.technology/portrait/medium/1175045-1758625100.jpg?lm=1,2006-02-11,144,7
3919,Yannick Leliendal,1000000.0,32.0,Left-Back,Suriname,https://tmssl.akamaized.net//images/flagge/verysmall/161.png?lm=1520611569,https://img.a.transfermarkt.technology/portrait/medium/541020-1758625186.jpg?lm=1,2002-04-23,144,7
3920,Aaron Meijers,75000.0,14.0,Left-Back,Netherlands,https://tmssl.akamaized.net//images/flagge/verysmall/122.png?lm=1520611569,https://img.a.transfermarkt.technology/portrait/medium/56836-1758624784.jpg?lm=1,1987-10-28,144,7
3921,Deron Payne,450000.0,2.0,Right-Back,Trinidad and Tobago,https://tmssl.akamaized.net//images/flagge/verysmall/170.png?lm=1520611569,https://img.a.transfermarkt.technology/portrait/medium/790411-1758624471.jpg?lm=1,2002-09-25,144,7
3922,Precious Ugwu,400000.0,5.0,Right-Back,Netherlands,https://tmssl.akamaized.net//images/flagge/verysmall/122.png?lm=1520611569,https://img.a.transfermarkt.technology/portrait/medium/936006-1758624571.jpg?lm=1,2006-02-08,144,7
3923,Gibson Yah,1000000.0,8.0,Defensive Midfield,Netherlands,https://tmssl.akamaized.net//images/flagge/verysmall/122.png?lm=1520611569,https://img.a.transfermarkt.technology/portrait/medium/559325-1758624666.jpg?lm=1,2003-09-27,144,7
3924,Alex Plat,400000.0,6.0,Defensive Midfield,Netherlands,https://tmssl.akamaized.net//images/flagge/verysmall/122.png?lm=1520611569,https://img.a.transfermarkt.technology/portrait/medium/410719-1758624603.jpg?lm=1,1998-02-04,144,7
3925,Anass Bouziane,25000.0,15.0,Defensive Midfield,Netherlands,https://tmssl.akamaized.net//images/flagge/verysmall/122.png?lm=1520611569,https://img.a.transfermarkt.technology/portrait/medium/1196804-1758624813.jpg?lm=1,2006-12-22,144,7
3926,Juninho Bacuna,2200000.0,4.0,Central Midfield,Curacao,https://tmssl.akamaized.net//images/flagge/verysmall/260.png?lm=1520611569,https://img.a.transfermarkt.technology/portrait/medium/348863-1771407091.jpg?lm=1,1997-08-07,144,7
3927,Dave Kwakman,1500000.0,23.0,Central Midfield,Netherlands,https://tmssl.akamaized.net//images/flagge/verysmall/122.png?lm=1520611569,https://img.a.transfermarkt.technology/portrait/medium/747017-1771407127.jpg?lm=1,2004-08-07,144,7
3928,Nordin Bukala,600000.0,18.0,Central Midfield,Netherlands,https://tmssl.akamaized.net//images/flagge/verysmall/122.png?lm=1520611569,https://img.a.transfermarkt.technology/portrait/medium/940095-1758624898.jpg?lm=1,2005-09-18,144,7
3929,Myron Mau-Asam,50000.0,27.0,Central Midfield,Netherlands,https://tmssl.akamaized.net//images/flagge/verysmall/122.png?lm=1520611569,https://img.a.transfermarkt.technology/portrait/medium/928359-1758625130.jpg?lm=1,2004-04-01,144,7
3930,Robin van Cruijsen,1500000.0,40.0,Attacking Midfield,Netherlands,https://tmssl.akamaized.net//images/flagge/verysmall/122.png?lm=1520611569,https://img.a.transfermarkt.technology/portrait/medium/1175048-1758625278.jpg?lm=1,2006-02-20,144,7
3931,Ozan Kökcü,450000.0,7.0,Attacking Midfield,Azerbaijan,https://tmssl.akamaized.net//images/flagge/verysmall/13.png?lm=1520611569,https://img.a.transfermarkt.technology/portrait/medium/380118-1758624634.jpg?lm=1,1998-08-18,144,7
3932,Benjamin Pauwels,1000000.0,29.0,Left Winger,Belgium,https://tmssl.akamaized.net//images/flagge/verysmall/19.png?lm=1520611569,https://img.a.transfermarkt.technology/portrait/medium/1104143-1771407163.jpg?lm=1,2004-10-29,144,7
3933,Joel Ideho,400000.0,17.0,Left Winger,Netherlands,https://tmssl.akamaized.net//images/flagge/verysmall/122.png?lm=1520611569,https://img.a.transfermarkt.technology/portrait/medium/760508-1758624870.jpg?lm=1,2003-07-17,144,7
3934,Key-Shawn Wong-A-Soij,50000.0,24.0,Left Winger,Netherlands,https://tmssl.akamaized.net//images/flagge/verysmall/122.png?lm=1520611569,https://img.a.transfermarkt.technology/portrait/medium/1055235-1758625069.jpg?lm=1,2006-10-01,144,7
3935,Bilal Ould-Chikh,800000.0,77.0,Right Winger,Morocco,https://tmssl.akamaized.net//images/flagge/verysmall/107.png?lm=1520611569,https://img.a.transfermarkt.technology/portrait/medium/241324-1726674105.jpg?lm=1,1997-07-28,144,7
3936,Aurelio Oehlers,500000.0,11.0,Right Winger,Netherlands,https://tmssl.akamaized.net//images/flagge/verysmall/122.png?lm=1520611569,https://img.a.transfermarkt.technology/portrait/medium/654902-1758624754.jpg?lm=1,2004-02-05,144,7
3937,Brandley Kuwas,300000.0,10.0,Right Winger,Curacao,https://tmssl.akamaized.net//images/flagge/verysmall/260.png?lm=1520611569,https://img.a.transfermarkt.technology/portrait/medium/232219-1758624724.jpg?lm=1,1992-09-19,144,7
3938,Anthony Descotte,550000.0,99.0,Centre-Forward,Belgium,https://tmssl.akamaized.net//images/flagge/verysmall/19.png?lm=1520611569,https://img.a.transfermarkt.technology/portrait/medium/565434-1758625304.jpg?lm=1,2003-08-03,144,7
3939,Henk Veerman,325000.0,9.0,Centre-Forward,Netherlands,https://tmssl.akamaized.net//images/flagge/verysmall/122.png?lm=1520611569,https://img.a.transfermarkt.technology/portrait/medium/271743-1758624691.jpg?lm=1,1991-02-26,144,7
3940,Robert Mühren,200000.0,21.0,Centre-Forward,Netherlands,https://tmssl.akamaized.net//images/flagge/verysmall/122.png?lm=1520611569,https://img.a.transfermarkt.technology/portrait/medium/186763-1758624998.jpg?lm=1,1989-05-18,144,7
3941,Jesper Tielemans,50000.0,39.0,Centre-Forward,Netherlands,https://tmssl.akamaized.net//images/flagge/verysmall/122.png?lm=1520611569,https://img.a.transfermarkt.technology/portrait/medium/1055233-1758625246.jpg?lm=1,2006-05-17,144,7
3942,Timon Wellenreuther,6000000.0,22.0,Goalkeeper,Germany,https://tmssl.akamaized.net//images/flagge/verysmall/40.png?lm=1520612525,https://img.a.transfermarkt.technology/portrait/medium/196829-1765213835.jpg?lm=1,1995-12-03,145,7
3943,Steven Benda,1000000.0,13.0,Goalkeeper,Germany,https://tmssl.akamaized.net//images/flagge/verysmall/40.png?lm=1520612525,https://img.a.transfermarkt.technology/portrait/medium/381469-1737920445.jpg?lm=1,1998-10-01,145,7
3944,Liam Bossin,450000.0,39.0,Goalkeeper,Ireland,https://tmssl.akamaized.net//images/flagge/verysmall/72.png?lm=1520611569,https://img.a.transfermarkt.technology/portrait/medium/264176-1723628649.jpg?lm=1,1996-07-15,145,7
3945,Mannou Berger,75000.0,37.0,Goalkeeper,Netherlands,https://tmssl.akamaized.net//images/flagge/verysmall/122.png?lm=1520611569,https://img.a.transfermarkt.technology/portrait/medium/746973-1730888850.jpg?lm=1,2004-10-15,145,7
3946,Anel Ahmedhodzic,12000000.0,21.0,Centre-Back,Bosnia-Herzegovina,https://tmssl.akamaized.net//images/flagge/verysmall/24.png?lm=1569523290,https://img.a.transfermarkt.technology/portrait/medium/377468-1680273994.jpg?lm=1,1999-03-26,145,7
3947,Tsuyoshi Watanabe,10000000.0,4.0,Centre-Back,Japan,https://tmssl.akamaized.net//images/flagge/verysmall/77.png?lm=1520611569,https://img.a.transfermarkt.technology/portrait/medium/598791-1705504081.jpg?lm=1,1997-02-05,145,7
3948,Thomas Beelen,7000000.0,3.0,Centre-Back,Netherlands,https://tmssl.akamaized.net//images/flagge/verysmall/122.png?lm=1520611569,https://img.a.transfermarkt.technology/portrait/medium/593862-1726473336.jpg?lm=1,2001-06-11,145,7
3949,Jeremiah St. Juste,3000000.0,8.0,Centre-Back,Netherlands,https://tmssl.akamaized.net//images/flagge/verysmall/122.png?lm=1520611569,https://img.a.transfermarkt.technology/portrait/medium/288253-1666099589.jpg?lm=1,1996-10-19,145,7
3950,Gernot Trauner,2000000.0,18.0,Centre-Back,Austria,https://tmssl.akamaized.net//images/flagge/verysmall/127.png?lm=1520611569,https://img.a.transfermarkt.technology/portrait/medium/59145-1676465806.jpg?lm=1,1992-03-25,145,7
3951,Malcolm Jeng,2000000.0,31.0,Centre-Back,Sweden,https://tmssl.akamaized.net//images/flagge/verysmall/147.png?lm=1520611569,https://img.a.transfermarkt.technology/portrait/medium/1126894-1724838826.jpg?lm=1,2005-03-09,145,7
3952,Jordan Bos,8000000.0,15.0,Left-Back,Australia,https://tmssl.akamaized.net//images/flagge/verysmall/12.png?lm=1520611569,https://img.a.transfermarkt.technology/portrait/medium/855731-1753260910.jpg?lm=1,2002-10-29,145,7
3953,Gijs Smal,6000000.0,5.0,Left-Back,Netherlands,https://tmssl.akamaized.net//images/flagge/verysmall/122.png?lm=1520611569,https://img.a.transfermarkt.technology/portrait/medium/374212-1709757617.jpg?lm=1,1997-08-31,145,7
3954,Givairo Read,25000000.0,26.0,Right-Back,Netherlands,https://tmssl.akamaized.net//images/flagge/verysmall/122.png?lm=1520611569,https://img.a.transfermarkt.technology/portrait/medium/997903-1765214396.jpg?lm=1,2006-06-02,145,7
3955,Jordan Lotomba,3500000.0,30.0,Right-Back,Switzerland,https://tmssl.akamaized.net//images/flagge/verysmall/148.png?lm=1520611569,https://img.a.transfermarkt.technology/portrait/medium/313094-1729850115.jpg?lm=1,1998-09-29,145,7
3956,Bart Nieuwkoop,2000000.0,2.0,Right-Back,Netherlands,https://tmssl.akamaized.net//images/flagge/verysmall/122.png?lm=1520611569,https://img.a.transfermarkt.technology/portrait/medium/257987-1691581269.jpg?lm=1,1996-03-07,145,7
3957,Mats Deijl,2000000.0,20.0,Right-Back,Netherlands,https://tmssl.akamaized.net//images/flagge/verysmall/122.png?lm=1520611569,https://img.a.transfermarkt.technology/portrait/medium/369554-1763726059.jpg?lm=1,1997-07-15,145,7
3958,Oussama Targhalline,12000000.0,28.0,Defensive Midfield,Morocco,https://tmssl.akamaized.net//images/flagge/verysmall/107.png?lm=1520611569,https://img.a.transfermarkt.technology/portrait/medium/667965-1741951121.jpg?lm=1,2002-05-20,145,7
3959,In-beom Hwang,8000000.0,6.0,Defensive Midfield,"Korea, South",https://tmssl.akamaized.net//images/flagge/verysmall/87.png?lm=1520611569,https://img.a.transfermarkt.technology/portrait/medium/365394-1729850038.jpg?lm=1,1996-09-20,145,7
3960,Thijs Kraaijeveld,3000000.0,24.0,Defensive Midfield,Netherlands,https://tmssl.akamaized.net//images/flagge/verysmall/122.png?lm=1520611569,https://img.a.transfermarkt.technology/portrait/medium/987370-1752337075.jpg?lm=1,2007-05-03,145,7
3961,Luciano Valente,18000000.0,10.0,Central Midfield,Netherlands,https://tmssl.akamaized.net//images/flagge/verysmall/122.png?lm=1520611569,https://img.a.transfermarkt.technology/portrait/medium/601495-1723456692.jpg?lm=1,2003-10-04,145,7
3962,Jakub Moder,10000000.0,7.0,Central Midfield,Poland,https://tmssl.akamaized.net//images/flagge/verysmall/135.png?lm=1520611569,https://img.a.transfermarkt.technology/portrait/medium/384461-1716985274.jpg?lm=1,1999-04-07,145,7
3963,Sem Steijn,11000000.0,14.0,Attacking Midfield,Netherlands,https://tmssl.akamaized.net//images/flagge/verysmall/122.png?lm=1520611569,https://img.a.transfermarkt.technology/portrait/medium/593519-1745075136.jpg?lm=1,2001-11-12,145,7
3964,Tobias van den Elshout,600000.0,44.0,Attacking Midfield,Netherlands,https://tmssl.akamaized.net//images/flagge/verysmall/122.png?lm=1520611569,https://img.a.transfermarkt.technology/portrait/medium/1087982-1745076069.jpg?lm=1,2007-02-02,145,7
3965,Shiloh 't Zand,300000.0,25.0,Attacking Midfield,Suriname,https://tmssl.akamaized.net//images/flagge/verysmall/161.png?lm=1520611569,https://img.a.transfermarkt.technology/portrait/medium/595247-1707398186.jpg?lm=1,2003-05-14,145,7
3966,Leo Sauer,7000000.0,16.0,Left Winger,Slovakia,https://tmssl.akamaized.net//images/flagge/verysmall/154.png?lm=1520611569,https://img.a.transfermarkt.technology/portrait/medium/710886-1745227322.jpg?lm=1,2005-12-16,145,7
3967,Aymen Sliti,3000000.0,32.0,Left Winger,Netherlands,https://tmssl.akamaized.net//images/flagge/verysmall/122.png?lm=1520611569,https://img.a.transfermarkt.technology/portrait/medium/775257-1742203188.jpg?lm=1,2006-03-24,145,7
3968,Gaoussou Diarra,2000000.0,27.0,Left Winger,Mali,https://tmssl.akamaized.net//images/flagge/verysmall/105.png?lm=1520611569,https://img.a.transfermarkt.technology/portrait/medium/1233996-1743598391.jpeg?lm=1,2002-11-21,145,7
3969,Anis Hadj Moussa,20000000.0,23.0,Right Winger,Algeria,https://tmssl.akamaized.net//images/flagge/verysmall/4.png?lm=1520611569,https://img.a.transfermarkt.technology/portrait/medium/917911-1734434073.jpg?lm=1,2002-02-11,145,7
3970,Raheem Sterling,5000000.0,19.0,Right Winger,England,https://tmssl.akamaized.net//images/flagge/verysmall/189.png?lm=1520611569,https://img.a.transfermarkt.technology/portrait/medium/134425-1684165974.jpg?lm=1,1994-12-08,145,7
3971,Gonçalo Borges,4000000.0,11.0,Right Winger,Portugal,https://tmssl.akamaized.net//images/flagge/verysmall/136.png?lm=1520611569,https://img.a.transfermarkt.technology/portrait/medium/479649-1753095302.jpg?lm=1,2001-03-29,145,7
3972,Ayase Ueda,15000000.0,9.0,Centre-Forward,Japan,https://tmssl.akamaized.net//images/flagge/verysmall/77.png?lm=1520611569,https://img.a.transfermarkt.technology/portrait/medium/589128-1765214070.jpg?lm=1,1998-08-28,145,7
3973,Casper Tengstedt,4000000.0,17.0,Centre-Forward,Denmark,https://tmssl.akamaized.net//images/flagge/verysmall/39.png?lm=1520611569,https://img.a.transfermarkt.technology/portrait/medium/464598-1753199741.jpg?lm=1,2000-06-01,145,7
3974,Shaqueel van Persie,1500000.0,49.0,Centre-Forward,Netherlands,https://tmssl.akamaized.net//images/flagge/verysmall/122.png?lm=1520611569,https://img.a.transfermarkt.technology/portrait/medium/517811-1763048855.jpg?lm=1,2006-11-16,145,7
3975,Mattijs Branderhorst,850000.0,31.0,Goalkeeper,Netherlands,https://tmssl.akamaized.net//images/flagge/verysmall/122.png?lm=1520611569,https://img.a.transfermarkt.technology/portrait/medium/205128-1764159917.png?lm=1,1993-12-31,146,7
3976,Luuk Koopmans,150000.0,1.0,Goalkeeper,Netherlands,https://tmssl.akamaized.net//images/flagge/verysmall/122.png?lm=1520611569,https://img.a.transfermarkt.technology/portrait/medium/235108-1764159705.png?lm=1,1993-11-18,146,7
3977,Nick Marsman,150000.0,32.0,Goalkeeper,Netherlands,https://tmssl.akamaized.net//images/flagge/verysmall/122.png?lm=1520611569,https://img.a.transfermarkt.technology/portrait/medium/158104-1678565853.jpg?lm=1,1990-10-01,146,7
3978,Niels Martens,25000.0,25.0,Goalkeeper,Netherlands,https://tmssl.akamaized.net//images/flagge/verysmall/122.png?lm=1520611569,https://img.a.transfermarkt.technology/portrait/medium/1148221-1764160702.png?lm=1,2004-05-07,146,7
3979,Ramazan Bayram,25000.0,71.0,Goalkeeper,Belgium,https://tmssl.akamaized.net//images/flagge/verysmall/19.png?lm=1520611569,https://img.a.transfermarkt.technology/portrait/medium/1029376-1764160239.png?lm=1,2004-10-12,146,7
3980,Neraysho Kasanwirjo,1500000.0,21.0,Centre-Back,Netherlands,https://tmssl.akamaized.net//images/flagge/verysmall/122.png?lm=1520611569,https://img.a.transfermarkt.technology/portrait/medium/503640-1745076272.jpg?lm=1,2002-02-18,146,7
3981,Shawn Adewoye,900000.0,4.0,Centre-Back,Belgium,https://tmssl.akamaized.net//images/flagge/verysmall/19.png?lm=1520611569,https://img.a.transfermarkt.technology/portrait/medium/358021-1764160415.png?lm=1,2000-06-29,146,7
3982,Justin Hubner,800000.0,28.0,Centre-Back,Indonesia,https://tmssl.akamaized.net//images/flagge/verysmall/68.png?lm=1520611569,https://img.a.transfermarkt.technology/portrait/medium/678641-1764159388.png?lm=1,2003-09-14,146,7
3983,Syb van Ottele,600000.0,6.0,Centre-Back,Netherlands,https://tmssl.akamaized.net//images/flagge/verysmall/122.png?lm=1520611569,https://img.a.transfermarkt.technology/portrait/medium/485586-1764160591.png?lm=1,2002-02-02,146,7
3984,Iván Márquez,550000.0,44.0,Centre-Back,Spain,https://tmssl.akamaized.net//images/flagge/verysmall/157.png?lm=1520611569,https://img.a.transfermarkt.technology/portrait/medium/296227-1764158947.png?lm=1,1994-06-09,146,7
3985,Jasper Dahlhaus,1300000.0,8.0,Left-Back,Netherlands,https://tmssl.akamaized.net//images/flagge/verysmall/122.png?lm=1520611569,https://img.a.transfermarkt.technology/portrait/medium/576682-1764159274.png?lm=1,2001-11-27,146,7
3986,Daley Sinkgraven,400000.0,24.0,Left-Back,Netherlands,https://tmssl.akamaized.net//images/flagge/verysmall/122.png?lm=1520611569,https://img.a.transfermarkt.technology/portrait/medium/215099-1764153276.png?lm=1,1995-07-04,146,7
3987,Ivo Pinto,250000.0,12.0,Right-Back,Portugal,https://tmssl.akamaized.net//images/flagge/verysmall/136.png?lm=1520611569,https://img.a.transfermarkt.technology/portrait/medium/82281-1764159221.png?lm=1,1990-01-07,146,7
3988,Tristan Schenkhuizen,25000.0,38.0,Defensive Midfield,Netherlands,https://tmssl.akamaized.net//images/flagge/verysmall/122.png?lm=1520611569,https://img.a.transfermarkt.technology/portrait/medium/1135967-1764160640.png?lm=1,2004-07-12,146,7
3989,Philip Brittijn,1300000.0,23.0,Central Midfield,Netherlands,https://tmssl.akamaized.net//images/flagge/verysmall/122.png?lm=1520611569,https://img.a.transfermarkt.technology/portrait/medium/900072-1764160191.png?lm=1,2004-04-09,146,7
3990,Edouard Michut,1200000.0,20.0,Central Midfield,France,https://tmssl.akamaized.net//images/flagge/verysmall/50.png?lm=1520611569,https://img.a.transfermarkt.technology/portrait/medium/659521-1764158833.png?lm=1,2003-03-04,146,7
3991,Yassin Oukili,800000.0,5.0,Central Midfield,Morocco,https://tmssl.akamaized.net//images/flagge/verysmall/107.png?lm=1520611569,https://img.a.transfermarkt.technology/portrait/medium/566911-1690902984.jpg?lm=1,2001-01-03,146,7
3992,Justin Lonwijk,800000.0,17.0,Central Midfield,Suriname,https://tmssl.akamaized.net//images/flagge/verysmall/161.png?lm=1520611569,https://img.a.transfermarkt.technology/portrait/medium/357917-1764159420.png?lm=1,1999-12-21,146,7
3993,Samuel Bastien,400000.0,22.0,Central Midfield,DR Congo,https://tmssl.akamaized.net//images/flagge/verysmall/193.png?lm=1520611569,https://img.a.transfermarkt.technology/portrait/medium/289510-1764160353.png?lm=1,1996-09-26,146,7
3994,Hasip Korkmazyürek,50000.0,29.0,Central Midfield,Türkiye,https://tmssl.akamaized.net//images/flagge/verysmall/174.png?lm=1520611569,https://img.a.transfermarkt.technology/portrait/medium/835546-1755780411.jpg?lm=1,2003-05-01,146,7
3995,Mohamed Ihattaren,3000000.0,52.0,Attacking Midfield,Morocco,https://tmssl.akamaized.net//images/flagge/verysmall/107.png?lm=1520611569,https://img.a.transfermarkt.technology/portrait/medium/503638-1764159990.png?lm=1,2002-02-12,146,7
3996,Lance Duijvestijn,800000.0,70.0,Attacking Midfield,Netherlands,https://tmssl.akamaized.net//images/flagge/verysmall/122.png?lm=1520611569,https://img.a.transfermarkt.technology/portrait/medium/378316-1755698375.jpg?lm=1,1999-01-15,146,7
3997,Alen Halilovic,550000.0,10.0,Attacking Midfield,Croatia,https://tmssl.akamaized.net//images/flagge/verysmall/37.png?lm=1520611569,https://img.a.transfermarkt.technology/portrait/medium/226074-1764153180.png?lm=1,1996-06-18,146,7
3998,Luka Tunjic,400000.0,77.0,Attacking Midfield,Croatia,https://tmssl.akamaized.net//images/flagge/verysmall/37.png?lm=1520611569,https://img.a.transfermarkt.technology/portrait/medium/915445-1764159589.png?lm=1,2005-11-19,146,7
3999,Kristoffer Peterson,600000.0,7.0,Left Winger,Sweden,https://tmssl.akamaized.net//images/flagge/verysmall/147.png?lm=1520611569,https://img.a.transfermarkt.technology/portrait/medium/186704-1764159537.png?lm=1,1994-11-28,146,7
4000,Dimitrios Limnios,800000.0,18.0,Right Winger,Greece,https://tmssl.akamaized.net//images/flagge/verysmall/56.png?lm=1520611569,https://img.a.transfermarkt.technology/portrait/medium/324344-1764153546.png?lm=1,1998-05-27,146,7
4001,Kaj Sierhuis,1300000.0,9.0,Centre-Forward,Netherlands,https://tmssl.akamaized.net//images/flagge/verysmall/122.png?lm=1520611569,https://img.a.transfermarkt.technology/portrait/medium/315283-1764159474.png?lm=1,1998-04-27,146,7
4002,Paul Gladon,200000.0,19.0,Centre-Forward,Netherlands,https://tmssl.akamaized.net//images/flagge/verysmall/122.png?lm=1520611569,https://img.a.transfermarkt.technology/portrait/medium/180843-1764160124.png?lm=1,1992-03-18,146,7
4003,Jari De Busser,3000000.0,22.0,Goalkeeper,Belgium,https://tmssl.akamaized.net//images/flagge/verysmall/19.png?lm=1520611569,https://img.a.transfermarkt.technology/portrait/medium/426849-1753438391.jpg?lm=1,1999-10-21,147,7
4004,Luca Plogmann,400000.0,1.0,Goalkeeper,Germany,https://tmssl.akamaized.net//images/flagge/verysmall/40.png?lm=1520612525,https://img.a.transfermarkt.technology/portrait/medium/335997-1763725960.jpg?lm=1,2000-03-10,147,7
4005,Sven Jansen,50000.0,30.0,Goalkeeper,Netherlands,https://tmssl.akamaized.net//images/flagge/verysmall/122.png?lm=1520611569,https://img.a.transfermarkt.technology/portrait/medium/690624-1763726388.jpg?lm=1,2004-10-23,147,7
4006,Nando Verdoni,25000.0,33.0,Goalkeeper,Netherlands,https://tmssl.akamaized.net//images/flagge/verysmall/122.png?lm=1520611569,https://img.a.transfermarkt.technology/portrait/medium/783017-1763726116.jpg?lm=1,2003-07-09,147,7
4007,Joris Kramer,1800000.0,4.0,Centre-Back,Netherlands,https://tmssl.akamaized.net//images/flagge/verysmall/122.png?lm=1520611569,https://img.a.transfermarkt.technology/portrait/medium/326329-1763725740.jpg?lm=1,1996-08-02,147,7
4008,Gerrit Nauber,350000.0,3.0,Centre-Back,Germany,https://tmssl.akamaized.net//images/flagge/verysmall/40.png?lm=1520612525,https://img.a.transfermarkt.technology/portrait/medium/85904-1763723295.jpg?lm=1,1992-04-13,147,7
4009,Julius Dirksen,350000.0,26.0,Centre-Back,Netherlands,https://tmssl.akamaized.net//images/flagge/verysmall/122.png?lm=1520611569,https://img.a.transfermarkt.technology/portrait/medium/566930-1763725779.jpg?lm=1,2003-02-02,147,7
4010,Giovanni van Zwam,300000.0,25.0,Centre-Back,Netherlands,https://tmssl.akamaized.net//images/flagge/verysmall/122.png?lm=1520611569,https://img.a.transfermarkt.technology/portrait/medium/805149-1763722823.jpg?lm=1,2004-01-02,147,7
4011,Pim Saathof,75000.0,28.0,Centre-Back,Netherlands,https://tmssl.akamaized.net//images/flagge/verysmall/122.png?lm=1520611569,https://img.a.transfermarkt.technology/portrait/medium/624698-1723035108.jpg?lm=1,2003-12-28,147,7
4012,Dean James,2000000.0,5.0,Left-Back,Indonesia,https://tmssl.akamaized.net//images/flagge/verysmall/68.png?lm=1520611569,https://img.a.transfermarkt.technology/portrait/medium/529223-1763723012.jpg?lm=1,2000-04-30,147,7
4013,Aske Adelgaard,700000.0,29.0,Left-Back,Denmark,https://tmssl.akamaized.net//images/flagge/verysmall/39.png?lm=1520611569,https://img.a.transfermarkt.technology/portrait/medium/656132-1763722949.jpg?lm=1,2003-11-10,147,7
4014,Alfons Sampsted,1500000.0,2.0,Right-Back,Iceland,https://tmssl.akamaized.net//images/flagge/verysmall/73.png?lm=1520611569,https://img.a.transfermarkt.technology/portrait/medium/332530-1707214689.jpg?lm=1,1998-04-06,147,7
4015,Eus Waayers,350000.0,20.0,Right-Back,Netherlands,https://tmssl.akamaized.net//images/flagge/verysmall/122.png?lm=1520611569,https://img.a.transfermarkt.technology/portrait/medium/921306-1769931763.jpg?lm=1,2006-04-08,147,7
4016,Melle Meulensteen,2000000.0,21.0,Defensive Midfield,Netherlands,https://tmssl.akamaized.net//images/flagge/verysmall/122.png?lm=1520611569,https://img.a.transfermarkt.technology/portrait/medium/426280-1763722903.jpg?lm=1,1999-07-04,147,7
4017,Evert Linthorst,1500000.0,8.0,Central Midfield,Netherlands,https://tmssl.akamaized.net//images/flagge/verysmall/122.png?lm=1520611569,https://img.a.transfermarkt.technology/portrait/medium/361112-1763723192.jpg?lm=1,2000-03-03,147,7
4018,Kenzo Goudmijn,900000.0,24.0,Central Midfield,Netherlands,https://tmssl.akamaized.net//images/flagge/verysmall/122.png?lm=1520611569,https://img.a.transfermarkt.technology/portrait/medium/412943-1763722865.jpg?lm=1,2001-12-18,147,7
4019,Yassir Salah Rahmouni,450000.0,34.0,Central Midfield,Netherlands,https://tmssl.akamaized.net//images/flagge/verysmall/122.png?lm=1520611569,https://img.a.transfermarkt.technology/portrait/medium/1088311-1756044081.jpg?lm=1,2006-06-13,147,7
4020,Robbin Weijenberg,250000.0,15.0,Central Midfield,Netherlands,https://tmssl.akamaized.net//images/flagge/verysmall/122.png?lm=1520611569,https://img.a.transfermarkt.technology/portrait/medium/690665-1763726293.jpg?lm=1,2004-11-08,147,7
4021,Jakob Breum,4500000.0,7.0,Attacking Midfield,Denmark,https://tmssl.akamaized.net//images/flagge/verysmall/39.png?lm=1520611569,https://img.a.transfermarkt.technology/portrait/medium/657957-1753438876.jpg?lm=1,2003-11-17,147,7
4022,Søren Tengstedt,700000.0,10.0,Attacking Midfield,Denmark,https://tmssl.akamaized.net//images/flagge/verysmall/39.png?lm=1520611569,https://img.a.transfermarkt.technology/portrait/medium/541601-1763726353.jpg?lm=1,2000-06-30,147,7
4023,Mathis Suray,3000000.0,17.0,Left Winger,Belgium,https://tmssl.akamaized.net//images/flagge/verysmall/19.png?lm=1520611569,https://img.a.transfermarkt.technology/portrait/medium/422760-1763726012.jpg?lm=1,2001-07-26,147,7
4024,Oskar Sivertsen,500000.0,11.0,Left Winger,Norway,https://tmssl.akamaized.net//images/flagge/verysmall/125.png?lm=1520611569,https://img.a.transfermarkt.technology/portrait/medium/715510-1753438529.jpg?lm=1,2004-02-15,147,7
4025,Jaden Slory,800000.0,19.0,Right Winger,Netherlands,https://tmssl.akamaized.net//images/flagge/verysmall/122.png?lm=1520611569,https://img.a.transfermarkt.technology/portrait/medium/727480-1747044431.jpg?lm=1,2005-05-09,147,7
4026,Stefán Ingi Sigurdarson,2000000.0,9.0,Centre-Forward,Iceland,https://tmssl.akamaized.net//images/flagge/verysmall/73.png?lm=1520611569,https://img.a.transfermarkt.technology/portrait/medium/464454-1692263411.jpg?lm=1,2001-01-27,147,7
4027,Victor Edvardsen,1000000.0,16.0,Centre-Forward,Sweden,https://tmssl.akamaized.net//images/flagge/verysmall/147.png?lm=1520611569,https://img.a.transfermarkt.technology/portrait/medium/265324-1753438791.jpg?lm=1,1996-01-14,147,7
4028,Richonell Margaret,700000.0,18.0,Centre-Forward,Suriname,https://tmssl.akamaized.net//images/flagge/verysmall/161.png?lm=1520611569,https://img.a.transfermarkt.technology/portrait/medium/465326-1753438735.jpg?lm=1,2000-09-07,147,7
4029,Thibo Baeten,500000.0,23.0,Centre-Forward,Belgium,https://tmssl.akamaized.net//images/flagge/verysmall/19.png?lm=1520611569,https://img.a.transfermarkt.technology/portrait/medium/486043-1753438574.jpg?lm=1,2002-06-04,147,7
4030,Finn Stokkers,300000.0,27.0,Centre-Forward,Netherlands,https://tmssl.akamaized.net//images/flagge/verysmall/122.png?lm=1520611569,https://img.a.transfermarkt.technology/portrait/medium/241486-1763723238.jpg?lm=1,1996-04-18,147,7
4031,Ofosu Boakye,75000.0,32.0,Centre-Forward,Ghana,https://tmssl.akamaized.net//images/flagge/verysmall/54.png?lm=1520611569,https://img.a.transfermarkt.technology/portrait/medium/1184614-1753438341.jpg?lm=1,2007-07-10,147,7
4032,Fabian de Keijzer,500000.0,1.0,Goalkeeper,Netherlands,https://tmssl.akamaized.net//images/flagge/verysmall/122.png?lm=1520611569,https://img.a.transfermarkt.technology/portrait/medium/462285-1764161680.png?lm=1,2000-05-10,148,7
4033,Timo Jansink,200000.0,16.0,Goalkeeper,Netherlands,https://tmssl.akamaized.net//images/flagge/verysmall/122.png?lm=1520611569,https://img.a.transfermarkt.technology/portrait/medium/703778-1764161786.png?lm=1,2003-06-16,148,7
4034,Remko Pasveer,150000.0,22.0,Goalkeeper,Netherlands,https://tmssl.akamaized.net//images/flagge/verysmall/122.png?lm=1520611569,https://img.a.transfermarkt.technology/portrait/medium/25520-1666951851.jpg?lm=1,1983-11-08,148,7
4035,Robin Mantel,50000.0,30.0,Goalkeeper,Belgium,https://tmssl.akamaized.net//images/flagge/verysmall/19.png?lm=1520611569,https://img.a.transfermarkt.technology/portrait/medium/535741-1764161735.png?lm=1,2000-11-15,148,7
4036,Leco Zeevalkink,50000.0,33.0,Goalkeeper,Netherlands,https://tmssl.akamaized.net//images/flagge/verysmall/122.png?lm=1520611569,https://img.a.transfermarkt.technology/portrait/medium/1161396-1764161837.png?lm=1,2005-09-14,148,7
4037,Alec Van Hoorenbeeck,800000.0,18.0,Centre-Back,Belgium,https://tmssl.akamaized.net//images/flagge/verysmall/19.png?lm=1520611569,https://img.a.transfermarkt.technology/portrait/medium/405892-1764162246.png?lm=1,1998-12-30,148,7
4038,Ivan Mesik,700000.0,24.0,Centre-Back,Slovakia,https://tmssl.akamaized.net//images/flagge/verysmall/154.png?lm=1520611569,https://img.a.transfermarkt.technology/portrait/medium/482838-1764162470.png?lm=1,2001-06-01,148,7
4039,Damon Mirani,550000.0,4.0,Centre-Back,Netherlands,https://tmssl.akamaized.net//images/flagge/verysmall/122.png?lm=1520611569,https://img.a.transfermarkt.technology/portrait/medium/257986-1764162013.png?lm=1,1996-05-13,148,7
4040,Mike te Wierik,250000.0,23.0,Centre-Back,Netherlands,https://tmssl.akamaized.net//images/flagge/verysmall/122.png?lm=1520611569,https://img.a.transfermarkt.technology/portrait/medium/155806-1764162397.png?lm=1,1992-06-08,148,7
4041,Sava-Arangel Cestic,200000.0,6.0,Centre-Back,Serbia,https://tmssl.akamaized.net//images/flagge/verysmall/215.png?lm=1520611569,https://img.a.transfermarkt.technology/portrait/medium/464906-1764162188.png?lm=1,2001-02-19,148,7
4042,Jop Tijink,50000.0,27.0,Centre-Back,Netherlands,https://tmssl.akamaized.net//images/flagge/verysmall/122.png?lm=1520611569,https://img.a.transfermarkt.technology/portrait/medium/936604-1764162520.png?lm=1,2005-01-30,148,7
4043,Djevencio van der Kust,450000.0,15.0,Left-Back,Suriname,https://tmssl.akamaized.net//images/flagge/verysmall/161.png?lm=1520611569,https://img.a.transfermarkt.technology/portrait/medium/596148-1764162130.png?lm=1,2001-04-30,148,7
4044,Mimeirhel Benita,600000.0,2.0,Right-Back,Netherlands,https://tmssl.akamaized.net//images/flagge/verysmall/122.png?lm=1520611569,https://img.a.transfermarkt.technology/portrait/medium/591880-1764161893.png?lm=1,2003-11-17,148,7
4045,Jannes Wieckhoff,400000.0,3.0,Right-Back,Germany,https://tmssl.akamaized.net//images/flagge/verysmall/40.png?lm=1520612525,https://img.a.transfermarkt.technology/portrait/medium/447801-1764161954.png?lm=1,2000-08-02,148,7
4046,Sem Scheperman,700000.0,32.0,Defensive Midfield,Netherlands,https://tmssl.akamaized.net//images/flagge/verysmall/122.png?lm=1520611569,https://img.a.transfermarkt.technology/portrait/medium/618083-1764162892.png?lm=1,2002-06-24,148,7
4047,Rhys Bozinovski,400000.0,20.0,Defensive Midfield,Australia,https://tmssl.akamaized.net//images/flagge/verysmall/12.png?lm=1520611569,https://img.a.transfermarkt.technology/portrait/medium/916461-1768227425.png?lm=1,2004-07-03,148,7
4048,Ajdin Hrustic,700000.0,70.0,Central Midfield,Australia,https://tmssl.akamaized.net//images/flagge/verysmall/12.png?lm=1520611569,https://img.a.transfermarkt.technology/portrait/medium/265625-1764162948.png?lm=1,1996-07-05,148,7
4049,Jan Zamburek,500000.0,13.0,Central Midfield,Czech Republic,https://tmssl.akamaized.net//images/flagge/verysmall/172.png?lm=1520611569,https://img.a.transfermarkt.technology/portrait/medium/487924-1764162773.png?lm=1,2001-02-13,148,7
4050,Erik Ahlstrand,500000.0,14.0,Central Midfield,Sweden,https://tmssl.akamaized.net//images/flagge/verysmall/147.png?lm=1520611569,https://img.a.transfermarkt.technology/portrait/medium/501049-1755033056.jpg?lm=1,2001-10-14,148,7
4051,Jeff Reine-Adélaïde,700000.0,11.0,Attacking Midfield,France,https://tmssl.akamaized.net//images/flagge/verysmall/50.png?lm=1520611569,https://img.a.transfermarkt.technology/portrait/medium/326300-1764162721.png?lm=1,1998-01-17,148,7
4052,Walid Ould-Chikh,650000.0,73.0,Attacking Midfield,Netherlands,https://tmssl.akamaized.net//images/flagge/verysmall/122.png?lm=1520611569,https://img.a.transfermarkt.technology/portrait/medium/597104-1764163013.png?lm=1,1999-11-06,148,7
4053,Thomas Bruns,250000.0,10.0,Attacking Midfield,Netherlands,https://tmssl.akamaized.net//images/flagge/verysmall/122.png?lm=1520611569,https://img.a.transfermarkt.technology/portrait/medium/172202-1764162657.png?lm=1,1992-01-07,148,7
4054,Naci Ünüvar,1500000.0,9.0,Left Winger,Türkiye,https://tmssl.akamaized.net//images/flagge/verysmall/174.png?lm=1520611569,https://img.a.transfermarkt.technology/portrait/medium/508639-1764689822.png?lm=1,2003-06-13,148,7
4055,Yvandro Borges Sanches,500000.0,21.0,Left Winger,Luxembourg,https://tmssl.akamaized.net//images/flagge/verysmall/99.png?lm=1520611569,https://img.a.transfermarkt.technology/portrait/medium/586659-1764163292.png?lm=1,2004-05-24,148,7
4056,Mario Engels,400000.0,8.0,Left Winger,Germany,https://tmssl.akamaized.net//images/flagge/verysmall/40.png?lm=1520612525,https://img.a.transfermarkt.technology/portrait/medium/93637-1764162603.png?lm=1,1993-10-22,148,7
4057,Tristan van Gilst,400000.0,17.0,Left Winger,Netherlands,https://tmssl.akamaized.net//images/flagge/verysmall/122.png?lm=1520611569,https://img.a.transfermarkt.technology/portrait/medium/793702-1764163181.png?lm=1,2003-02-18,148,7
4058,Giandro Sambo,50000.0,28.0,Left Winger,Curacao,https://tmssl.akamaized.net//images/flagge/verysmall/260.png?lm=1520611569,https://img.a.transfermarkt.technology/portrait/medium/1025411-1764162829.png?lm=1,2006-08-28,148,7
4059,Bryan Limbombe,500000.0,7.0,Right Winger,Belgium,https://tmssl.akamaized.net//images/flagge/verysmall/19.png?lm=1520611569,https://img.a.transfermarkt.technology/portrait/medium/502288-1764163074.png?lm=1,2001-05-14,148,7
4060,Sil Blokhuis,50000.0,39.0,Right Winger,Netherlands,https://tmssl.akamaized.net//images/flagge/verysmall/122.png?lm=1520611569,https://img.a.transfermarkt.technology/portrait/medium/1476385-1764163355.png?lm=1,2008-03-18,148,7
4061,Luka Kulenovic,850000.0,19.0,Centre-Forward,Bosnia-Herzegovina,https://tmssl.akamaized.net//images/flagge/verysmall/24.png?lm=1569523290,https://img.a.transfermarkt.technology/portrait/medium/569470-1764163236.png?lm=1,1999-09-29,148,7
4062,Lequincio Zeefuik,850000.0,25.0,Centre-Forward,Netherlands,https://tmssl.akamaized.net//images/flagge/verysmall/122.png?lm=1520611569,https://img.a.transfermarkt.technology/portrait/medium/728864-1753350531.jpg?lm=1,2004-11-26,148,7
4063,Daniel Bielica,1000000.0,99.0,Goalkeeper,Poland,https://tmssl.akamaized.net//images/flagge/verysmall/135.png?lm=1520611569,https://img.a.transfermarkt.technology/portrait/medium/463233-1755780973.jpg?lm=1,1999-04-30,149,7
4064,Roy Kortsmit,150000.0,1.0,Goalkeeper,Netherlands,https://tmssl.akamaized.net//images/flagge/verysmall/122.png?lm=1520611569,https://img.a.transfermarkt.technology/portrait/medium/195546-1755781052.jpg?lm=1,1992-08-26,149,7
4065,Kostas Lamprou,150000.0,31.0,Goalkeeper,Greece,https://tmssl.akamaized.net//images/flagge/verysmall/56.png?lm=1520611569,https://img.a.transfermarkt.technology/portrait/medium/64352-1755781105.jpg?lm=1,1991-09-18,149,7
4066,Thomas Goos,50000.0,44.0,Goalkeeper,Netherlands,https://tmssl.akamaized.net//images/flagge/verysmall/122.png?lm=1520611569,https://img.a.transfermarkt.technology/portrait/medium/1346738-1755607342.jpg?lm=1,2008-01-01,149,7
4067,Leo Greiml,1500000.0,12.0,Centre-Back,Austria,https://tmssl.akamaized.net//images/flagge/verysmall/127.png?lm=1520611569,https://img.a.transfermarkt.technology/portrait/medium/434110-1755781164.jpg?lm=1,2001-07-03,149,7
4068,Rio Hillen,800000.0,22.0,Centre-Back,Netherlands,https://tmssl.akamaized.net//images/flagge/verysmall/122.png?lm=1520611569,https://img.a.transfermarkt.technology/portrait/medium/559334-1723629538.jpg?lm=1,2003-03-05,149,7
4069,Enes Mahmutovic,300000.0,15.0,Centre-Back,Luxembourg,https://tmssl.akamaized.net//images/flagge/verysmall/99.png?lm=1520611569,https://img.a.transfermarkt.technology/portrait/medium/329055-1755781312.jpg?lm=1,1997-05-22,149,7
4070,Denis Odoi,200000.0,3.0,Centre-Back,Ghana,https://tmssl.akamaized.net//images/flagge/verysmall/54.png?lm=1520611569,https://img.a.transfermarkt.technology/portrait/medium/59641-1643672368.jpg?lm=1,1988-05-27,149,7
4071,Jemuel Erat,50000.0,27.0,Centre-Back,Netherlands,https://tmssl.akamaized.net//images/flagge/verysmall/122.png?lm=1520611569,https://img.a.transfermarkt.technology/portrait/medium/1088672-1755607843.jpg?lm=1,2007-09-02,149,7
4072,Boy Kemper,850000.0,4.0,Left-Back,Netherlands,https://tmssl.akamaized.net//images/flagge/verysmall/122.png?lm=1520611569,https://img.a.transfermarkt.technology/portrait/medium/428502-1755781552.jpg?lm=1,1999-06-21,149,7
4073,Jayden Candelaria,150000.0,21.0,Left-Back,Curacao,https://tmssl.akamaized.net//images/flagge/verysmall/260.png?lm=1520611569,https://img.a.transfermarkt.technology/portrait/medium/default.jpg?lm=1,2004-03-02,149,7
4074,Christian Chiza,50000.0,29.0,Left-Back,Netherlands,https://tmssl.akamaized.net//images/flagge/verysmall/122.png?lm=1520611569,https://img.a.transfermarkt.technology/portrait/medium/1149728-1755607959.jpg?lm=1,2007-12-18,149,7
4075,Cherrion Valerius,700000.0,25.0,Right-Back,Curacao,https://tmssl.akamaized.net//images/flagge/verysmall/260.png?lm=1520611569,https://img.a.transfermarkt.technology/portrait/medium/936581-1755781630.jpg?lm=1,2005-09-22,149,7
4076,Boyd Lucassen,450000.0,2.0,Right-Back,Netherlands,https://tmssl.akamaized.net//images/flagge/verysmall/122.png?lm=1520611569,https://img.a.transfermarkt.technology/portrait/medium/406091-1755781687.jpg?lm=1,1998-07-01,149,7
4077,Max Balard,1000000.0,16.0,Defensive Midfield,Australia,https://tmssl.akamaized.net//images/flagge/verysmall/12.png?lm=1520611569,https://img.a.transfermarkt.technology/portrait/medium/849428-1745315232.jpg?lm=1,2000-11-20,149,7
4078,Fredrik Oldrup Jensen,300000.0,20.0,Defensive Midfield,Norway,https://tmssl.akamaized.net//images/flagge/verysmall/125.png?lm=1520611569,https://img.a.transfermarkt.technology/portrait/medium/218233-1732870409.jpg?lm=1,1993-05-18,149,7
4079,Kamal Sowah,750000.0,14.0,Central Midfield,Ghana,https://tmssl.akamaized.net//images/flagge/verysmall/54.png?lm=1520611569,https://img.a.transfermarkt.technology/portrait/medium/564489-1755782060.jpg?lm=1,2000-01-09,149,7
4080,Clint Leemans,450000.0,8.0,Central Midfield,Netherlands,https://tmssl.akamaized.net//images/flagge/verysmall/122.png?lm=1520611569,https://img.a.transfermarkt.technology/portrait/medium/250464-1755781771.jpg?lm=1,1995-09-15,149,7
4081,Lewis Holtby,400000.0,90.0,Central Midfield,Germany,https://tmssl.akamaized.net//images/flagge/verysmall/40.png?lm=1520612525,https://img.a.transfermarkt.technology/portrait/medium/55508-1721850987.jpg?lm=1,1990-09-18,149,7
4082,Mohamed Nassoh,700000.0,10.0,Attacking Midfield,Morocco,https://tmssl.akamaized.net//images/flagge/verysmall/107.png?lm=1520611569,https://img.a.transfermarkt.technology/portrait/medium/640565-1723809542.jpg?lm=1,2003-01-26,149,7
4083,Raul Paula,350000.0,11.0,Attacking Midfield,Germany,https://tmssl.akamaized.net//images/flagge/verysmall/40.png?lm=1520612525,https://img.a.transfermarkt.technology/portrait/medium/716756-1745315127.jpg?lm=1,2004-01-25,149,7
4084,Brahim Ghalidi,200000.0,55.0,Left Winger,Morocco,https://tmssl.akamaized.net//images/flagge/verysmall/107.png?lm=1520611569,https://img.a.transfermarkt.technology/portrait/medium/743390-1755781891.jpg?lm=1,2005-01-31,149,7
4085,Juho Talvitie,800000.0,32.0,Right Winger,Finland,https://tmssl.akamaized.net//images/flagge/verysmall/49.png?lm=1520611569,https://img.a.transfermarkt.technology/portrait/medium/741587-1755781998.jpg?lm=1,2005-03-25,149,7
4086,Amine Salama,1500000.0,19.0,Centre-Forward,France,https://tmssl.akamaized.net//images/flagge/verysmall/50.png?lm=1520611569,https://img.a.transfermarkt.technology/portrait/medium/980576-1739282558.jpg?lm=1,2000-07-18,149,7
4087,Moussa Soumano,800000.0,9.0,Centre-Forward,France,https://tmssl.akamaized.net//images/flagge/verysmall/50.png?lm=1520611569,https://img.a.transfermarkt.technology/portrait/medium/1053240-1755785156.jpg?lm=1,2005-07-09,149,7
4088,Charles-Andreas Brym,450000.0,7.0,Centre-Forward,Canada,https://tmssl.akamaized.net//images/flagge/verysmall/80.png?lm=1520611569,https://img.a.transfermarkt.technology/portrait/medium/595028-1755785394.jpg?lm=1,1998-08-08,149,7
4089,André Ayew,300000.0,24.0,Centre-Forward,Ghana,https://tmssl.akamaized.net//images/flagge/verysmall/54.png?lm=1520611569,https://img.a.transfermarkt.technology/portrait/medium/45403-1668429304.jpg?lm=1,1989-12-17,149,7
4090,Pepijn Reulen,300000.0,26.0,Centre-Forward,Netherlands,https://tmssl.akamaized.net//images/flagge/verysmall/122.png?lm=1520611569,https://img.a.transfermarkt.technology/portrait/medium/1409754-1755607508.jpg?lm=1,2008-06-01,149,7
4091,Gonzalo Crettaz,3000000.0,1.0,Goalkeeper,Spain,https://tmssl.akamaized.net//images/flagge/verysmall/157.png?lm=1520611569,https://img.a.transfermarkt.technology/portrait/medium/631049-1764255224.png?lm=1,2000-02-28,150,7
4092,Jasper Cillessen,300000.0,22.0,Goalkeeper,Netherlands,https://tmssl.akamaized.net//images/flagge/verysmall/122.png?lm=1520611569,https://img.a.transfermarkt.technology/portrait/medium/146227-1764255346.png?lm=1,1989-04-22,150,7
4093,Rijk Janse,25000.0,31.0,Goalkeeper,Netherlands,https://tmssl.akamaized.net//images/flagge/verysmall/122.png?lm=1520611569,https://img.a.transfermarkt.technology/portrait/medium/593163-1764257075.png?lm=1,2002-04-16,150,7
4094,Ahmetcan Kaplan,5000000.0,4.0,Centre-Back,Türkiye,https://tmssl.akamaized.net//images/flagge/verysmall/174.png?lm=1520611569,https://img.a.transfermarkt.technology/portrait/medium/662131-1764255617.png?lm=1,2003-01-16,150,7
4095,Philippe Sandler,2000000.0,3.0,Centre-Back,Netherlands,https://tmssl.akamaized.net//images/flagge/verysmall/122.png?lm=1520611569,https://img.a.transfermarkt.technology/portrait/medium/340460-1764257025.png?lm=1,1997-02-10,150,7
4096,Brayann Pereira,1000000.0,2.0,Centre-Back,France,https://tmssl.akamaized.net//images/flagge/verysmall/50.png?lm=1520611569,https://img.a.transfermarkt.technology/portrait/medium/620317-1764255796.png?lm=1,2003-05-21,150,7
4097,Deveron Fonville,1000000.0,24.0,Centre-Back,Curacao,https://tmssl.akamaized.net//images/flagge/verysmall/260.png?lm=1520611569,https://img.a.transfermarkt.technology/portrait/medium/708989-1764256260.png?lm=1,2003-05-16,150,7
4098,Thomas Ouwejan,900000.0,5.0,Centre-Back,Netherlands,https://tmssl.akamaized.net//images/flagge/verysmall/122.png?lm=1520611569,https://img.a.transfermarkt.technology/portrait/medium/241477-1774356440.jpg?lm=1,1996-09-30,150,7
4099,Eli Dasa,800000.0,14.0,Centre-Back,Israel,https://tmssl.akamaized.net//images/flagge/verysmall/74.png?lm=1520611569,https://img.a.transfermarkt.technology/portrait/medium/163847-1764256418.png?lm=1,1992-12-03,150,7
4100,Jetro Willems,300000.0,15.0,Centre-Back,Netherlands,https://tmssl.akamaized.net//images/flagge/verysmall/122.png?lm=1520611569,https://img.a.transfermarkt.technology/portrait/medium/146258-1764256518.png?lm=1,1994-03-30,150,7
4101,Bram Nuytinck,250000.0,17.0,Centre-Back,Netherlands,https://tmssl.akamaized.net//images/flagge/verysmall/122.png?lm=1520611569,https://img.a.transfermarkt.technology/portrait/medium/104597-1723716327.jpg?lm=1,1990-05-04,150,7
4102,Darko Nejasmic,3000000.0,6.0,Defensive Midfield,Croatia,https://tmssl.akamaized.net//images/flagge/verysmall/37.png?lm=1520611569,https://img.a.transfermarkt.technology/portrait/medium/526566-1764256176.png?lm=1,1999-01-25,150,7
4103,Dirk Proper,2000000.0,71.0,Defensive Midfield,Netherlands,https://tmssl.akamaized.net//images/flagge/verysmall/122.png?lm=1520611569,https://img.a.transfermarkt.technology/portrait/medium/485587-1764256321.png?lm=1,2002-02-24,150,7
4104,Kodai Sano,12000000.0,23.0,Central Midfield,Japan,https://tmssl.akamaized.net//images/flagge/verysmall/77.png?lm=1520611569,https://img.a.transfermarkt.technology/portrait/medium/957544-1764256625.png?lm=1,2003-09-25,150,7
4105,Sam de Laat,75000.0,35.0,Central Midfield,Netherlands,https://tmssl.akamaized.net//images/flagge/verysmall/122.png?lm=1520611569,https://img.a.transfermarkt.technology/portrait/medium/1052803-1764336821.png?lm=1,2006-06-12,150,7
4106,Sami Ouaissa,5000000.0,25.0,Right Midfield,Netherlands,https://tmssl.akamaized.net//images/flagge/verysmall/122.png?lm=1520611569,https://img.a.transfermarkt.technology/portrait/medium/747016-1764336892.png?lm=1,2004-10-02,150,7
4107,Başar Önal,4000000.0,11.0,Left Midfield,Türkiye,https://tmssl.akamaized.net//images/flagge/verysmall/174.png?lm=1520611569,https://img.a.transfermarkt.technology/portrait/medium/864112-1764255727.png?lm=1,2004-07-06,150,7
4108,Virgil Misidjan,600000.0,7.0,Left Midfield,Suriname,https://tmssl.akamaized.net//images/flagge/verysmall/161.png?lm=1520611569,https://img.a.transfermarkt.technology/portrait/medium/214346-1764337088.png?lm=1,1993-07-24,150,7
4109,Willum Thór Willumsson,3500000.0,19.0,Attacking Midfield,Iceland,https://tmssl.akamaized.net//images/flagge/verysmall/73.png?lm=1520611569,https://img.a.transfermarkt.technology/portrait/medium/455127-1690212997.jpg?lm=1,1998-10-23,150,7
4110,Noé Lebreton,2000000.0,20.0,Attacking Midfield,France,https://tmssl.akamaized.net//images/flagge/verysmall/50.png?lm=1520611569,https://img.a.transfermarkt.technology/portrait/medium/926389-1764256995.png?lm=1,2004-04-22,150,7
4111,Isak Hansen-Aarøen,800000.0,8.0,Attacking Midfield,Norway,https://tmssl.akamaized.net//images/flagge/verysmall/125.png?lm=1520611569,https://img.a.transfermarkt.technology/portrait/medium/670116-1722887545.jpg?lm=1,2004-08-22,150,7
4112,Tjaronn Chery,400000.0,10.0,Attacking Midfield,Suriname,https://tmssl.akamaized.net//images/flagge/verysmall/161.png?lm=1520611569,https://img.a.transfermarkt.technology/portrait/medium/76326-1764337013.png?lm=1,1988-06-04,150,7
4113,Koki Ogawa,2500000.0,18.0,Centre-Forward,Japan,https://tmssl.akamaized.net//images/flagge/verysmall/77.png?lm=1520611569,https://img.a.transfermarkt.technology/portrait/medium/351567-1764256684.png?lm=1,1997-08-08,150,7
4114,Danilo,2000000.0,9.0,Centre-Forward,Brazil,https://tmssl.akamaized.net//images/flagge/verysmall/26.png?lm=1520611569,https://img.a.transfermarkt.technology/portrait/medium/519731-1659446747.jpg?lm=1,1999-04-07,150,7
4115,Youssef El Kachati,700000.0,34.0,Centre-Forward,Morocco,https://tmssl.akamaized.net//images/flagge/verysmall/107.png?lm=1520611569,https://img.a.transfermarkt.technology/portrait/medium/444380-1764337274.png?lm=1,1999-11-09,150,7
4116,Bryan Linssen,350000.0,30.0,Centre-Forward,Netherlands,https://tmssl.akamaized.net//images/flagge/verysmall/122.png?lm=1520611569,https://img.a.transfermarkt.technology/portrait/medium/82410-1764256072.png?lm=1,1990-10-08,150,7
4117,Jasper Schendelaar,2000000.0,1.0,Goalkeeper,Netherlands,https://tmssl.akamaized.net//images/flagge/verysmall/122.png?lm=1520611569,https://img.a.transfermarkt.technology/portrait/medium/361082-1755785844.jpg?lm=1,2000-09-02,151,7
4118,Tom de Graaff,900000.0,16.0,Goalkeeper,Netherlands,https://tmssl.akamaized.net//images/flagge/verysmall/122.png?lm=1520611569,https://img.a.transfermarkt.technology/portrait/medium/729010-1723460433.jpg?lm=1,2004-12-10,151,7
4119,Duke Verduin,25000.0,41.0,Goalkeeper,Netherlands,https://tmssl.akamaized.net//images/flagge/verysmall/122.png?lm=1520611569,https://img.a.transfermarkt.technology/portrait/medium/933570-1755786213.jpg?lm=1,2003-10-30,151,7
4120,Anselmo García MacNulty,1500000.0,4.0,Centre-Back,Ireland,https://tmssl.akamaized.net//images/flagge/verysmall/72.png?lm=1520611569,https://img.a.transfermarkt.technology/portrait/medium/631904-1724751208.jpg?lm=1,2003-02-19,151,7
4121,Simon Graves,1500000.0,28.0,Centre-Back,Denmark,https://tmssl.akamaized.net//images/flagge/verysmall/39.png?lm=1520611569,https://img.a.transfermarkt.technology/portrait/medium/542858-1755786294.jpg?lm=1,1999-05-22,151,7
4122,Tijs Velthuis,500000.0,5.0,Centre-Back,Netherlands,https://tmssl.akamaized.net//images/flagge/verysmall/122.png?lm=1520611569,https://img.a.transfermarkt.technology/portrait/medium/568377-1753438955.jpg?lm=1,2002-01-12,151,7
4123,Damian van der Haar,500000.0,33.0,Centre-Back,Netherlands,https://tmssl.akamaized.net//images/flagge/verysmall/122.png?lm=1520611569,https://img.a.transfermarkt.technology/portrait/medium/640558-1755786504.jpg?lm=1,2004-01-16,151,7
4124,Sherel Floranus,800000.0,2.0,Left-Back,Curacao,https://tmssl.akamaized.net//images/flagge/verysmall/260.png?lm=1520611569,https://img.a.transfermarkt.technology/portrait/medium/315211-1755786473.jpg?lm=1,1998-08-23,151,7
4125,Tristan Gooijer,1500000.0,6.0,Right-Back,Netherlands,https://tmssl.akamaized.net//images/flagge/verysmall/122.png?lm=1520611569,https://img.a.transfermarkt.technology/portrait/medium/656800-1724750566.jpg?lm=1,2004-09-02,151,7
4126,Olivier Aertssen,650000.0,3.0,Right-Back,Netherlands,https://tmssl.akamaized.net//images/flagge/verysmall/122.png?lm=1520611569,https://img.a.transfermarkt.technology/portrait/medium/720791-1755786405.jpg?lm=1,2004-08-07,151,7
4127,David Voute,100000.0,39.0,Right-Back,Netherlands,https://tmssl.akamaized.net//images/flagge/verysmall/122.png?lm=1520611569,https://img.a.transfermarkt.technology/portrait/medium/default.jpg?lm=1,2005-11-04,151,7
4128,Jadiel Pereira da Gama,1500000.0,26.0,Defensive Midfield,Netherlands,https://tmssl.akamaized.net//images/flagge/verysmall/122.png?lm=1520611569,https://img.a.transfermarkt.technology/portrait/medium/1347762-1755606501.jpg?lm=1,2009-12-15,151,7
4129,Ryan Thomas,700000.0,30.0,Defensive Midfield,New Zealand,https://tmssl.akamaized.net//images/flagge/verysmall/120.png?lm=1520611569,https://img.a.transfermarkt.technology/portrait/medium/203357-1724750728.jpg?lm=1,1994-12-20,151,7
4130,Nick Fichtinger,450000.0,34.0,Defensive Midfield,Netherlands,https://tmssl.akamaized.net//images/flagge/verysmall/122.png?lm=1520611569,https://img.a.transfermarkt.technology/portrait/medium/806384-1755786557.jpg?lm=1,2004-04-06,151,7
4131,Zico Buurmeester,1800000.0,8.0,Central Midfield,Netherlands,https://tmssl.akamaized.net//images/flagge/verysmall/122.png?lm=1520611569,https://img.a.transfermarkt.technology/portrait/medium/595940-1723819805.jpg?lm=1,2002-06-07,151,7
4132,Jamiro Monteiro,750000.0,35.0,Central Midfield,Cape Verde,https://tmssl.akamaized.net//images/flagge/verysmall/32.png?lm=1520611569,https://img.a.transfermarkt.technology/portrait/medium/272930-1755786603.jpg?lm=1,1993-11-23,151,7
4133,Givaro Rahajaän,100000.0,38.0,Central Midfield,Netherlands,https://tmssl.akamaized.net//images/flagge/verysmall/122.png?lm=1520611569,https://img.a.transfermarkt.technology/portrait/medium/1146453-1755606977.jpg?lm=1,2008-02-19,151,7
4134,Thijs Oosting,700000.0,25.0,Attacking Midfield,Netherlands,https://tmssl.akamaized.net//images/flagge/verysmall/122.png?lm=1520611569,https://img.a.transfermarkt.technology/portrait/medium/441216-1723455783.jpg?lm=1,2000-05-02,151,7
4135,Odysseus Velanas,500000.0,18.0,Attacking Midfield,Netherlands,https://tmssl.akamaized.net//images/flagge/verysmall/122.png?lm=1520611569,https://img.a.transfermarkt.technology/portrait/medium/360520-1724750830.jpg?lm=1,1998-06-05,151,7
4136,Gabriël Reiziger,175000.0,20.0,Attacking Midfield,Netherlands,https://tmssl.akamaized.net//images/flagge/verysmall/122.png?lm=1520611569,https://img.a.transfermarkt.technology/portrait/medium/827711-1755606707.jpg?lm=1,2005-10-10,151,7
4137,Samir Lagsir,150000.0,21.0,Attacking Midfield,Netherlands,https://tmssl.akamaized.net//images/flagge/verysmall/122.png?lm=1520611569,https://img.a.transfermarkt.technology/portrait/medium/564620-1724750777.jpg?lm=1,2003-05-20,151,7
4138,Shola Shoretire,2000000.0,7.0,Left Winger,England,https://tmssl.akamaized.net//images/flagge/verysmall/189.png?lm=1520611569,https://img.a.transfermarkt.technology/portrait/medium/640026-1727967599.png?lm=1,2004-02-02,151,7
4139,Kaj de Rooij,1000000.0,22.0,Left Winger,Netherlands,https://tmssl.akamaized.net//images/flagge/verysmall/122.png?lm=1520611569,https://img.a.transfermarkt.technology/portrait/medium/540927-1724751305.jpg?lm=1,2000-11-25,151,7
4140,Younes Namli,1000000.0,9.0,Right Winger,Denmark,https://tmssl.akamaized.net//images/flagge/verysmall/39.png?lm=1520611569,https://img.a.transfermarkt.technology/portrait/medium/227039-1618670255.jpg?lm=1,1994-06-20,151,7
4141,Jan Faberski,700000.0,19.0,Right Winger,Poland,https://tmssl.akamaized.net//images/flagge/verysmall/135.png?lm=1520611569,https://img.a.transfermarkt.technology/portrait/medium/949480-1745076455.jpg?lm=1,2006-04-22,151,7
4142,Koen Kostons,1500000.0,10.0,Centre-Forward,Netherlands,https://tmssl.akamaized.net//images/flagge/verysmall/122.png?lm=1520611569,https://img.a.transfermarkt.technology/portrait/medium/453121-1755785490.jpg?lm=1,1999-09-18,151,7
4143,Thomas Buitink,350000.0,29.0,Centre-Forward,Netherlands,https://tmssl.akamaized.net//images/flagge/verysmall/122.png?lm=1520611569,https://img.a.transfermarkt.technology/portrait/medium/357826-1724750685.jpg?lm=1,2000-06-14,151,7
4144,Matej Kovar,7000000.0,32.0,Goalkeeper,Czech Republic,https://tmssl.akamaized.net//images/flagge/verysmall/172.png?lm=1520611569,https://img.a.transfermarkt.technology/portrait/medium/550829-1765213743.jpg?lm=1,2000-05-17,152,7
4145,Nick Olij,3000000.0,1.0,Goalkeeper,Netherlands,https://tmssl.akamaized.net//images/flagge/verysmall/122.png?lm=1520611569,https://img.a.transfermarkt.technology/portrait/medium/215094-1723809619.jpg?lm=1,1995-08-01,152,7
4146,Niek Schiks,300000.0,24.0,Goalkeeper,Netherlands,https://tmssl.akamaized.net//images/flagge/verysmall/122.png?lm=1520611569,https://img.a.transfermarkt.technology/portrait/medium/723005-1721657782.jpg?lm=1,2004-02-03,152,7
4147,Yarek Gasiorowski,16000000.0,3.0,Centre-Back,Spain,https://tmssl.akamaized.net//images/flagge/verysmall/157.png?lm=1520611569,https://img.a.transfermarkt.technology/portrait/medium/895334-1730461387.jpg?lm=1,2005-01-12,152,7
4148,Ryan Flamingo,14000000.0,6.0,Centre-Back,Netherlands,https://tmssl.akamaized.net//images/flagge/verysmall/122.png?lm=1520611569,https://img.a.transfermarkt.technology/portrait/medium/586429-1745174293.jpg?lm=1,2002-12-31,152,7
4149,Armando Obispo,4000000.0,4.0,Centre-Back,Curacao,https://tmssl.akamaized.net//images/flagge/verysmall/260.png?lm=1520611569,https://img.a.transfermarkt.technology/portrait/medium/339337-1613229330.jpg?lm=1,1999-03-05,152,7
4150,Mauro Júnior,17000000.0,17.0,Left-Back,Brazil,https://tmssl.akamaized.net//images/flagge/verysmall/26.png?lm=1520611569,https://img.a.transfermarkt.technology/portrait/medium/323910-1730843589.jpg?lm=1,1999-05-06,152,7
4151,Anass Salah-Eddine,12000000.0,2.0,Left-Back,Morocco,https://tmssl.akamaized.net//images/flagge/verysmall/107.png?lm=1520611569,https://img.a.transfermarkt.technology/portrait/medium/485584-1766406432.jpg?lm=1,2002-01-18,152,7
4152,Sergiño Dest,18000000.0,8.0,Right-Back,United States,https://tmssl.akamaized.net//images/flagge/verysmall/184.png?lm=1520611569,https://img.a.transfermarkt.technology/portrait/medium/361104-1713981952.jpg?lm=1,2000-11-03,152,7
4153,Kiliann Sildillia,5000000.0,25.0,Right-Back,France,https://tmssl.akamaized.net//images/flagge/verysmall/50.png?lm=1520611569,https://img.a.transfermarkt.technology/portrait/medium/548348-1691998588.jpg?lm=1,2002-05-16,152,7
4154,Jerdy Schouten,22000000.0,22.0,Defensive Midfield,Netherlands,https://tmssl.akamaized.net//images/flagge/verysmall/122.png?lm=1520611569,https://img.a.transfermarkt.technology/portrait/medium/347900-1718013852.jpg?lm=1,1997-01-12,152,7
4155,Joey Veerman,27000000.0,23.0,Central Midfield,Netherlands,https://tmssl.akamaized.net//images/flagge/verysmall/122.png?lm=1520611569,https://img.a.transfermarkt.technology/portrait/medium/408574-1682332276.jpg?lm=1,1998-11-19,152,7
4156,Noah Fernandez,2000000.0,31.0,Central Midfield,Belgium,https://tmssl.akamaized.net//images/flagge/verysmall/19.png?lm=1520611569,https://img.a.transfermarkt.technology/portrait/medium/1095107-1675541015.jpg?lm=1,2008-01-09,152,7
4157,Joël van den Berg,1000000.0,35.0,Central Midfield,Netherlands,https://tmssl.akamaized.net//images/flagge/verysmall/122.png?lm=1520611569,https://img.a.transfermarkt.technology/portrait/medium/987376-1727814070.jpg?lm=1,2007-02-11,152,7
4158,Ismael Saibari,32000000.0,34.0,Attacking Midfield,Morocco,https://tmssl.akamaized.net//images/flagge/verysmall/107.png?lm=1520611569,https://img.a.transfermarkt.technology/portrait/medium/702869-1765214009.jpg?lm=1,2001-01-28,152,7
4159,Paul Wanner,18000000.0,10.0,Attacking Midfield,Austria,https://tmssl.akamaized.net//images/flagge/verysmall/127.png?lm=1520611569,https://img.a.transfermarkt.technology/portrait/medium/900909-1736762820.jpg?lm=1,2005-12-23,152,7
4160,Guus Til,15000000.0,20.0,Attacking Midfield,Netherlands,https://tmssl.akamaized.net//images/flagge/verysmall/122.png?lm=1520611569,https://img.a.transfermarkt.technology/portrait/medium/372267-1765213922.jpg?lm=1,1997-12-22,152,7
4161,Ruben van Bommel,12000000.0,7.0,Left Winger,Netherlands,https://tmssl.akamaized.net//images/flagge/verysmall/122.png?lm=1520611569,https://img.a.transfermarkt.technology/portrait/medium/735701-1690966157.jpg?lm=1,2004-08-03,152,7
4162,Couhaib Driouech,6000000.0,11.0,Left Winger,Morocco,https://tmssl.akamaized.net//images/flagge/verysmall/107.png?lm=1520611569,https://img.a.transfermarkt.technology/portrait/medium/593837-1658861367.jpg?lm=1,2002-04-17,152,7
4163,Ivan Perišić,1300000.0,5.0,Left Winger,Croatia,https://tmssl.akamaized.net//images/flagge/verysmall/37.png?lm=1520611569,https://img.a.transfermarkt.technology/portrait/medium/42460-1667991317.jpg?lm=1,1989-02-02,152,7
4164,Dennis Man,13000000.0,27.0,Right Winger,Romania,https://tmssl.akamaized.net//images/flagge/verysmall/140.png?lm=1520611569,https://img.a.transfermarkt.technology/portrait/medium/397486-1718259797.jpg?lm=1,1998-08-26,152,7
4165,Esmir Bajraktarevic,5000000.0,19.0,Right Winger,Bosnia-Herzegovina,https://tmssl.akamaized.net//images/flagge/verysmall/24.png?lm=1569523290,https://img.a.transfermarkt.technology/portrait/medium/925862-1710266776.jpg?lm=1,2005-03-10,152,7
4166,Ricardo Pepi,25000000.0,9.0,Centre-Forward,United States,https://tmssl.akamaized.net//images/flagge/verysmall/184.png?lm=1520611569,https://img.a.transfermarkt.technology/portrait/medium/627207-1745174088.jpg?lm=1,2003-01-09,152,7
4167,Myron Boadu,5000000.0,21.0,Centre-Forward,Netherlands,https://tmssl.akamaized.net//images/flagge/verysmall/122.png?lm=1520611569,https://img.a.transfermarkt.technology/portrait/medium/412932-1666692057.jpg?lm=1,2001-01-14,152,7
4168,Alassane Pléa,3000000.0,14.0,Centre-Forward,France,https://tmssl.akamaized.net//images/flagge/verysmall/50.png?lm=1520611569,https://img.a.transfermarkt.technology/portrait/medium/167329-1627997314.jpg?lm=1,1993-03-10,152,7
4169,Bernt Klaverboer,1500000.0,22.0,Goalkeeper,Netherlands,https://tmssl.akamaized.net//images/flagge/verysmall/122.png?lm=1520611569,https://img.a.transfermarkt.technology/portrait/medium/725816-1764064366.png?lm=1,2005-09-26,153,7
4170,Nordin Bakker,400000.0,31.0,Goalkeeper,Netherlands,https://tmssl.akamaized.net//images/flagge/verysmall/122.png?lm=1520611569,https://img.a.transfermarkt.technology/portrait/medium/534015-1764067833.png?lm=1,1997-10-31,153,7
4171,Andries Noppert,350000.0,44.0,Goalkeeper,Netherlands,https://tmssl.akamaized.net//images/flagge/verysmall/122.png?lm=1520611569,https://img.a.transfermarkt.technology/portrait/medium/276853-1764064317.png?lm=1,1994-04-07,153,7
4172,Jan Bekkema,50000.0,23.0,Goalkeeper,Netherlands,https://tmssl.akamaized.net//images/flagge/verysmall/122.png?lm=1520611569,https://img.a.transfermarkt.technology/portrait/medium/312473-1764064971.png?lm=1,1996-04-09,153,7
4173,Maas Willemsen,1500000.0,3.0,Centre-Back,Netherlands,https://tmssl.akamaized.net//images/flagge/verysmall/122.png?lm=1520611569,https://img.a.transfermarkt.technology/portrait/medium/805451-1764067386.png?lm=1,2003-04-29,153,7
4174,Sam Kersten,1500000.0,4.0,Centre-Back,Netherlands,https://tmssl.akamaized.net//images/flagge/verysmall/122.png?lm=1520611569,https://img.a.transfermarkt.technology/portrait/medium/430797-1764068103.png?lm=1,1998-01-30,153,7
4175,Nikolai Hopland,1500000.0,17.0,Centre-Back,Norway,https://tmssl.akamaized.net//images/flagge/verysmall/125.png?lm=1520611569,https://img.a.transfermarkt.technology/portrait/medium/894050-1764067740.png?lm=1,2004-07-24,153,7
4176,Hristiyan Petrov,500000.0,28.0,Centre-Back,Bulgaria,https://tmssl.akamaized.net//images/flagge/verysmall/28.png?lm=1520611569,https://img.a.transfermarkt.technology/portrait/medium/628042-1764064687.png?lm=1,2002-06-24,153,7
4177,Vasilios Zagaritis,2000000.0,19.0,Left-Back,Greece,https://tmssl.akamaized.net//images/flagge/verysmall/56.png?lm=1520611569,https://img.a.transfermarkt.technology/portrait/medium/613781-1764068267.png?lm=1,2001-05-04,153,7
4178,Oliver Braude,4500000.0,45.0,Right-Back,Norway,https://tmssl.akamaized.net//images/flagge/verysmall/125.png?lm=1520611569,https://img.a.transfermarkt.technology/portrait/medium/869067-1764067891.png?lm=1,2004-02-21,153,7
4179,Mats Egbring,300000.0,13.0,Right-Back,Netherlands,https://tmssl.akamaized.net//images/flagge/verysmall/122.png?lm=1520611569,https://img.a.transfermarkt.technology/portrait/medium/1030525-1764067519.png?lm=1,2006-09-17,153,7
4180,Joris van Overeem,900000.0,6.0,Defensive Midfield,Netherlands,https://tmssl.akamaized.net//images/flagge/verysmall/122.png?lm=1520611569,https://img.a.transfermarkt.technology/portrait/medium/182582-1764067070.png?lm=1,1994-06-01,153,7
4181,Marcus Linday,4000000.0,16.0,Central Midfield,Sweden,https://tmssl.akamaized.net//images/flagge/verysmall/147.png?lm=1520611569,https://img.a.transfermarkt.technology/portrait/medium/899163-1764067445.png?lm=1,2003-06-02,153,7
4182,Isaiah Ahmed,125000.0,35.0,Central Midfield,Curacao,https://tmssl.akamaized.net//images/flagge/verysmall/260.png?lm=1520611569,https://img.a.transfermarkt.technology/portrait/medium/886252-1764079673.JPG?lm=1,2005-12-28,153,7
4183,Ringo Meerveld,4000000.0,10.0,Attacking Midfield,Netherlands,https://tmssl.akamaized.net//images/flagge/verysmall/122.png?lm=1520611569,https://img.a.transfermarkt.technology/portrait/medium/577455-1764067994.png?lm=1,2002-12-21,153,7
4184,Luuk Brouwers,2000000.0,8.0,Attacking Midfield,Netherlands,https://tmssl.akamaized.net//images/flagge/verysmall/122.png?lm=1520611569,https://img.a.transfermarkt.technology/portrait/medium/369552-1764067324.png?lm=1,1998-05-03,153,7
4185,Levi Smans,2000000.0,14.0,Attacking Midfield,Netherlands,https://tmssl.akamaized.net//images/flagge/verysmall/122.png?lm=1520611569,https://img.a.transfermarkt.technology/portrait/medium/918365-1764067204.png?lm=1,2003-03-25,153,7
4186,Nolhan Courtens,50000.0,36.0,Attacking Midfield,DR Congo,https://tmssl.akamaized.net//images/flagge/verysmall/193.png?lm=1520611569,https://img.a.transfermarkt.technology/portrait/medium/952414-1764080326.JPG?lm=1,2006-12-20,153,7
4187,Maxence Rivera,2000000.0,7.0,Left Winger,France,https://tmssl.akamaized.net//images/flagge/verysmall/50.png?lm=1520611569,https://img.a.transfermarkt.technology/portrait/medium/735700-1764067617.png?lm=1,2002-05-30,153,7
4188,Luca Oyen,900000.0,11.0,Left Winger,Belgium,https://tmssl.akamaized.net//images/flagge/verysmall/19.png?lm=1520611569,https://img.a.transfermarkt.technology/portrait/medium/551085-1714038539.png?lm=1,2003-03-14,153,7
4189,Amourricho van Axel Dongen,400000.0,26.0,Left Winger,Netherlands,https://tmssl.akamaized.net//images/flagge/verysmall/122.png?lm=1520611569,https://img.a.transfermarkt.technology/portrait/medium/704773-1764064268.png?lm=1,2004-09-29,153,7
4190,Jacob Trenskow,6500000.0,20.0,Right Winger,Denmark,https://tmssl.akamaized.net//images/flagge/verysmall/39.png?lm=1520611569,https://img.a.transfermarkt.technology/portrait/medium/542684-1764064854.png?lm=1,2000-11-26,153,7
4191,Eser Gürbüz,600000.0,50.0,Right Winger,Netherlands,https://tmssl.akamaized.net//images/flagge/verysmall/122.png?lm=1520611569,https://img.a.transfermarkt.technology/portrait/medium/1130803-1764064573.png?lm=1,2007-03-06,153,7
4192,Jermaine Rijssel,50000.0,33.0,Right Winger,Suriname,https://tmssl.akamaized.net//images/flagge/verysmall/161.png?lm=1520611569,https://img.a.transfermarkt.technology/portrait/medium/891852-1764067019.png?lm=1,2005-03-25,153,7
4193,Dylan Vente,2500000.0,9.0,Centre-Forward,Suriname,https://tmssl.akamaized.net//images/flagge/verysmall/161.png?lm=1520611569,https://img.a.transfermarkt.technology/portrait/medium/369319-1764064507.png?lm=1,1999-05-09,153,7
4194,Lasse Nordås,2500000.0,18.0,Centre-Forward,Norway,https://tmssl.akamaized.net//images/flagge/verysmall/125.png?lm=1520611569,https://img.a.transfermarkt.technology/portrait/medium/781270-1707922041.jpg?lm=1,2002-02-10,153,7
4195,Ronald Koeman Jr.,650000.0,1.0,Goalkeeper,Netherlands,https://tmssl.akamaized.net//images/flagge/verysmall/122.png?lm=1520611569,https://img.a.transfermarkt.technology/portrait/medium/271549-1768294767.JPG?lm=1,1995-05-23,154,7
4196,Daan Reiziger,100000.0,20.0,Goalkeeper,Netherlands,https://tmssl.akamaized.net//images/flagge/verysmall/122.png?lm=1520611569,https://img.a.transfermarkt.technology/portrait/medium/412946-1768295385.JPG?lm=1,2001-06-18,154,7
4197,Tyrick Bodak,25000.0,13.0,Goalkeeper,Curacao,https://tmssl.akamaized.net//images/flagge/verysmall/260.png?lm=1520611569,https://img.a.transfermarkt.technology/portrait/medium/663961-1768295206.JPG?lm=1,2002-05-15,154,7
4198,Guus Offerhaus,600000.0,4.0,Centre-Back,Netherlands,https://tmssl.akamaized.net//images/flagge/verysmall/122.png?lm=1520611569,https://img.a.transfermarkt.technology/portrait/medium/590777-1768294845.JPG?lm=1,2001-01-03,154,7
4199,Neville Ogidi Nwankwo,500000.0,14.0,Centre-Back,Netherlands,https://tmssl.akamaized.net//images/flagge/verysmall/122.png?lm=1520611569,https://img.a.transfermarkt.technology/portrait/medium/951398-1768294891.JPG?lm=1,2002-10-08,154,7
4200,Devon Koswal,500000.0,21.0,Centre-Back,Suriname,https://tmssl.akamaized.net//images/flagge/verysmall/161.png?lm=1520611569,https://img.a.transfermarkt.technology/portrait/medium/748604-1768295424.JPG?lm=1,2003-08-21,154,7
4201,Danny Bakker,450000.0,6.0,Centre-Back,Netherlands,https://tmssl.akamaized.net//images/flagge/verysmall/122.png?lm=1520611569,https://img.a.transfermarkt.technology/portrait/medium/250440-1768294965.JPG?lm=1,1995-01-16,154,7
4202,Dion Malone,75000.0,29.0,Centre-Back,Suriname,https://tmssl.akamaized.net//images/flagge/verysmall/161.png?lm=1520611569,https://img.a.transfermarkt.technology/portrait/medium/84405-1768295568.jpg?lm=1,1989-02-13,154,7
4203,Abdelraffie Benzzine,50000.0,24.0,Centre-Back,Netherlands,https://tmssl.akamaized.net//images/flagge/verysmall/122.png?lm=1520611569,https://img.a.transfermarkt.technology/portrait/medium/1086915-1755508701.jpg?lm=1,2006-04-04,154,7
4204,Yamano Olfers,50000.0,25.0,Centre-Back,Suriname,https://tmssl.akamaized.net//images/flagge/verysmall/161.png?lm=1520611569,https://img.a.transfermarkt.technology/portrait/medium/1086920-1755508751.jpg?lm=1,2006-08-02,154,7
4205,Gerald Alders,700000.0,3.0,Right-Back,Netherlands,https://tmssl.akamaized.net//images/flagge/verysmall/122.png?lm=1520611569,https://img.a.transfermarkt.technology/portrait/medium/891854-1738694528.jpg?lm=1,2005-05-07,154,7
4206,Cedric Hatenboer,1000000.0,23.0,Defensive Midfield,Netherlands,https://tmssl.akamaized.net//images/flagge/verysmall/122.png?lm=1520611569,https://img.a.transfermarkt.technology/portrait/medium/682568-1768295695.png?lm=1,2005-03-19,154,7
4207,Nils Rossen,600000.0,17.0,Defensive Midfield,Netherlands,https://tmssl.akamaized.net//images/flagge/verysmall/122.png?lm=1520611569,https://img.a.transfermarkt.technology/portrait/medium/694039-1768295313.JPG?lm=1,2004-08-01,154,7
4208,Tyrone Owusu,550000.0,8.0,Central Midfield,Netherlands,https://tmssl.akamaized.net//images/flagge/verysmall/122.png?lm=1520611569,https://img.a.transfermarkt.technology/portrait/medium/461644-1768295043.JPG?lm=1,1999-03-05,154,7
4209,Rojendro Oudsten,100000.0,28.0,Central Midfield,Suriname,https://tmssl.akamaized.net//images/flagge/verysmall/161.png?lm=1520611569,https://img.a.transfermarkt.technology/portrait/medium/1104231-1768295511.JPG?lm=1,2007-11-12,154,7
4210,Tyrese Noslin,750000.0,11.0,Right Midfield,Curacao,https://tmssl.akamaized.net//images/flagge/verysmall/260.png?lm=1520611569,https://img.a.transfermarkt.technology/portrait/medium/708005-1768295165.JPG?lm=1,2002-09-11,154,7
4211,Adil Lechkar,150000.0,15.0,Right Midfield,Netherlands,https://tmssl.akamaized.net//images/flagge/verysmall/122.png?lm=1520611569,https://img.a.transfermarkt.technology/portrait/medium/1006923-1768295243.JPG?lm=1,2001-09-02,154,7
4212,Jeff Hardeveld,450000.0,2.0,Left Midfield,Netherlands,https://tmssl.akamaized.net//images/flagge/verysmall/122.png?lm=1520611569,https://img.a.transfermarkt.technology/portrait/medium/263555-1768294806.JPG?lm=1,1995-02-27,154,7
4213,Nigel Ogidi Nwankwo,150000.0,5.0,Left Midfield,Netherlands,https://tmssl.akamaized.net//images/flagge/verysmall/122.png?lm=1520611569,https://img.a.transfermarkt.technology/portrait/medium/399350-1768294928.JPG?lm=1,1998-08-04,154,7
4214,Jochem Ritmeester van de Kamp,1300000.0,39.0,Attacking Midfield,Netherlands,https://tmssl.akamaized.net//images/flagge/verysmall/122.png?lm=1520611569,https://img.a.transfermarkt.technology/portrait/medium/865281-1768295609.JPG?lm=1,2003-11-02,154,7
4215,Patrick Brouwer,500000.0,27.0,Attacking Midfield,Netherlands,https://tmssl.akamaized.net//images/flagge/verysmall/122.png?lm=1520611569,https://img.a.transfermarkt.technology/portrait/medium/593824-1768295464.JPG?lm=1,2001-03-19,154,7
4216,Dylan Mertens,300000.0,16.0,Attacking Midfield,Netherlands,https://tmssl.akamaized.net//images/flagge/verysmall/122.png?lm=1520611569,https://img.a.transfermarkt.technology/portrait/medium/322616-1768295277.jpg?lm=1,1995-07-20,154,7
4217,Nökkvi Thórisson,500000.0,19.0,Centre-Forward,Iceland,https://tmssl.akamaized.net//images/flagge/verysmall/73.png?lm=1520611569,https://img.a.transfermarkt.technology/portrait/medium/381349-1753439100.jpg?lm=1,1999-08-13,154,7
4218,Soufiane Hetli,450000.0,7.0,Centre-Forward,Netherlands,https://tmssl.akamaized.net//images/flagge/verysmall/122.png?lm=1520611569,https://img.a.transfermarkt.technology/portrait/medium/779752-1768295005.JPG?lm=1,2001-05-30,154,7
4219,Sem van Duijn,400000.0,37.0,Centre-Forward,Netherlands,https://tmssl.akamaized.net//images/flagge/verysmall/122.png?lm=1520611569,https://img.a.transfermarkt.technology/portrait/medium/926491-1744829339.jpg?lm=1,2004-03-18,154,7
4220,Kay Tejan,300000.0,30.0,Centre-Forward,Netherlands,https://tmssl.akamaized.net//images/flagge/verysmall/122.png?lm=1520611569,https://img.a.transfermarkt.technology/portrait/medium/442885-1768295652.jpg?lm=1,1997-02-03,154,7
4221,Jelani Seedorf,200000.0,9.0,Centre-Forward,Netherlands,https://tmssl.akamaized.net//images/flagge/verysmall/122.png?lm=1520611569,https://img.a.transfermarkt.technology/portrait/medium/default.jpg?lm=1,2004-12-12,154,7
4222,Joël Drommel,2500000.0,,Goalkeeper,Netherlands,https://tmssl.akamaized.net//images/flagge/verysmall/122.png?lm=1520611569,https://img.a.transfermarkt.technology/portrait/medium/333640-1755697928.jpg?lm=1,1996-11-16,155,7
4223,Filip Bednarek,200000.0,,Goalkeeper,Poland,https://tmssl.akamaized.net//images/flagge/verysmall/135.png?lm=1520611569,https://img.a.transfermarkt.technology/portrait/medium/155158-1755697973.jpg?lm=1,1992-09-26,155,7
4224,Pascal Kuiper,75000.0,,Goalkeeper,Netherlands,https://tmssl.akamaized.net//images/flagge/verysmall/122.png?lm=1520611569,https://img.a.transfermarkt.technology/portrait/medium/796490-1755698026.jpg?lm=1,2004-03-17,155,7
4225,Marvin Young,5000000.0,,Centre-Back,Netherlands,https://tmssl.akamaized.net//images/flagge/verysmall/122.png?lm=1520611569,https://img.a.transfermarkt.technology/portrait/medium/928592-1753438919.jpg?lm=1,2005-10-02,155,7
4226,Teo Quintero,1000000.0,,Centre-Back,Venezuela,https://tmssl.akamaized.net//images/flagge/verysmall/182.png?lm=1520611569,https://img.a.transfermarkt.technology/portrait/medium/627069-1755698080.jpg?lm=1,1999-03-02,155,7
4227,Bruno Martins Indi,400000.0,,Centre-Back,Netherlands,https://tmssl.akamaized.net//images/flagge/verysmall/122.png?lm=1520611569,https://img.a.transfermarkt.technology/portrait/medium/112052-1753439131.jpg?lm=1,1992-02-08,155,7
4228,Max de Ligt,75000.0,,Centre-Back,Netherlands,https://tmssl.akamaized.net//images/flagge/verysmall/122.png?lm=1520611569,https://img.a.transfermarkt.technology/portrait/medium/804775-1755698125.jpg?lm=1,2004-07-20,155,7
4229,Patrick van Aanholt,300000.0,,Left-Back,Netherlands,https://tmssl.akamaized.net//images/flagge/verysmall/122.png?lm=1520611569,https://img.a.transfermarkt.technology/portrait/medium/52119-1755697878.jpg?lm=1,1990-08-29,155,7
4230,Mike Kleijn,250000.0,,Left-Back,Netherlands,https://tmssl.akamaized.net//images/flagge/verysmall/122.png?lm=1520611569,https://img.a.transfermarkt.technology/portrait/medium/738516-1723809457.jpg?lm=1,2005-02-09,155,7
4231,Giannino Vianello,150000.0,,Left-Back,Netherlands,https://tmssl.akamaized.net//images/flagge/verysmall/122.png?lm=1520611569,https://img.a.transfermarkt.technology/portrait/medium/1102425-1767974476.jpg?lm=1,2007-06-10,155,7
4232,Shurandy Sambo,1500000.0,,Right-Back,Curacao,https://tmssl.akamaized.net//images/flagge/verysmall/260.png?lm=1520611569,https://img.a.transfermarkt.technology/portrait/medium/412937-1674213037.jpg?lm=1,2001-08-19,155,7
4233,Lushendry Martes,1500000.0,,Right-Back,Netherlands,https://tmssl.akamaized.net//images/flagge/verysmall/122.png?lm=1520611569,https://img.a.transfermarkt.technology/portrait/medium/default.jpg?lm=1,2008-05-06,155,7
4234,Saïd Bakari,400000.0,,Right-Back,Comoros,https://tmssl.akamaized.net//images/flagge/verysmall/35.png?lm=1520611569,https://img.a.transfermarkt.technology/portrait/medium/524687-1723809305.jpg?lm=1,1994-09-22,155,7
4235,Joshua Kitolano,2500000.0,,Defensive Midfield,Norway,https://tmssl.akamaized.net//images/flagge/verysmall/125.png?lm=1520611569,https://img.a.transfermarkt.technology/portrait/medium/432694-1755698220.jpg?lm=1,2001-08-03,155,7
4236,Alwande Roaldsøy,1000000.0,,Central Midfield,Norway,https://tmssl.akamaized.net//images/flagge/verysmall/125.png?lm=1520611569,https://img.a.transfermarkt.technology/portrait/medium/670105-1712147732.jpg?lm=1,2004-06-09,155,7
4237,Julian Baas,700000.0,,Central Midfield,Netherlands,https://tmssl.akamaized.net//images/flagge/verysmall/122.png?lm=1520611569,https://img.a.transfermarkt.technology/portrait/medium/616340-1723809906.jpg?lm=1,2002-04-16,155,7
4238,Pelle Clement,650000.0,,Central Midfield,Netherlands,https://tmssl.akamaized.net//images/flagge/verysmall/122.png?lm=1520611569,https://img.a.transfermarkt.technology/portrait/medium/297693-1755698280.jpg?lm=1,1996-05-19,155,7
4239,Jonathan de Guzmán,50000.0,,Central Midfield,Netherlands,https://tmssl.akamaized.net//images/flagge/verysmall/122.png?lm=1520611569,https://img.a.transfermarkt.technology/portrait/medium/31067-1755698320.jpg?lm=1,1987-09-13,155,7
4240,Ayoni Santos,1300000.0,,Attacking Midfield,Cape Verde,https://tmssl.akamaized.net//images/flagge/verysmall/32.png?lm=1520611569,https://img.a.transfermarkt.technology/portrait/medium/1064184-1774295425.jpg?lm=1,2005-07-18,155,7
4241,Vito van Crooij,1000000.0,,Attacking Midfield,Netherlands,https://tmssl.akamaized.net//images/flagge/verysmall/122.png?lm=1520611569,https://img.a.transfermarkt.technology/portrait/medium/312493-1764337154.png?lm=1,1996-01-29,155,7
4242,Jens Toornstra,300000.0,,Attacking Midfield,Netherlands,https://tmssl.akamaized.net//images/flagge/verysmall/122.png?lm=1520611569,https://img.a.transfermarkt.technology/portrait/medium/134999-1753439057.jpg?lm=1,1989-04-04,155,7
4243,Shunsuke Mito,2000000.0,,Left Winger,Japan,https://tmssl.akamaized.net//images/flagge/verysmall/77.png?lm=1520611569,https://img.a.transfermarkt.technology/portrait/medium/566013-1755698448.jpg?lm=1,2002-09-28,155,7
4244,Casper Terho,1500000.0,,Right Winger,Finland,https://tmssl.akamaized.net//images/flagge/verysmall/49.png?lm=1520611569,https://img.a.transfermarkt.technology/portrait/medium/679597-1714468998.png?lm=1,2003-06-24,155,7
4245,Mitchell van Bergen,1000000.0,,Right Winger,Netherlands,https://tmssl.akamaized.net//images/flagge/verysmall/122.png?lm=1520611569,https://img.a.transfermarkt.technology/portrait/medium/393239-1764689884.png?lm=1,1999-08-27,155,7
4246,Tobias Lauritsen,3500000.0,,Centre-Forward,Norway,https://tmssl.akamaized.net//images/flagge/verysmall/125.png?lm=1520611569,https://img.a.transfermarkt.technology/portrait/medium/272206-1723809264.jpg?lm=1,1997-08-30,155,7
4247,Milan Zonneveld,300000.0,,Centre-Forward,Netherlands,https://tmssl.akamaized.net//images/flagge/verysmall/122.png?lm=1520611569,https://img.a.transfermarkt.technology/portrait/medium/818445-1768295080.JPG?lm=1,2003-10-08,155,7
